DATE,SEMIMAJOR_AXIS,PERIAPSIS,APOAPSIS,DOT_SEMIMAJOR_AXIS,DOT_PERIAPSIS,DOT_APOAPSIS
2009-09-24,7096.947673863773,714.0540806415015,723.5712670860428,,,
2009-09-25,7096.907107182105,713.916498747362,723.6277156168488,-0.040566681667769444,-0.1375818941395437,0.05644853080605117
2009-09-26,7096.8879156322755,713.7973101812261,723.7085210833247,-0.019191549829884025,-0.11918856613590378,0.08080546647590836
2009-09-27,7096.866051167185,713.6108783944171,723.8512239399522,-0.02186446509040252,-0.1864317868089529,0.14270285662746574
2009-09-28,7096.84344612226,713.4164003083885,724.0004919361304,-0.02260504492551263,-0.1944780860286528,0.14926799617819597
2009-09-29,7096.8398471128185,713.6274587901241,723.7822354355123,-0.003599009441131784,0.21105848173567665,-0.2182565006180539
2009-09-30,7096.8430611099675,713.7568382289558,723.6592839909787,0.003213997149032366,0.12937943883162006,-0.12295144453366902
2009-10-01,7096.835977593041,714.2507588907919,723.1511962952884,-0.007083516926286393,0.49392066183611405,-0.5080876956902785
2009-10-02,7096.840962335509,714.1356734640162,723.2762512070001,0.004984742467968317,-0.11508542677563582,0.12505491171168615
2009-10-03,7096.857867818861,713.3681314506214,724.0776041871019,0.01690548335227504,-0.7675420133948592,0.8013529801017967
2009-10-04,7096.854977694894,712.9942773948043,724.445677994983,-0.002890123967517866,-0.3738540558171053,0.36807380788116006
2009-10-05,7096.852855819552,713.6346688893183,723.8010427497854,-0.0021218753417997505,0.6403914945140059,-0.6446352451976054
2009-10-06,7096.845831958859,713.4606324466647,723.9610314710517,-0.007023860693152528,-0.17403644265357343,0.1599887212662452
2009-10-07,7096.833095707525,713.3357455430029,724.0604458720463,-0.012736251333990367,-0.12488690366183164,0.09941440099464671
2009-10-08,7096.836622335207,713.8540208569426,723.5492238134693,0.003526627681821992,0.5182753139397391,-0.5112220585770046
2009-10-09,7096.841183710647,713.3140086293795,724.0983587919138,0.0045613754400619655,-0.5400122275631247,0.5491349784444992
2009-10-10,7096.834505566933,713.9660328960189,723.432978237848,-0.00667814371354325,0.652024266639387,-0.6653805540657913
2009-10-11,7096.841844686913,713.3091295089382,724.1045598648868,0.00733911997940595,-0.6569033870806607,0.6715816270387904
2009-10-12,7096.839824540772,713.5247724429303,723.8848766386133,-0.002020146141148871,0.2156429339920578,-0.21968322627355974
2009-10-13,7096.834775179594,712.8450130492197,724.5545373099663,-0.00504936117795296,-0.679759393710583,0.6696606713530855
2009-10-14,7096.824630521142,713.1242226605676,724.255038381716,-0.01014465845128143,0.2792096113479374,-0.2994989282503866
2009-10-15,7096.838426124754,713.2128973437324,724.1939549057731,0.013795603611470142,0.08867468316475424,-0.06108347594283714
2009-10-16,7096.831906473581,713.2863442097758,724.1074687373849,-0.006519651173221064,0.07344686604346862,-0.08648616838820544
2009-10-17,7096.83858587587,713.0931573694265,724.3140143823133,0.0066794022895919625,-0.19318684034931266,0.2065456449283829
2009-10-18,7096.826456200454,713.611735499049,723.7711769018597,-0.012129675415962993,0.5185781296224832,-0.5428374804536134
2009-10-19,7096.821362490465,713.1384978658496,724.2342271150794,-0.0050937099895236315,-0.4732376331994601,0.4630502132197307
2009-10-20,7096.8205328497115,712.893035324479,724.4780303749443,-0.000829640753181593,-0.24546254137055712,0.24380325986487605
2009-10-21,7096.8240050984405,713.3414612498299,724.0365489470508,0.0034722487289400306,0.44842592535087533,-0.44148142789345
2009-10-22,7096.809789161578,713.4478227735731,723.9017555495818,-0.014215936862456147,0.10636152374320318,-0.13479339746902497
2009-10-23,7096.823611283259,713.2007498000382,724.1764727664796,0.013822121681187127,-0.24707297353484137,0.27471721689778406
2009-10-24,7096.8204845482815,713.1525530613425,724.2184160352215,-0.0031267349777408526,-0.04819673869576491,0.04194326874187482
2009-10-25,7096.818170117484,713.1915039700561,724.1748362649118,-0.002314430797014211,0.038950908713673016,-0.043579770309634114
2009-10-26,7096.824454484506,714.4082293200859,722.9706796489256,0.006284367021180515,1.2167253500297193,-1.2041566159862214
2009-10-27,7096.818182004403,713.6359249133615,723.730439095444,-0.006272480102779809,-0.7723044067244018,0.7597594465183874
2009-10-28,7096.82196168078,713.3988407851404,723.9750825764204,0.003779676377234864,-0.23708412822111313,0.24464348097637867
2009-10-29,7096.838989320799,713.5819608626209,723.8260177789753,0.01702764001856849,0.18312007748056658,-0.1490647974451349
2009-10-30,7096.806044172272,713.3872734540133,723.954814890531,-0.03294514852677821,-0.19468740860759226,0.12879711155574114
2009-10-31,7096.804104479435,712.5684632693685,724.7697456895016,-0.001939692836458562,-0.8188101846448035,0.8149307989706358
2009-11-01,7096.806701869352,712.8636419648018,724.4797617739015,0.002597389916445536,0.2951786954332647,-0.28998391560014625
2009-11-02,7096.815552030024,713.3862775784762,723.974826481572,0.008850160672409402,0.5226356136744243,-0.5049352923294919
2009-11-03,7096.816552906934,711.5028109783102,725.8602948355565,0.0010008769095293246,-1.8834666001660025,1.8854683539844928
2009-11-04,7096.809482064921,711.6319049856187,725.7170591442236,-0.0070708420125811244,0.1290940073084812,-0.14323569133284764
2009-11-05,7096.820696407558,712.7975815710179,724.5738112440973,0.011214342636776564,1.1656765853991828,-1.1432479001263118
2009-11-06,7096.805495371429,712.3510944360114,724.9898963068471,-0.015201036128928536,-0.4464871350064641,0.4160850627497439
2009-11-07,7096.818354856526,712.5524523728441,724.8142573402073,0.012859485096669232,0.20135793683266456,-0.17563896663978085
2009-11-08,7096.809568912237,713.648988260839,723.700149563636,-0.008785944288320024,1.0965358879949463,-1.1141077765712453
2009-11-09,7096.804115697037,712.6671919393854,724.6710394546874,-0.005453215200759587,-0.9817963214536576,0.9708898910513426
2009-11-10,7096.8096816670695,713.1888411775386,724.1605221566001,0.005565970032876066,0.5216492381532589,-0.5105172980872794
2009-11-11,7096.808926834199,712.229717886689,725.1181357817089,-0.000754832870370592,-0.959123290849675,0.9576136251088201
2009-11-12,7096.806509352473,712.6123753410102,724.7306433639349,-0.00241748172629741,0.3826574543212473,-0.3874924177740695
2009-11-13,7096.833658825201,712.2223911938337,725.1749264565672,0.027149472728524415,-0.38998414717650576,0.44428309263230403
2009-11-14,7096.806722716167,712.3439727900097,724.9994726423245,-0.026936109034068068,0.1215815961760427,-0.1754538142427009
2009-11-15,7096.80349852436,711.9300500045449,725.4069470441751,-0.0032241918070212705,-0.41392278546481975,0.4074744018506635
2009-11-16,7096.796313340812,712.5703859350158,724.7522407466083,-0.007185183548244822,0.6403359304708829,-0.6547062975668041
2009-11-17,7096.80280990434,712.7167309153707,724.6188888933098,0.006496563528344268,0.14634498035491106,-0.13335185329856358
2009-11-18,7096.800128509437,712.448030859092,724.8822261597832,-0.0026813949034476536,-0.2687000562787034,0.2633372664733997
2009-11-19,7096.801101868179,711.8326224970401,725.4995812393183,0.0009733587421578704,-0.6154083620518804,0.617355079535173
2009-11-20,7096.8022414496345,711.860754016723,725.4737288825464,0.0011395814553907258,0.028131519682915496,-0.02585235677190667
2009-11-21,7096.801747613836,712.6925385260043,724.6409567016674,-0.0004938357988066855,0.8317845092813059,-0.8327721808790329
2009-11-22,7096.80446036989,712.8772102087088,724.4617105310703,0.0027127560542794527,0.18467168270444745,-0.1792461705971391
2009-11-23,7096.800859342613,712.653690130685,724.6780285545407,-0.0036010272769999574,-0.2235200780237392,0.2163180234704214
2009-11-24,7096.790916919284,712.2592390568949,725.0525947816731,-0.009942423328539007,-0.394451073790151,0.37456622713239085
2009-11-25,7096.817827137887,712.8950684367801,724.4705858389948,0.026910218603006797,0.6358293798851946,-0.5820089426782715
2009-11-26,7096.786623640888,712.0726687948338,725.230578486941,-0.031203496999296476,-0.8223996419462765,0.7599926479462056
2009-11-27,7096.798740072919,712.4783931648055,724.8490869810325,0.012116432030779833,0.4057243699717219,-0.38149150590845693
2009-11-28,7096.790877126598,711.7542185132844,725.5575357399125,-0.007862946320528863,-0.7241746515211389,0.7084487588799675
2009-11-29,7096.791211929571,712.7384228435371,724.5740010156045,0.0003348029722474166,0.9842043302527372,-0.983534724308015
2009-11-30,7096.79059770037,711.9432888260151,725.3679065747256,-0.0006142292004369665,-0.7951340175220594,0.7939055591210717
2009-12-01,7096.786377791611,712.421653807008,724.8811017762132,-0.0042199087592962314,0.4783649809929784,-0.4868047985123667
2009-12-02,7096.788529662973,711.7523229072459,725.5547364186986,0.0021518713620025665,-0.6693308997621443,0.6736346424853537
2009-12-03,7096.781297446664,712.7642656099173,724.5283292834106,-0.007232216308693751,1.0119427026713765,-1.0264071352879682
2009-12-04,7096.782713506845,712.4789780505761,724.8164489631118,0.001416060180417844,-0.28528755934121364,0.2881196797012535
2009-12-05,7096.785374561035,712.7522362362366,724.5485128858326,0.0026610541899572127,0.27325818566055204,-0.2679360772792734
2009-12-06,7096.776968970685,711.6061964964981,725.6777414448701,-0.008405590349866543,-1.1460397397385123,1.1292285590375286
2009-12-07,7096.781786823182,712.3438164059875,724.9497572403759,0.004817852497581043,0.7376199094893536,-0.7279842044941915
2009-12-08,7096.7758257109335,712.4168547584654,724.8647966634003,-0.005961112248769496,0.07303835247796542,-0.0849605769756181
2009-12-09,7096.78554735962,712.216601582384,725.0844931368562,0.009721648686536355,-0.20025317608144633,0.21969647345588328
2009-12-10,7096.780921188803,712.1318461195348,725.1599962580714,-0.004626170816663944,-0.0847554628492162,0.07550312121520619
2009-12-11,7096.817875603396,712.5704001196527,724.7953510871392,0.03695441459240101,0.43855400011796064,-0.36464517093213544
2009-12-12,7096.779808513626,712.4985553689671,724.7910616582845,-0.038067089769356244,-0.07184475068561369,-0.004289428854690414
2009-12-13,7096.777691416634,712.9444057189938,724.3409771142751,-0.002117096992151346,0.445850350026717,-0.4500845440094281
2009-12-14,7096.777653393258,712.0785704644975,725.2067363220191,-3.8023375964257866e-05,-0.8658352544963464,0.8657592077439631
2009-12-15,7096.777277568131,711.74306282191,725.5414923143514,-0.00037582512777589727,-0.3355076425874586,0.33475599233236153
2009-12-16,7096.7823777806025,712.3327076321817,724.962047929024,0.005100212471916166,0.5896448102716931,-0.579444385327406
2009-12-17,7096.774204975313,712.9824640059808,724.2959459446462,-0.008172805289177631,0.6497563737990504,-0.6661019843778604
2009-12-18,7096.773525736131,712.4696613771241,724.807390095137,-0.0006792391823182697,-0.5128026288566616,0.5114441504907745
2009-12-19,7096.776019800861,711.4703793559839,725.8116602457378,0.0024940647299445118,-0.999282021140175,1.0042701506008598
2009-12-20,7096.774167558333,712.1161508536939,725.1621842629708,-0.0018522425280025345,0.6457714977099158,-0.6494759827670578
2009-12-21,7096.7680161479875,712.8139043049623,724.4521279910118,-0.006151410345410113,0.6977534512684542,-0.7100562719589334
2009-12-22,7096.774106921939,712.6951507587889,724.5830630850882,0.006090773951655137,-0.11875354617336598,0.1309350940763352
2009-12-23,7096.768313768468,712.8111250438515,724.4555024930838,-0.005793153471131518,0.11597428506252072,-0.127560592004329
2009-12-24,7096.768819905455,712.6814130853307,724.5862267255771,0.0005061369865870802,-0.1297119585207156,0.13072423249332132
2009-12-25,7096.768295447674,712.1192177088816,725.1473731864646,-0.0005244577805569861,-0.5621953764491536,0.5611464608874712
2009-12-26,7096.7709617000355,712.2063499669358,725.065573433134,0.0026662523614504607,0.08713225805422553,-0.08179975333064249
2009-12-27,7096.76140400406,712.1019764819574,725.1508315261606,-0.009557695975672686,-0.10437348497839594,0.08525809302659582
2009-12-28,7096.763806408607,712.9351561834462,724.3224566337665,0.0024024045469559496,0.8331797014888025,-0.8283748923940948
2009-12-29,7096.763060253922,713.3315246303468,723.9245958774982,-0.0007461546847480349,0.3963684469006239,-0.397860756268301
2009-12-30,7096.764941431773,713.1321990550513,724.127683808495,0.0018811778509189025,-0.1993255752955747,0.20308793099684408
2009-12-31,7096.757596494219,713.3452289331731,723.8999640552651,-0.0073449375540803885,0.21302987812180163,-0.2277197532299624
2010-01-01,7096.7667664997725,712.9042118191948,724.3593211803493,0.009170005553642113,-0.4410171139783188,0.45935712508423876
2010-01-02,7096.758184487462,713.2354841515383,724.0108848233859,-0.008582012310398568,0.33127233234358755,-0.3484363569633615
2010-01-03,7096.760808674087,713.1861637279868,724.0654536201858,0.0026241866244163248,-0.049320423551534986,0.05456879679991289
2010-01-04,7096.753313281582,713.4878477816593,723.7487787815058,-0.0074953925040972535,0.3016840536724885,-0.3166748386800009
2010-01-05,7096.74884945227,712.9964268618403,724.2312720427012,-0.004463829312044254,-0.4914209198190065,0.4824932611953727
2010-01-06,7096.753051926338,713.4993879670326,723.7367158856423,0.004202474067824369,0.5029611051922984,-0.4945561570589234
2010-01-07,7096.741232050941,714.6394650137091,722.5729990881724,-0.011819875397122814,1.140077046676538,-1.163716797469874
2010-01-08,7096.737472583579,714.6437776714877,722.5611674956685,-0.0037594673622152186,0.0043126577785415066,-0.011831592503881438
2010-01-09,7096.754538737161,712.1215426737781,725.1175348005434,0.01706615358216368,-2.5222349977095746,2.5563673048748115
2010-01-10,7096.751519442289,713.0865021420492,724.1465367425279,-0.003019294872501632,0.964959468271104,-0.9709980580154252
2010-01-11,7096.758323659932,712.5150492416011,724.7315980782637,0.006804217643548327,-0.5714529004480937,0.5850613357357588
2010-01-12,7096.749410391439,713.69515144387,723.5336693390062,-0.008913268493415671,1.1801022022689267,-1.1979287392574633
2010-01-13,7096.7426036013685,714.1991070960116,723.0161001067266,-0.006806790070186253,0.5039556521415989,-0.517569232279584
2010-01-14,7096.745954223327,713.7808368681682,723.441071578486,0.003350621958816191,-0.41827022784343626,0.42497147175936334
2010-01-15,7096.74085308613,712.9057724065758,724.3059337656834,-0.0051011371970162145,-0.8750644615923875,0.8648621871974456
2010-01-16,7096.734194324455,713.8332295889622,723.365159059946,-0.00665876167568058,0.9274571823864335,-0.9407747057374536
2010-01-17,7096.738827637158,713.9795833054438,723.22807196887,0.004633312702935655,0.1463537164815989,-0.13708709107595496
2010-01-18,7096.742114720179,713.7742733225015,723.4399561178566,0.0032870830218598712,-0.20530998294236724,0.21188414898654173
2010-01-19,7096.742597141662,712.8793764091483,724.335817874176,0.00048242148295685183,-0.8948969133531364,0.8958617563193911
2010-01-20,7096.739344749792,713.9234711196467,723.285218379936,-0.003252391870773863,1.0440947104983707,-1.0505994942399184
2010-01-21,7096.740392197751,713.8621284327679,723.3486559627337,0.0010474479595359298,-0.0613426868787883,0.06343758279763279
2010-01-22,7096.781496894525,713.5702367022668,723.722757086783,0.04110469677380024,-0.2918917305011064,0.3741011240492753
2010-01-23,7096.733487070844,713.3627761719106,723.8341979697768,-0.04800982368124096,-0.20746053035622936,0.11144088299386112
2010-01-24,7096.732145471135,713.6785960170711,723.5156949251984,-0.0013415997091215104,0.31581984516049033,-0.3185030445783923
2010-01-25,7096.724789254689,713.0577053813929,724.1218731279857,-0.0073562164452596335,-0.6208906356781654,0.606178202787305
2010-01-26,7096.725504497978,712.6043395376363,724.5766694583201,0.0007152432890507043,-0.4533658437566146,0.45479633033437494
2010-01-27,7096.719154097703,713.4488314129479,723.7194767824569,-0.006350400275550783,0.8444918753116326,-0.8571926758631889
2010-01-28,7096.7291084977505,713.9833044663085,723.2049125291924,0.009954400047718082,0.5344730533605571,-0.5145642532645525
2010-01-29,7096.728799055974,713.7921094766987,723.3954886352495,-0.00030944177615310764,-0.19119498960981218,0.1905761060571649
2010-01-30,7096.72454789836,713.6056880109561,723.5734077857621,-0.0042511576148172026,-0.18642146574256913,0.17791915051259366
2010-01-31,7096.725171739469,713.1122727029309,724.0680707760062,0.0006238411097001517,-0.49341530802519173,0.4946629902440236
2010-02-01,7096.724437699025,713.1459987186407,724.0328766794084,-0.0007340404445130844,0.03372601570981715,-0.03519409659770645
2010-02-02,7096.7331804796395,713.4851738828082,723.7111870764697,0.008742780614738876,0.33917516416750004,-0.3216896029387044
2010-02-03,7096.724271444788,713.4453367726244,723.7332061169516,-0.008909034851058095,-0.039837110183839286,0.022019040481836782
2010-02-04,7096.719820146042,713.0272201828228,724.1424201092618,-0.004451298746062093,-0.4181165898015706,0.40921399231024225
2010-02-05,7096.721141109245,713.1857945438747,723.9864876746145,0.0013209632024882012,0.158574361051933,-0.15593243464729767
2010-02-06,7096.717244826844,713.2467312491643,723.9177584045224,-0.003896282401001372,0.06093670528957773,-0.06872927009214891
2010-02-07,7096.720255153934,713.3769083832193,723.7936019246486,0.00301032709012361,0.13017713405497489,-0.12415647987381817
2010-02-08,7096.713925824342,713.7903374281159,723.3675142205685,-0.006329329591608257,0.4134290448965885,-0.4260877040800324
2010-02-09,7096.711816581848,712.9823323808155,724.1713007828802,-0.0021092424940434285,-0.8080050473004121,0.8037865623116431
2010-02-10,7096.703469647697,713.6792720366195,723.457667258773,-0.008346934151632013,0.6969396558040444,-0.7136335241071947
2010-02-11,7096.716245589979,713.3726243500105,723.7898668299471,0.012775942282132746,-0.30664768660903974,0.33219957117410104
2010-02-12,7096.701079423121,713.5671389829387,723.5650198633023,-0.015166166857852659,0.1945146329281897,-0.22484696664480452
2010-02-13,7096.709894136608,712.6047125034659,724.5450757697507,0.00881471348748164,-0.9624264794728106,0.980055906448456
2010-02-14,7096.708856600938,712.9797170000211,724.1679962018535,-0.0010375356705480954,0.3750044965552206,-0.3770795678972263
2010-02-15,7096.701937331537,712.9810533086142,724.1528213544586,-0.006919269400896155,0.0013363085930677698,-0.01517484739486008
2010-02-16,7096.699053405917,714.2407701659157,722.8873366459179,-0.0028839256201536045,1.2597168573015551,-1.2654847085407255
2010-02-17,7096.696630180224,712.4072927157341,724.7159676447118,-0.00242322569283715,-1.83347745018159,1.8286309987938694
2010-02-18,7096.699008902194,712.7567587728091,724.3712590315789,0.0023787219697624096,0.34946605707500566,-0.34470861313286605
2010-02-19,7096.694331561808,712.5370767520443,724.5815863715717,-0.0046773403855695506,-0.21968202076482157,0.21032733999277298
2010-02-20,7096.69733935119,713.6259443883093,723.4987343140707,0.003007789381626935,1.0888676362650358,-1.0828520575009861
2010-02-21,7096.69897478789,712.8226262676523,724.3053233081253,0.0016354366998712067,-0.8033181206570816,0.8065889940545503
2010-02-22,7096.694275625931,712.1659318381436,724.9526194137184,-0.004699161958342302,-0.6566944295086614,0.6472961055931137
2010-02-23,7096.685713038285,711.8581566631495,725.2432694134202,-0.008562587646338216,-0.30777517499404894,0.29064999970182726
2010-02-24,7096.677780978804,712.501379183856,724.584182773752,-0.007932059481390752,0.6432225207064448,-0.6590866396682031
2010-02-25,7096.707333791068,712.4619564936027,724.6827110885322,0.029552812264228123,-0.039422690253331893,0.09852831478019652
2010-02-26,7096.68148513329,712.4561907732534,724.6367794933259,-0.025848657777714834,-0.005765720349245385,-0.04593159520629797
2010-02-27,7096.679101198478,712.0851275075103,725.0030748894458,-0.002383934812314692,-0.3710632657431461,0.36629539611988093
2010-02-28,7096.67589157773,712.5312723902047,724.5505107652554,-0.003209620747838926,0.4461448826943979,-0.4525641241904168
2010-03-01,7096.68381636832,713.7640698727562,723.3335628638844,0.007924790589640907,1.2327974825515184,-1.216947901370986
2010-03-02,7096.676092738347,712.8225582485676,724.2596272281265,-0.007723629973042989,-0.9415116241885926,0.9260643642421655
2010-03-03,7096.672031509916,711.1446649551239,725.9293980647095,-0.004061228430146002,-1.6778932934437307,1.669770836582984
2010-03-04,7096.690136765965,711.8858859253626,725.2243876065672,0.018105256048329466,0.7412209702387145,-0.7050104581422829
2010-03-05,7096.67258115107,712.3705346774751,724.7046276246642,-0.017555614895172766,0.4846487521125482,-0.5197599819030074
2010-03-06,7096.667957876873,711.8370052781755,725.2289104755694,-0.004623274197001592,-0.5335293992995958,0.5242828509051378
2010-03-07,7096.671172896108,711.3030165203799,725.7693292718366,0.0032150192355402396,-0.5339887577956688,0.540418796267204
2010-03-08,7096.670242725809,713.1672307595317,723.9032546920855,-0.0009301702993980143,1.8642142391518064,-1.8660745797510572
2010-03-09,7096.664853323387,712.0126850016335,725.0470216451408,-0.005389402421315026,-1.1545457578981768,1.1437669530553194
2010-03-10,7096.672358996382,713.3007862957808,723.7739316969834,0.007505672994739143,1.2881012941472818,-1.2730899481574625
2010-03-11,7096.684676336806,712.7686453266938,724.3307073469173,0.012317340423578571,-0.5321409690869814,0.5567756499339112
2010-03-12,7096.659851951609,712.2796357679038,724.7700681353136,-0.024824385196552612,-0.4890095587900305,0.43936078839635684
2010-03-13,7096.669767499683,711.4395554023997,725.6299795969651,0.00991554807387729,-0.8400803655040363,0.8599114616514498
2010-03-14,7096.663629992776,712.7787812512042,724.2784787343476,-0.006137506907180068,1.3392258488045172,-1.3515008626175131
2010-03-15,7096.657427643462,711.929393250115,725.1154620368093,-0.006202349313753075,-0.8493880010892099,0.8369833024617037
2010-03-16,7096.6702809366725,712.7378451323553,724.3327167409897,0.012853293210355332,0.8084518822403197,-0.782745295819609
2010-03-17,7096.6570400867795,711.9985023788572,725.045577794702,-0.013240849893008999,-0.7393427534981356,0.712861053712345
2010-03-18,7096.659787268061,712.572109038501,724.4774654976213,0.0027471812818475883,0.573606659643815,-0.5681122970806882
2010-03-19,7096.652124126685,711.9395904669997,725.0946577863687,-0.007663141376724525,-0.6325185715013504,0.6171922887473329
2010-03-20,7096.656921792694,712.9645095607383,724.07933402465,0.004797666009835666,1.0249190937386174,-1.015323761718605
2010-03-21,7096.653032629077,711.948721384053,725.0873438741005,-0.0038891636177140754,-1.0157881766853052,1.0080098494504455
2010-03-22,7096.657165026584,712.4864864324231,724.5578436207443,0.004132397507419228,0.5377650483701473,-0.5295002533562183
2010-03-23,7096.648416202502,711.5644454022437,725.4623870027598,-0.008748824082431383,-0.9220410301794573,0.904543382015504
2010-03-24,7096.647115763172,712.2805499308208,724.7436815955234,-0.001300439329497749,0.7161045285771479,-0.7187054072363708
2010-03-25,7096.685443205545,711.8929249850768,725.2079614260132,0.038327442372974474,-0.3876249457440508,0.4642798304897724
2010-03-26,7096.647224798727,712.4508989074806,724.5735506899731,-0.03821840681848698,0.5579739224037894,-0.6344107360400812
2010-03-27,7096.628799227423,711.5324870993794,725.4551113554656,-0.01842557130385103,-0.9184118081011547,0.8815606654925432
2010-03-28,7096.639866118751,712.1462767987081,724.8634554387935,0.011066891328482598,0.6137896993286631,-0.5916559166721527
2010-03-29,7096.638007544399,711.4596221528972,725.546392935902,-0.0018585743518997333,-0.6866546458109042,0.682937497108469
2010-03-30,7096.63740930957,712.6188698002279,724.3859488189125,-0.0005982348293400719,1.1592476473307443,-1.1604441169894244
2010-03-31,7096.637618944209,711.8893946658574,725.1158432225604,0.00020963463884982048,-0.7294751343705457,0.7298944036479043
2010-04-01,7096.641471360493,711.6150924277549,725.3978502932283,0.003852416283734783,-0.27430223810245025,0.28200707066787345
2010-04-02,7096.631161229854,711.4306653264958,725.5616571332116,-0.010310130638572446,-0.18442710125907524,0.1638068399832946
2010-04-03,7096.626398157063,712.9770568847797,724.0057394293453,-0.004763072791320155,1.546391558283858,-1.555917703866271
2010-04-04,7096.633765175001,712.8225408567055,724.1749894932949,0.007367017938122444,-0.1545160280742266,0.169250063949562
2010-04-05,7096.627993062688,711.9462990690527,725.0396870563222,-0.005772112313024991,-0.8762417876528161,0.8646975630273346
2010-04-06,7096.622945733945,711.9027084587705,725.0731830091192,-0.005047328742875834,-0.043590610282194575,0.03349595279701134
2010-04-07,7096.613039234393,712.1583546148331,724.7977238539531,-0.009906499552016612,0.25564615606265306,-0.27545915516611785
2010-04-08,7096.6272265882735,712.3063045845281,724.6781485920175,0.01418735388051573,0.14794996969499152,-0.11957526193566537
2010-04-09,7096.615897197641,712.7139512117078,724.247843183574,-0.011329390632454306,0.4076466271797017,-0.4303054084434734
2010-04-10,7096.604951286275,712.0183055388705,724.9215970336775,-0.010945911366434302,-0.6956456728372586,0.6737538501034805
2010-04-11,7096.61906279783,711.609912204261,725.3582133913981,0.014111511555711331,-0.40839333460951366,0.43661635772059526
2010-04-12,7096.606670941826,712.228979823746,724.714362059907,-0.01239185600388737,0.6190676194850084,-0.6438513314910779
2010-04-13,7096.611246773256,711.9982637693043,724.9542297772085,0.004575831429974642,-0.23071605444170018,0.23986771730153578
2010-04-14,7096.607928042778,712.4402104916134,724.5056455939422,-0.0033187304779858096,0.44194672230901233,-0.4485841832663482
2010-04-15,7096.600527905203,712.6995053924718,724.2315504179342,-0.0074001375751322485,0.25929490085843554,-0.2740951760080179
2010-04-16,7096.652897151661,712.5037661775232,724.5320281257982,0.05236924645760155,-0.1957392149486168,0.30047770786404726
2010-04-17,7096.6070440993735,712.0609017484736,724.8831864502745,-0.045853052287384344,-0.442864429049564,0.35115832447627326
2010-04-18,7096.607572358378,712.2866738037415,724.658470913015,0.000528259004568099,0.22577205526783928,-0.2247155372594989
2010-04-19,7096.602600911267,712.1458968303343,724.7893049921984,-0.0049714471115294145,-0.14077697340712803,0.13083407918338708
2010-04-20,7096.60265956709,712.6529773798054,724.2823417543733,5.8655823522713035e-05,0.5070805494710839,-0.5069632378250617
2010-04-21,7096.596582785948,712.8823085402557,724.0408570316396,-0.0060767811419282225,0.22933116045032875,-0.24148472273373045
2010-04-22,7096.590348973687,712.9384943969026,723.9722035504708,-0.006233812261598359,0.05618585664683451,-0.06865348116878067
2010-04-23,7096.621491570832,713.0107569955608,723.9622261461038,0.031142597145844775,0.07226259865819884,-0.009977404366964038
2010-04-24,7096.600872259758,713.0477184719531,723.8840260475616,-0.02061931107436976,0.03696147639232095,-0.07820009854219734
2010-04-25,7096.58711445219,711.6989667642318,725.2052621401472,-0.013757807568254066,-1.3487517077212487,1.3212360925855364
2010-04-26,7096.5867893709365,712.4239497085324,724.4796290333412,-0.00032508125332242344,0.7249829443005638,-0.725633106805958
2010-04-27,7096.588657263543,712.3991988272415,724.5081156998444,0.0018678926062420942,-0.02475088129085634,0.028486666503226843
2010-04-28,7096.584548163504,712.7793217934337,724.119774533575,-0.004109100038476754,0.3801229661921752,-0.3883411662694698
2010-04-29,7096.565309635605,712.7784929798534,724.0821262913568,-0.019238527898778557,-0.0008288135803695695,-0.037648242218210726
2010-04-30,7096.592322147922,712.5104952908395,724.4041490050025,0.02701251231610513,-0.267997689013896,0.3220227136457652
2010-05-01,7096.590691060469,713.3762621126597,723.5351200082775,-0.0016310874525515828,0.8657668218202161,-0.8690289967249782
2010-05-02,7096.587251426914,712.7750001539949,724.1295026998338,-0.003439633554989996,-0.6012619586647361,0.594382691556234
2010-05-03,7096.582629429937,713.1409021977437,723.7543566621304,-0.004621996977220988,0.365902043748747,-0.37514603770341637
2010-05-04,7096.5739920629585,713.5880849791448,723.2898991467722,-0.008637366978291539,0.4471827814011249,-0.4644575153581627
2010-05-05,7096.5743000504735,713.8700393747374,723.0085607262092,0.00030798751504335087,0.2819543955926065,-0.28133842056297453
2010-05-06,7096.566190070951,712.9660771029509,723.896303038952,-0.008109979522487265,-0.9039622717865541,0.8877423127428301
2010-05-07,7096.617840807711,713.1313544911281,723.8343271242936,0.05165073676016618,0.16527738817728732,-0.061975914658432885
2010-05-08,7096.571674519122,712.046733988126,724.8266150501179,-0.046166288589120086,-1.0846205030021565,0.9922879258242574
2010-05-09,7096.5700199521,713.8332313558438,723.0368085483542,-0.0016545670223422348,1.7864973677178568,-1.7898065017636782
2010-05-10,7096.577455976651,713.4397797089074,723.4451322443952,0.0074360245516800205,-0.3934516469364553,0.4083236960409522
2010-05-11,7096.568355445707,713.3549221643644,723.5117887270492,-0.00910053094412433,-0.08485754454295602,0.06665648265402524
2010-05-12,7096.5552547526695,713.1181690899546,723.7223404153837,-0.013100693037813471,-0.2367530744098758,0.21055168833447624
2010-05-13,7096.568319309452,713.8903607010548,722.9762779178493,0.013064556782410364,0.7721916111001974,-0.7460624975343535
2010-05-14,7096.561486392315,713.0795703850869,723.7734023995416,-0.0068329171372170094,-0.8107903159678926,0.7971244816923218
2010-05-15,7096.556167464925,713.2341664909861,723.6081684388648,-0.005318927389453165,0.15459610589925887,-0.16523396067680096
2010-05-16,7096.557785878597,713.3899055354304,723.4556662217634,0.0016184136720767128,0.1557390444443172,-0.15250221710141432
2010-05-17,7096.547794772893,713.7384132282216,723.087176317566,-0.009991105704102665,0.348507692791145,-0.3684899041974177
2010-05-18,7096.557148063908,713.5562498879813,723.2880462398356,0.009353291015031573,-0.1821633402403222,0.20086992226958955
2010-05-19,7096.55711148052,713.902994669703,722.9412282913364,-3.658338846435072e-05,0.3467447817217817,-0.34681794849916514
2010-05-20,7096.559264730271,712.9390160567802,723.9095134037623,0.002153249751245312,-0.9639786129228014,0.9682851124258605
2010-05-21,7096.552049879143,713.8473172046089,722.9867825536776,-0.007214851128082955,0.908301147828638,-0.9227308500846902
2010-05-22,7096.552416415299,713.3259813195193,723.5088515110782,0.00036653615643444937,-0.5213358850895702,0.5220689574006201
2010-05-23,7096.543837656157,713.4233851734675,723.394290138846,-0.008578759142437775,0.09740385394820805,-0.11456137223217411
2010-05-24,7096.544556311086,713.4788359013938,723.3402767207785,0.0007186549291873234,0.05545072792631345,-0.054013418067484054
2010-05-25,7096.529034092642,713.7041685681932,723.0838996170921,-0.015522218443948077,0.22533266679931785,-0.2563771036864182
2010-05-26,7096.546070328917,713.1807075653,723.6414330925332,0.017036236275089323,-0.5234610028931002,0.5575334754411188
2010-05-27,7096.547647488296,712.9511716253829,723.8741233512089,0.001577159378939541,-0.2295359399171275,0.2326902586756887
2010-05-28,7096.549804730871,713.6949658954495,723.1346435662921,0.0021572425748672686,0.7437942700665872,-0.7394797849168526
2010-05-29,7096.549170951145,713.6810453787873,723.1472965235018,-0.0006337797258311184,-0.013920516662210503,0.012652957209752458
2010-05-30,7096.533869899079,713.8615902190351,722.9361495791223,-0.015301052066206466,0.1805448402477623,-0.2111469443794931
2010-05-31,7096.545228550517,713.2150451128118,723.6054119882219,0.011358651438058587,-0.6465451062232432,0.6692624090995878
2010-06-01,7096.536443225433,713.5919368630907,723.2109495877738,-0.008785325084318174,0.37689175027890087,-0.39446240044810565
2010-06-02,7096.602185517797,713.2856201858741,723.6487508497199,0.06574229236412066,-0.30631667721661415,0.437801261946106
2010-06-03,7096.538406884898,713.562652197765,723.244161572031,-0.06377863289890229,0.27703201189092397,-0.4045892776889559
2010-06-04,7096.570927168458,712.7512144461622,724.1206398907535,0.032520283560188545,-0.8114377516028526,0.8764783187225476
2010-06-05,7096.534410110711,712.2345341674688,724.5642860539542,-0.03651705774700531,-0.5166802786933431,0.4436461632006967
2010-06-06,7096.533678946548,713.1352363879863,723.662121505111,-0.000731164162971254,0.9007022205174735,-0.9021645488431886
2010-06-07,7096.533636033156,713.9944128981523,722.8028591681586,-4.2913392462651245e-05,0.8591765101659803,-0.8592623369523835
2010-06-08,7096.52909300113,713.735977815139,723.0522081871208,-0.004543032026049332,-0.2584350830132962,0.24934901896210704
2010-06-09,7096.523148694357,712.9997895218552,723.7765078668572,-0.005944306773017161,-0.7361882932838171,0.7242996797364185
2010-06-10,7096.523993136148,712.4111941899943,724.3667920823019,0.0008444417917417013,-0.5885953318609154,0.5902842154447399
2010-06-11,7096.528555140716,713.0970672099073,723.690043071524,0.004562004567560507,0.6858730199130605,-0.6767490107779395
2010-06-12,7096.529206839132,711.5937892758284,725.194624402435,0.0006516984158224659,-1.5032779340789375,1.5045813309110372
2010-06-13,7096.53413234574,712.5423072179807,724.2559574734971,0.004925506607833086,0.9485179421523071,-0.9386669289378915
2010-06-14,7096.529736237564,713.07612221813,723.7133502569977,-0.00439610817556968,0.533815000149275,-0.5426072164993911
2010-06-15,7096.521395011686,712.9440577242087,723.8287322991639,-0.008341225878211844,-0.13206449392123432,0.11538204216617487
2010-06-16,7096.513484638202,712.4007337689467,724.3562355074575,-0.00791037348426471,-0.5433239552620535,0.5275032082936377
2010-06-17,7096.52169790755,712.1552236338983,724.6181721812012,0.008213269348743779,-0.24551013504833463,0.26193667374366214
2010-06-18,7096.515361100765,712.1361941621082,724.6245280394219,-0.0063368067849296494,-0.019029471790190655,0.006355858220672417
2010-06-19,7096.507849132337,712.933767407839,723.8119308568355,-0.007511968428843829,0.7975732457308595,-0.8125971825863871
2010-06-20,7096.5225512324205,712.7192636287019,724.0558388361397,0.014702100083923142,-0.21450377913708962,0.24390797930425379
2010-06-21,7096.513016503427,712.3148407790005,724.4411922278543,-0.009534728993457975,-0.40442284970140463,0.38535339171460237
2010-06-22,7096.510062132255,712.8710620195792,723.8790622449305,-0.002954371171654202,0.5562212405786795,-0.5621299829238069
2010-06-23,7096.504459856867,712.3321973265014,724.4067223872312,-0.005602275388810085,-0.5388646930778123,0.5276601423006468
2010-06-24,7096.503004279062,711.3552362960419,725.3807722620825,-0.0014555778043359169,-0.9769610304595062,0.9740498748512891
2010-06-25,7096.5531157866535,711.6799712726656,725.156260300642,0.050111507591282134,0.32473497662374484,-0.22451196144049845
2010-06-26,7096.500440884215,712.3570157016865,724.3738660667433,-0.052674902438411664,0.6770444290208388,-0.7823942338986853
2010-06-27,7096.513801532492,713.7940914315176,722.9635116334658,0.013360648276830034,1.4370757298311219,-1.4103544332774618
2010-06-28,7096.516942177644,712.1339519527507,724.6299324025343,0.003140645151688659,-1.6601394787668369,1.666420769068509
2010-06-29,7096.506774051005,711.3470291410201,725.3965189609881,-0.010168126638745889,-0.7869228117306193,0.7665865584538096
2010-06-30,7096.506004380194,712.5371688180059,724.204839942382,-0.00076967081076873,1.1901396769857229,-1.1916790186061235
2010-07-01,7096.507953948535,712.4796176329883,724.2662902640812,0.0019495683409331832,-0.05755118501758716,0.06145032169922615
2010-07-02,7096.51096730098,712.2342772813811,724.5176573205788,0.0030133524451230187,-0.24534035160718304,0.25136705649754276
2010-07-03,7096.502964017491,711.3855233124254,725.3504047225553,-0.00800328348941548,-0.8487539689556343,0.8327474019764622
2010-07-04,7096.500595789576,711.1196697964264,725.611521782726,-0.0023682279143031337,-0.26585351599908336,0.26111706017070446
2010-07-05,7096.505478361882,712.4963782803685,724.2445784433951,0.004882572305177746,1.3767084839421386,-1.3669433393308736
2010-07-06,7096.496653515956,712.370604054179,724.3527029777308,-0.008824845926028502,-0.12577422618949186,0.10812453433572955
2010-07-07,7096.499893143851,712.0785201876494,724.6512661000527,0.0032396278957094182,-0.29208386652965146,0.2985631223218661
2010-07-08,7096.479955294158,711.7607936327402,724.9291169555756,-0.019937849693633325,-0.3177265549091999,0.2778508555229564
2010-07-09,7096.53808007565,711.8904102517205,724.9157498995795,0.05812478149255185,0.12961661898032162,-0.01336705599612742
2010-07-10,7096.494282707165,712.8751935457958,723.8433718685341,-0.04379736848477478,0.9847832940753278,-1.0723780310454458
2010-07-11,7096.496402701168,712.917055802583,723.8057495997539,0.0021199940028964193,0.041862256787226215,-0.03762226878018282
2010-07-12,7096.503106265193,711.4593036512897,725.2769088790973,0.006703564024974185,-1.4577521512933345,1.4711592793433965
2010-07-13,7096.4977305784805,711.114519808067,725.6109413488931,-0.0053756867127958685,-0.34478384322267175,0.33403246979582946
2010-07-14,7096.498006218369,711.5293012312424,725.1967112054942,0.00027563988805923145,0.4147814231753273,-0.41423014339886777
2010-07-15,7096.495774413872,712.9255683002482,723.7959805274943,-0.0022318044966596062,1.3962670690058303,-1.4007306779999453
2010-07-16,7096.486546882283,711.9181784983922,724.7849152661727,-0.009227531589203863,-1.007389801855993,0.9889347386783811
2010-07-17,7096.537728268722,711.7126828861494,725.0927736512941,0.05118138643956627,-0.20549561224277113,0.3078583851214489
2010-07-18,7096.491672048693,711.4666101010969,725.2467339962882,-0.046056220029640826,-0.24607278505254726,0.15396034499406142
2010-07-19,7096.4859879894775,712.2454502118699,724.4565257670843,-0.0056840592151274905,0.7788401107729896,-0.7902082292039267
2010-07-20,7096.491352376635,711.4475419755341,725.2651627777365,0.005364387157896999,-0.7979082363357293,0.8086370106522054
2010-07-21,7096.480629341351,711.2991566754848,725.3921020072166,-0.01072303528417251,-0.14838530004931272,0.1269392294801719
2010-07-22,7096.477363288468,711.9191027590355,724.7656238178994,-0.0032660528831911506,0.6199460835506443,-0.626478189317254
2010-07-23,7096.524245926694,712.1198856618668,724.6586061915193,0.046882638225724804,0.20078290283129263,-0.1070176263800704
2010-07-24,7096.479018205612,711.5093992631784,725.1786371480467,-0.04522772108157369,-0.6104863986884084,0.520030956527421
2010-07-25,7096.496761630273,711.2250198258313,725.4985034347155,0.017743424660693563,-0.28437943734707005,0.31986628666879824
2010-07-26,7096.48942136102,711.8851424743074,724.8237002477315,-0.007340269253290899,0.66012264847609,-0.6748031869840361
2010-07-27,7096.485545429529,712.0558632663981,724.6452275926612,-0.0038759314902563347,0.17072079209071944,-0.17847265507032262
2010-07-28,7096.4824716256835,711.6170009614352,725.0779422899304,-0.0030738038458366646,-0.4388623049628677,0.4327146972692617
2010-07-29,7096.475830269402,711.1873543586142,725.4943061801881,-0.006641356281761546,-0.42964660282098066,0.41636389025768494
2010-07-30,7096.554870311658,711.8528634471398,724.9868771761763,0.07904004225656536,0.6655090885255959,-0.507429004011783
2010-07-31,7096.520730757708,711.8837231308356,724.8877383845797,-0.03413955394989898,0.030859683695780404,-0.09913879159660155
2010-08-01,7096.488573742032,711.1743630097559,725.5327844743077,-0.032157015676602896,-0.709360121079726,0.6450460897279982
2010-08-02,7096.485796661126,711.7051747968618,724.9964185253906,-0.002777080905616458,0.5308117871059039,-0.5363659489171368
2010-08-03,7096.472064728846,712.3008800719319,724.3732493857599,-0.01373193228027958,0.595705275070145,-0.6231691396307042
2010-08-04,7096.462820071158,712.4725318099295,724.183108332386,-0.00924465768821392,0.17165173799753575,-0.1901410533738499
2010-08-05,7096.46756007543,711.7600727179565,724.9050474329032,0.004740004272207443,-0.7124590919729599,0.7219391005171474
2010-08-06,7096.504158888952,712.7732134364087,723.9651043414947,0.03659881352177763,1.0131407184521777,-0.9399430914085087
2010-08-07,7096.456261810176,712.4273789426688,724.2151446776834,-0.047897078775349655,-0.34583449373985786,0.2500403361887038
2010-08-08,7096.466461269279,712.4690703256235,724.1938522129327,0.010199459102295805,0.041691382954695655,-0.02129246475067248
2010-08-09,7096.469274683166,711.6643954036981,725.0041539626325,0.002813413887452043,-0.8046749219254252,0.8103017496997609
2010-08-10,7096.465580747069,711.8813128272859,724.7798486668514,-0.0036939360970791313,0.21691742358780175,-0.22430529578105052
2010-08-11,7096.458891429327,712.9363644489689,723.7114184096864,-0.00668931774180237,1.055051621682992,-1.068430257165005
2010-08-12,7096.465303106814,712.4615802962932,724.1990259173343,0.006411677486539702,-0.47478415267573837,0.4876075076479083
2010-08-13,7096.467168204478,712.9100751012946,723.7542613076608,0.0018650976644494222,0.44849480500147365,-0.4447646096734843
2010-08-14,7096.4628599394955,712.4457583893599,724.2099614896309,-0.004308264982682886,-0.46431671193477086,0.4557001819700872
2010-08-15,7096.460818886903,713.1084713682721,723.5431664055335,-0.002041052592176129,0.6627129789122819,-0.6667950840974299
2010-08-16,7096.45680349515,712.9969820946983,723.6466248956024,-0.004015391753455333,-0.11148927357385219,0.1034584900688742
2010-08-17,7096.4484660128155,712.8050473658842,723.8218846597474,-0.008337482334354718,-0.1919347288140898,0.1752597641450393
2010-08-18,7096.445209652417,712.6463888378836,723.9740304669499,-0.0032563603981543565,-0.15865852800061475,0.15214580720248705
2010-08-19,7096.44902188311,712.6017306243497,724.0263131418691,0.0038122306923469296,-0.0446582135339213,0.05228267491918359
2010-08-20,7096.450694464917,712.9987912496713,723.6325976801634,0.0016725818077247823,0.3970606253216147,-0.39371546170571037
2010-08-21,7096.456713550907,712.3806927877183,724.2627343140954,0.0060190859894646564,-0.6180984619529681,0.6301366339320111
2010-08-22,7096.459303673894,714.5910161983637,722.0575911494241,0.002590122987385257,2.210323410645401,-2.2051431646713127
2010-08-23,7096.445347264726,713.7265526270144,722.8941419024361,-0.013956409168713435,-0.8644635713493471,0.836550753012034
2010-08-24,7096.440241163229,712.2301113373096,724.3803709891486,-0.005106101496494375,-1.4964412897047623,1.4862290867124557
2010-08-25,7096.438027969137,711.6331425181838,724.9729134200895,-0.0022131940922918147,-0.5969688191257774,0.5925424309409664
2010-08-26,7096.4406876031935,712.8845614167052,723.7268137896813,0.002659634056726645,1.251418898521365,-1.2460996304082528
2010-08-27,7096.481905177895,713.1979234108265,723.495886944963,0.04121757470147713,0.313361994121351,-0.23092684471828306
2010-08-28,7096.434957181913,712.997492183786,723.6024221800388,-0.04694799598200916,-0.2004312270405535,0.10653523507585305
2010-08-29,7096.441876935898,712.3736002068093,724.2401536649859,0.006919753985130228,-0.6238919769766653,0.6377314849470395
2010-08-30,7096.438517010143,713.5944432468839,723.0125907734005,-0.003359925754921278,1.2208430400745556,-1.2275628915854213
2010-08-31,7096.4379909306335,712.9416320284845,723.6643498327804,-0.0005260795096546644,-0.6528112183993926,0.6517590593799696
2010-09-01,7096.432554803329,712.021312047794,724.573797558863,-0.005436127304164984,-0.920319980690465,0.9094477260825897
2010-09-02,7096.434152268674,712.643885335618,723.9544192017279,0.001597465344275406,0.6225732878240251,-0.6193783571351332
2010-09-03,7096.435342886811,713.4946519454381,723.106033828182,0.0011906181371159619,0.8507666098200843,-0.8483853735458524
2010-09-04,7096.426202858308,713.4988707749616,723.0835349416539,-0.009140028502770292,0.004218829523438217,-0.022498886528182993
2010-09-05,7096.424975495108,713.523732335457,723.0562186547595,-0.0012273632000869839,0.024861560495423873,-0.027316286894347286
2010-09-06,7096.427016821964,712.5116105379587,724.0724231059676,0.002041326855760417,-1.0121217974982528,1.0162044512080683
2010-09-07,7096.433651470681,713.708482720251,722.8888202211111,0.006634648717408709,1.1968721822922817,-1.183602884856441
2010-09-08,7096.43265378088,712.9469156938454,723.6483918679135,-0.0009976898008972057,-0.7615670264056007,0.7595716468023284
2010-09-09,7096.429196608748,713.678242439925,722.9101507775689,-0.003457172132584674,0.7313267460796169,-0.7382410903445589
2010-09-10,7096.423350431145,712.9803390748352,723.5963617874551,-0.005846177602506941,-0.6979033650898145,0.6862110098861649
2010-09-11,7096.427083814256,713.3580143423827,723.2261532861289,0.0037333831105570425,0.37767526754748815,-0.3702085013261467
2010-09-12,7096.421639897559,713.4263046739006,723.1469751212156,-0.00544391669700417,0.06829033151791464,-0.07917816491328722
2010-09-13,7096.4171755960115,713.012285375185,723.5520658168374,-0.004464301547159266,-0.4140192987156297,0.4050906956217659
2010-09-14,7096.416546954084,713.0203882235488,723.5427056846189,-0.0006286419275056687,0.008102848363819248,-0.009360132218489525
2010-09-15,7096.418310056575,712.9391954188726,723.6274246942763,0.001763102491167956,-0.08119280467622048,0.08471900965741952
2010-09-16,7096.415756242517,713.4615457886547,723.0999666963799,-0.002553814058046555,0.5223503697820888,-0.5274579978964766
2010-09-17,7096.418003028952,713.4755820587242,723.0904239991801,0.002246786434625392,0.01403627006948227,-0.00954269719977674
2010-09-18,7096.413307285356,713.4808518151584,723.0757627555524,-0.004695743596130342,0.00526975643424521,-0.014661243627642762
2010-09-19,7096.414032265539,713.1338498478908,723.4242146831889,0.0007249801838042913,-0.3470019672676017,0.3484519276364608
2010-09-20,7096.406514968195,712.6251228603112,723.9179070760778,-0.007517297344747931,-0.508726987579621,0.49369239288887456
2010-09-21,7096.422305461187,712.6041956837424,723.9704152386307,0.01579049299198232,-0.02092717656876175,0.05250816255295376
2010-09-22,7096.411534377569,713.4455617572252,723.107506997914,-0.010771083617328259,0.8413660734827317,-0.8629082407167061
2010-09-23,7096.411043797431,713.3112446901757,723.2408429046864,-0.0004905801379209151,-0.13431706704943736,0.13333590677234497
2010-09-24,7096.3997928916915,713.3604380326378,723.1691477507459,-0.011250905739871087,0.04919334246210383,-0.07169515394048176
2010-09-25,7096.392750620806,712.632237128993,723.8832641126177,-0.007042270885904145,-0.7282009036448471,0.7141163618717883
2010-09-26,7096.380351905519,713.0943379464751,723.3963658645619,-0.012398715286508377,0.46210081748210996,-0.48689824805580884
2010-09-27,7096.400339619037,713.4568187489116,723.0738604891629,0.019987713518275996,0.36248080243649383,-0.32250537539891866
2010-09-28,7096.392586378272,714.1530329063118,722.3621398502331,-0.007753240764941438,0.6962141574001635,-0.711720638929819
2010-09-29,7096.38767723508,713.6015187537835,722.9038357163782,-0.004909143191980547,-0.5515141525282843,0.541695866145119
2010-09-30,7096.39626863199,712.7182221247946,723.8043151391852,0.008591396909650939,-0.8832966289888873,0.9004794228069386
2010-10-01,7096.3968022353765,712.5470738905359,723.9765305802152,0.0005336033864296041,-0.17114823425868053,0.1722154410300618
2010-10-02,7096.40219177195,712.1670577053193,724.3673258385805,0.005389536573602527,-0.3800161852166184,0.3907952583653014
2010-10-03,7096.3959755145925,713.7563759684754,722.7655750607083,-0.00621625735766429,1.5893182631560876,-1.601750777872212
2010-10-04,7096.392714988071,713.6238976172178,722.8915323589248,-0.0032605265214442625,-0.13247835125753227,0.12595729821646273
2010-10-05,7096.381241777771,712.945358391654,723.5471251638866,-0.011473210300209757,-0.6785392255637817,0.6555928049617705
2010-10-06,7096.372119509058,712.4003534407625,724.0738855773548,-0.00912226871241728,-0.5450049508915527,0.526760413468196
2010-10-07,7096.378306472572,712.391130069569,724.0954828755755,0.006186963513755472,-0.009223371193456842,0.021597298220740413
2010-10-08,7096.37208952247,712.8175901577006,723.6565888872378,-0.006216950102498231,0.4264600881315346,-0.4388939883376679
2010-10-09,7096.385062608129,713.1272567153292,723.3728685009293,0.012973085659723438,0.30966655762858863,-0.2837203863085733
2010-10-10,7096.381298699744,712.6390818045079,723.8535155949794,-0.0037639083857357036,-0.4881749108212716,0.4806470940501413
2010-10-11,7096.378141854005,713.3906709043943,723.0956128036139,-0.0031568457388857496,0.7515890998863597,-0.7579027913654954
2010-10-12,7096.374372950966,712.1237759946221,724.3549699073094,-0.0037689030386900413,-1.2668949097721907,1.2593571036954927
2010-10-13,7096.380672957966,712.3919169974191,724.0994289185134,0.006300007000390906,0.26814100279705144,-0.25554098879604226
2010-10-14,7096.3784497378165,712.5496030678611,723.9372964077703,-0.002223220149971894,0.1576860704419687,-0.16213251074304935
2010-10-15,7096.371027546513,712.9883629761312,723.4836921168942,-0.007422191303703585,0.4387599082700717,-0.45360429087611465
2010-10-16,7096.371586727324,711.9607625050045,724.5124109496435,0.0005591808112512808,-1.027600471126675,1.0287188327492913
2010-10-17,7096.360877339548,711.8003753759536,724.6513793031422,-0.010709387775932555,-0.1603871290508323,0.13896835349873982
2010-10-18,7096.3622711994085,713.0078671885259,723.4466752102899,0.0013938598603999708,1.2074918125722434,-1.204704092852353
2010-10-19,7096.361151092874,713.4758618279942,722.9764403577528,-0.0011201065344721428,0.46799463946831565,-0.47023485253703257
2010-10-20,7096.362064588764,712.4497334233881,724.0043957541398,0.0009134958900176571,-1.0261284046060837,1.0279553963869148
2010-10-21,7096.363904334641,712.7421373041658,723.7156713651174,0.001839745877077803,0.29240388077766966,-0.2887243890223772
2010-10-22,7096.3556394101415,712.404456552082,724.0368222682005,-0.008264924499599147,-0.33768075208377013,0.3211509030830939
2010-10-23,7096.349092225265,711.6638965424689,724.7642879080614,-0.006547184876581014,-0.7405600096130911,0.7274656398609523
2010-10-24,7096.356353169023,712.0797495552385,724.3629567828085,0.007260943758410576,0.4158530127696167,-0.40133112525290926
2010-10-25,7096.347456884214,712.5602771449173,723.8646366235092,-0.008896284809452482,0.48052758967878617,-0.49832015929928275
2010-10-26,7096.339117785664,711.796123562303,724.6121120090248,-0.008339098550095514,-0.7641535826143127,0.7474753855155996
2010-10-27,7096.344256605875,711.7107142732043,724.7077989385441,0.0051388202109592385,-0.08540928909872036,0.0956869295192746
2010-10-28,7096.341939894389,711.2766523558874,725.1372274328896,-0.0023167114859461435,-0.4340619173168534,0.42942849434552954
2010-10-29,7096.331037100852,712.1071114393764,724.2849627623269,-0.010902793536843092,0.8304590834889041,-0.8522646705627039
2010-10-30,7096.342396585014,713.1180703695161,723.2967228005125,0.011359484162312583,1.0109589301397364,-0.9882399618144291
2010-10-31,7096.332738306577,712.6139505299922,723.7815260831618,-0.009658278437200352,-0.5041198395239235,0.4848032826492954
2010-11-01,7096.333255949663,710.9841562655046,725.4123556338196,0.0005176430859137326,-1.6297942644876002,1.630829550657836
2010-11-02,7096.33829541416,711.1348368910424,725.2717539372768,0.005039464496803703,0.15068062553780237,-0.14060169654283072
2010-11-03,7096.330822229353,711.997481274359,724.3941631843471,-0.007473184807167854,0.8626443833165922,-0.8775907529296774
2010-11-04,7096.332264886278,711.6463005683948,724.7482292041603,0.0014426569250645116,-0.35118070596411144,0.3540660198132173
2010-11-05,7096.329749537916,712.2571017988834,724.1323972769471,-0.002515348362067016,0.6108012304885051,-0.6158319272132076
2010-11-06,7096.320830381699,711.9216582108853,724.4500025525117,-0.008919156216506963,-0.33544358799804286,0.3176052755645742
2010-11-07,7096.324399297045,711.3910097498665,724.9877888442222,0.0035689153455678024,-0.5306484610188136,0.5377862917105176
2010-11-08,7096.33656001342,711.002487498918,725.4006325279223,0.012160716375547054,-0.3885222509485402,0.41284368370008906
2010-11-09,7096.323031432399,712.1885481545078,724.1875147102911,-0.013528581021091668,1.186060655589813,-1.2131178176312005
2010-11-10,7096.329056307572,711.8006433568494,724.5874692582931,0.006024875172442989,-0.38790479765839336,0.3999545480020288
2010-11-11,7096.332822987157,712.3239457944868,724.0717001798256,0.003766679585169186,0.523302437637426,-0.5157690784675424
2010-11-12,7096.3243215893635,711.3845850798384,724.9940580988876,-0.008501397793224896,-0.9393607146483873,0.9223579190620512
2010-11-13,7096.308077181426,710.9553921210635,725.3907622417869,-0.016244407937847427,-0.4291929587749337,0.39670414289923883
2010-11-14,7096.3137515822045,711.3522946221185,725.0052085422902,0.005674400778843847,0.396902501055024,-0.3855536994966542
2010-11-15,7096.305477562926,711.8254778751686,724.515477250684,-0.008274019278360356,0.47318325305013786,-0.48973129160629014
2010-11-16,7096.304517780397,711.7828437143946,724.5561918463984,-0.0009597825292075868,-0.04263416077401416,0.04071459571446212
2010-11-17,7096.301646483106,711.4020134688045,724.9312794974076,-0.002871297290766961,-0.38083024559011847,0.375087651009153
2010-11-18,7096.300848770108,711.9357795788467,724.395917961369,-0.0007977129980645259,0.5337661100421656,-0.535361536038522
2010-11-19,7096.291112912647,711.9202925366143,724.3919332886783,-0.009735857461237174,-0.015487042232393833,-0.003984672690762636
2010-11-20,7096.307813013883,711.2331202652787,725.1125057624861,0.01670010123598331,-0.6871722713356121,0.7205724738078061
2010-11-21,7096.295739416968,711.6325902947622,724.6888885391718,-0.012073596914888185,0.39947002948349564,-0.4236172233142952
2010-11-22,7096.303503927827,711.9698108208432,724.3671970348096,0.007764510858578433,0.3372205260810688,-0.3216915043622066
2010-11-23,7096.3079926293585,712.1942787904587,724.1517064682588,0.004488701531954575,0.22446796961548898,-0.21549056655078402
2010-11-24,7096.293331719219,711.7739568587983,724.5427065796405,-0.01466091013935511,-0.42032193166039633,0.3910001113816861
2010-11-25,7096.288867696198,712.3822660545686,723.9254693378275,-0.004464023020773311,0.6083091957702891,-0.6172372418129726
2010-11-26,7096.288043331589,712.1931921285061,724.1128945346715,-0.0008243646097980672,-0.1890739260625196,0.18742519684394665
2010-11-27,7096.285580393092,712.6718061685395,723.6293546176431,-0.002462938497046707,0.4786140400334489,-0.4835399170283381
2010-11-28,7096.287075196644,711.9006033896599,724.4035470036279,0.001494803552304802,-0.7712027788796831,0.7741923859847475
2010-11-29,7096.28569501825,712.1733788182781,724.1280112182228,-0.0013801783934468403,0.2727754286182744,-0.2755357854050544
2010-11-30,7096.276216960315,712.3695465181684,723.9128874024598,-0.009478057935666584,0.19616769989022487,-0.21512381576303596
2010-12-01,7096.27902666332,711.9519628718693,724.3360904547706,0.0028097030053686467,-0.4175836462990219,0.42320305231078237
2010-12-02,7096.282748613231,711.9509473191084,724.344549907354,0.003721949910868716,-0.001015552760918581,0.00845945258345182
2010-12-03,7096.2640845013575,711.3567691147766,724.9013998879386,-0.01866411187347694,-0.5941782043317971,0.5568499805846159
2010-12-04,7096.287348415279,713.1811308720355,723.1235659585215,0.023263913921255153,1.8243617572588846,-1.7778339294171701
2010-12-05,7096.276532187899,712.430844237948,723.8522201378498,-0.010816227380018972,-0.7502866340875016,0.7286541793283732
2010-12-06,7096.256230768496,712.3735344877316,723.8689270492589,-0.0203014194030402,-0.05730975021640461,0.016706911409073655
2010-12-07,7096.260714892055,712.0840072654659,724.1674225186431,0.0044841235594503814,-0.2895272222657468,0.2984954693841928
2010-12-08,7096.2657940154395,712.4873306487768,723.7742573821023,0.00507912338434835,0.40332338331097617,-0.39316513654080154
2010-12-09,7096.259163851406,712.2684819213886,723.9798457814217,-0.006630164033595065,-0.2188487273882629,0.20558839931936745
2010-12-10,7096.266400889791,712.2393817265933,724.0234200529876,0.007237038385028427,-0.029100194795319112,0.0435742715659444
2010-12-11,7096.265155102527,712.5238805576803,723.7364296473734,-0.0012457872635422973,0.2844988310870349,-0.28699040561423317
2010-12-12,7096.266194315411,713.3436813593028,722.9187072715182,0.0010392128833700554,0.8198008016224776,-0.817722375855169
2010-12-13,7096.267808935325,713.69514135678,722.5704765138693,0.0016146199141076067,0.35145999747726364,-0.34823075764893474
2010-12-14,7096.259181083405,712.3283785572953,723.9199836095144,-0.00862785192020965,-1.366762799484718,1.3495070956450945
2010-12-15,7096.254275304701,712.0529295614019,724.1856210479998,-0.004905778703687247,-0.27544899589338456,0.26563743848544163
2010-12-16,7096.254511396522,712.3095540803272,723.9294687127161,0.00023609182062500622,0.25662451892526406,-0.256152335283673
2010-12-17,7096.244007095937,712.0241542791185,724.1938599127556,-0.010504300584216253,-0.28539980120865494,0.2643912000394266
2010-12-18,7096.244872304293,713.311062666324,722.9086819422605,0.0008652083552078693,1.2869083872054716,-1.2851779704950559
2010-12-19,7096.251447708808,712.0953892417026,724.1375061759113,0.0065754045153880725,-1.2156734246214,1.228824233650812
2010-12-20,7096.25106812556,712.14954022748,724.0825960236398,-0.0003795832481046091,0.05415098577736899,-0.05491015227153184
2010-12-21,7096.245172394767,711.2559091827508,724.964435606782,-0.0058957307928722,-0.8936310447292044,0.8818395831422094
2010-12-22,7096.242158674244,713.406948777527,722.80736857096,-0.0030137205230857944,2.1510395947761936,-2.157067035822024
2010-12-23,7096.285514233428,713.1272780714493,723.173750395407,0.04335555918441969,-0.2796707060776953,0.3663818244469894
2010-12-24,7096.241075544233,713.1694799032039,723.0426711852635,-0.04443868919497618,0.04220183175459624,-0.13107921014341173
2010-12-25,7096.236424925972,713.1742375940398,723.028612257904,-0.0046506182616212755,0.004757690835958783,-0.014058927359542395
2010-12-26,7096.237922505142,711.7117635601356,724.4940814501474,0.0014975791700635455,-1.4624740339041864,1.465469192243404
2010-12-27,7096.244746115962,713.1068345106729,723.1126577212497,0.006823610819992609,1.3950709505372743,-1.3814237288977438
2010-12-28,7096.2413986845695,713.7675259908725,722.4452713782667,-0.003347431392285216,0.6606914801996027,-0.6673863429829225
2010-12-29,7096.230701824042,713.0122275972279,723.1791760508553,-0.010696860527787067,-0.7552983936445798,0.733904672588551
2010-12-30,7096.231234583004,712.4247517055494,723.767717460459,0.0005327589624357643,-0.5874758916785368,0.5885414096037493
2010-12-31,7096.225322838855,712.4591678073988,723.7214778703124,-0.0059117441487615,0.034416101849387815,-0.04623959014668344
2011-01-01,7096.219897796581,712.6793764976078,723.4904190955533,-0.005425042274509906,0.2202086902090059,-0.2310587747590489
2011-01-02,7096.226928055688,712.1458980682467,724.0379580431297,0.007030259107523307,-0.5334784293611392,0.5475389475764132
2011-01-03,7096.228850883781,713.3193555626553,722.8683462049061,0.0019228280925744912,1.1734574944086944,-1.169611838223659
2011-01-04,7096.229157613351,713.7371909750524,722.4511242516484,0.0003067295701839612,0.41783541239703936,-0.4172219532576946
2011-01-05,7096.223538397891,712.9791300152535,723.1979467805281,-0.005619215459773841,-0.7580609597988541,0.7468225288797612
2011-01-06,7096.221445121096,712.7286194035814,723.4442708386091,-0.002093276795676502,-0.2505106116720981,0.24632405808097246
2011-01-07,7096.217753712923,713.5578180240587,722.6076894017875,-0.003691408172926458,0.8291986204773139,-0.8365814368215752
2011-01-08,7096.21165725405,713.3554074486083,722.7979070594905,-0.006096458872889343,-0.2024105754504717,0.1902176577029877
2011-01-09,7096.212773680622,712.9927281425975,723.1628192186471,0.0011164265724801226,-0.36267930601081844,0.3649121591565745
2011-01-10,7096.214966383483,712.5105760665815,723.6493567003847,0.002192702861066209,-0.4821520760159501,0.4865374817376278
2011-01-11,7096.211558748637,713.5031536117874,722.6499638854858,-0.0034076348465532647,0.9925775452059042,-0.9993928148988971
2011-01-12,7096.213856928071,713.1025913639143,723.0551224922277,0.0022981794345469098,-0.40056224787315386,0.4051586067419066
2011-01-13,7096.202544992881,713.2751497162544,722.8599402695064,-0.011311935190860822,0.17255835234016104,-0.19518222272131425
2011-01-14,7096.239662770629,713.2404723851773,722.9688531560823,0.037117777748790104,-0.03467733107709137,0.10891288657592213
2011-01-15,7096.204599005987,712.7021092572156,723.4370887547582,-0.03506376464247296,-0.538363127961702,0.46823559867584663
2011-01-16,7096.207142531058,712.8699325763369,723.2743524857776,0.0025435250709051616,0.16782331912122572,-0.16273626898055227
2011-01-17,7096.212107632806,713.8275549286958,722.3266603369154,0.0049651017479845905,0.9576223523589533,-0.9476921488621883
2011-01-18,7096.206274468051,713.4435328793412,722.6990160567597,-0.005833164755131293,-0.3840220493545985,0.3723557198442222
2011-01-19,7096.2083889805135,712.4431310549273,723.7036469060998,0.002114512462867424,-1.0004018244138706,1.0046308493401739
2011-01-20,7096.212224736952,712.4910048685518,723.663444605351,0.0038357564380930853,0.0478738136245056,-0.040202300748887865
2011-01-21,7096.207703581008,712.7420344982561,723.4033726637593,-0.004521155943621125,0.2510296297042487,-0.2600719415916046
2011-01-22,7096.200301612607,712.7455868225757,723.3850164026386,-0.007401968400699843,0.0035523243195711984,-0.01835626112074351
2011-01-23,7096.19487869379,712.2985629475193,723.8211944400613,-0.005422918817203026,-0.4470238750564022,0.43617803742267824
2011-01-24,7096.192359295023,711.9494659071955,724.1652526828503,-0.0025193987667080364,-0.349097040323727,0.3440582427890604
2011-01-25,7096.18551255128,712.8629724693616,723.2380526331989,-0.006846743743153638,0.9135065621660488,-0.9272000496514465
2011-01-26,7096.1911985639,713.8963762299999,722.2160208977994,0.005686012619662506,1.0334037606382935,-1.022031735399537
2011-01-27,7096.191645895696,712.7854573487673,723.3278344426236,0.00044733179584000027,-1.1109188812325783,1.1118135448242583
2011-01-28,7096.176939969977,712.8071341195152,723.276745820437,-0.01470592571877205,0.02167677074794483,-0.0510886221866258
2011-01-29,7096.194719481751,712.7871049898589,723.3323339736432,0.017779511774278944,-0.02002912965633641,0.05558815320625854
2011-01-30,7096.1856274381325,713.6901913330562,722.4110635432088,-0.009092043618693424,0.9030863431972875,-0.921270430434447
2011-01-31,7096.1805212318295,712.2421019935923,723.8489404700669,-0.005106206303025829,-1.448089339463877,1.4378769268580527
2011-02-01,7096.165848009892,712.0547437802283,724.006952239555,-0.014673221937300696,-0.18735821336406389,0.15801176948809825
2011-02-02,7096.190161009286,712.6904527314588,723.419869287114,0.02431299939416931,0.6357089512305265,-0.5870829524409373
2011-02-03,7096.1839369837335,712.7464138242068,723.3514601432599,-0.0062240255529104616,0.055961092748020747,-0.06840914385406904
2011-02-04,7096.177829711054,711.2127914182852,724.8728680038216,-0.006107272679400921,-1.5336224059216192,1.5214078605616805
2011-02-05,7096.197843427994,711.8752006585457,724.2504861974423,0.020013716939502046,0.6624092402605584,-0.6223818063792805
2011-02-06,7096.188672600877,712.4237839474257,723.683561254328,-0.00917082711657713,0.5485832888799678,-0.5669249431143726
2011-02-07,7096.1750825159415,713.2566489345701,722.8235160973122,-0.013590084935458435,0.8328649871443758,-0.8600451570157475
2011-02-08,7096.1871029336435,712.2059597330464,723.8982461342398,0.012020417701933184,-1.05068920152371,1.0747300369275763
2011-02-09,7096.177954322683,711.3948351010582,724.6910735443074,-0.009148610960437509,-0.8111246319881502,0.7928274100676163
2011-02-10,7096.172023530313,711.5280073877591,724.5460396728669,-0.005930792370236304,0.13317228670086934,-0.14503387144054614
2011-02-11,7096.175373984315,712.1161978834286,723.9645500852017,0.0033504540024296148,0.5881904956695507,-0.5814895876651462
2011-02-12,7096.165955716368,711.7786736450607,724.2832377876762,-0.009418267946784908,-0.3375242383679051,0.318687702474449
2011-02-13,7096.170171597617,711.1264813148591,724.9438618803748,0.004215881248455844,-0.6521923302016148,0.6606240926986402
2011-02-14,7096.168492190344,712.5448479016861,723.5221364790018,-0.0016794072726042941,1.4183665868270054,-1.4217254013730098
2011-02-15,7096.161335386714,712.0612005532839,723.9914702201446,-0.007156803630095965,-0.4836473484022008,0.4693337411428047
2011-02-16,7096.163942748421,711.2516954738962,724.8061900229444,0.00260736170639575,-0.8095050793876908,0.8147198027998002
2011-02-17,7096.148395487897,711.8724364260611,724.1543545497319,-0.015547260523817386,0.6207409521648515,-0.6518354732124862
2011-02-18,7096.195187932162,711.6986780085299,724.4216978557945,0.04679244426552032,-0.17375841753118948,0.2673433060625712
2011-02-19,7096.156900730399,712.0560178465211,723.9877836142762,-0.038287201763523626,0.3573398379911623,-0.43391424151832325
2011-02-20,7096.160396251305,712.3875098700798,723.6632826325308,0.0034955209066538373,0.3314920235587806,-0.32450098174535924
2011-02-21,7096.154744235977,711.5900721969286,724.4494162750249,-0.005652015328450943,-0.7974376731511938,0.7861336424940646
2011-02-22,7096.154827221191,711.4072813821648,724.6323730602165,8.298521424876526e-05,-0.18279081476384818,0.18295678519166358
2011-02-23,7096.152275380146,711.3083622862493,724.726188474043,-0.0025518410448057693,-0.09891909591544845,0.09381541382651903
2011-02-24,7096.143967482581,711.4279302883996,724.5900046767621,-0.00830789756582817,0.11956800215023122,-0.13618379728097807
2011-02-25,7096.141474763081,711.9419755073442,724.0709740188173,-0.0024927194999690983,0.5140452189446023,-0.5190306579447679
2011-02-26,7096.139155241814,712.2936655392766,723.7146449443508,-0.0023195212670543697,0.351690031932435,-0.3563290744665437
2011-02-27,7096.1407933916935,712.0449537496174,723.9666330337684,0.0016381498799091787,-0.2487117896591826,0.25198808941763673
2011-02-28,7096.139061896918,710.8948881156783,725.1132356781576,-0.0017314947754130117,-1.150065633939107,1.1466026443891906
2011-03-01,7096.132493400747,710.6707366013112,725.3242502001827,-0.006568496170984872,-0.22415151436712222,0.21101452202515247
2011-03-02,7096.133566427448,712.057892416483,723.9392404384133,0.0010730267013059347,1.387155815171809,-1.3850097617694246
2011-03-03,7096.139612820675,712.3691798550011,723.6400457863484,0.0060463932268248755,0.31128743851809304,-0.29919465206489804
2011-03-04,7096.131058812368,711.4575421797457,724.5345754449895,-0.008554008307328331,-0.9116376752554061,0.8945296586410905
2011-03-05,7096.119937903855,711.0285408220939,724.9413349856164,-0.01112090851256653,-0.4290013576518277,0.406759540626922
2011-03-06,7096.121695789574,711.4046458294275,724.56874574972,0.0017578857186890673,0.37610500733364916,-0.3725892358963847
2011-03-07,7096.126657324242,712.1790478091762,723.8042668393073,0.004961534667927481,0.7744019797486317,-0.7644789104127767
2011-03-08,7096.106034714632,711.2408868648629,724.7011825644014,-0.020622609609745268,-0.9381609443132675,0.896915725094118
2011-03-09,7096.127242396408,711.5223256395547,724.462159153262,0.021207681776104437,0.2814387746917646,-0.23902341113944203
2011-03-10,7096.123303017719,711.758820040476,724.2177859949621,-0.003939378689210571,0.2364944009214014,-0.24437315829982253
2011-03-11,7096.1501005372465,711.881222360507,724.1489787139863,0.02679751952746301,0.12240232003091478,-0.06880728097587507
2011-03-12,7096.098580284704,711.198966708422,724.7281938609863,-0.05152025254210457,-0.6822556520850185,0.5792151470000135
2011-03-13,7096.102785480496,711.857060986156,724.0785099748344,0.004205195791655569,0.6580942777339942,-0.6496838861518199
2011-03-14,7096.08643870464,711.5620410402379,724.3408363690424,-0.016346775855708984,-0.2950199459180567,0.26232639420800297
2011-03-15,7096.089827098821,711.3915744041856,724.5180797934553,0.0033883941805470386,-0.1704666360523106,0.17724342441283625
2011-03-16,7096.083041423002,711.1259995210113,724.7700833249929,-0.006785675818719028,-0.26557488317428124,0.252003531537639
2011-03-17,7096.095512350315,711.9894380354945,723.931586665136,0.01247092731318844,0.863438514483164,-0.8384966598569008
2011-03-18,7096.088210549217,711.3021786715168,724.6042424269178,-0.007301801098037686,-0.6872593639776596,0.6726557617818116
2011-03-19,7096.084529286033,710.9648017983587,724.9342567737061,-0.0036812631842622068,-0.337376873158064,0.330014346788289
2011-03-20,7096.083865563081,711.1224906570861,724.7752404690766,-0.0006637229516854859,0.15768885872739702,-0.15901630462951744
2011-03-21,7096.0782319942855,711.6487756534594,724.2376883351106,-0.005633568795929023,0.5262849963733061,-0.5375521339659599
2011-03-22,7096.0724096000295,711.5624569967055,724.3123622033538,-0.005822394256028929,-0.08631865675397421,0.07467386824316691
2011-03-23,7096.070326078506,712.0018484616877,723.8688036953233,-0.002083521523672971,0.43939146498223636,-0.4435585080304918
2011-03-24,7096.0700894231395,711.3828604303138,724.4873184159652,-0.00023665536627959227,-0.618988031373874,0.6185147206418833
2011-03-25,7096.064151150301,711.5912253771796,724.2670769234228,-0.005938272838648118,0.20836494686579954,-0.22024149254241365
2011-03-26,7096.0697172565,711.3135316685524,724.5559028444458,0.005566106198784837,-0.27769370862722553,0.2888259210229762
2011-03-27,7096.062410003893,711.7277900742719,724.1270299335132,-0.0073072526065516286,0.4142584057194654,-0.42887291093256863
2011-03-28,7096.0664918645,711.7988535236201,724.0641302053791,0.004081860606675036,0.07106344934823028,-0.0628997281340844
2011-03-29,7096.058072725695,711.594499917111,724.2516455342794,-0.008419138805038529,-0.20435360650913026,0.18751532890030376
2011-03-30,7096.056248499891,712.0015734348332,723.8409235649482,-0.0018242258038299042,0.40707351772221045,-0.4107219693312345
2011-03-31,7096.047889827866,712.1419462253724,723.6838334303592,-0.008358672024769476,0.14037279053923157,-0.1570901345889979
2011-04-01,7096.091522672276,711.8058697666473,724.1071755779052,0.04363284441024007,-0.3360764587250742,0.4233421475460091
2011-04-02,7096.043753976823,710.99863808811,724.8188698655342,-0.04776869545366935,-0.8072316785372777,0.7116942876290295
2011-04-03,7096.034954643178,712.3059233990473,723.4939858873086,-0.008799333644674334,1.3072853109372318,-1.324883978225671
2011-04-04,7096.020389535437,711.9840874364261,723.7866916344475,-0.014565107740963867,-0.3218359626212077,0.29270574713893893
2011-04-05,7096.038965797857,711.825593677875,723.9823379178384,0.01857626241962862,-0.15849375855111703,0.1956462833909427
2011-04-06,7096.0196321757185,711.4385627946701,724.3307015567664,-0.019333622138219653,-0.3870308832048295,0.3483636389279354
2011-04-07,7096.015194313349,712.8881476241493,722.8722410025471,-0.004437862369741197,1.4495848294791358,-1.4584605542193003
2011-04-08,7096.01536680561,712.443616844712,723.3171167665089,0.0001724922612993396,-0.4445307794372866,0.44487576396181794
2011-04-09,7096.001664718872,712.1927047724305,723.5406246653146,-0.013702086737794161,-0.25091207228149415,0.22350789880567845
2011-04-10,7096.002509906058,711.6330558807157,724.1019639313984,0.0008451871854049386,-0.5596488917148008,0.5613392660837917
2011-04-11,7095.999466756086,712.0822598803604,723.6466736318112,-0.0030431499717451516,0.44920399964473745,-0.45529029958720457
2011-04-12,7095.988186026457,713.0228729076423,722.6834991452699,-0.011280729629106645,0.94061302728187,-0.9631744865412202
2011-04-13,7095.985163071452,712.5809508660478,723.1193752768564,-0.0030229550047806697,-0.44192204159446646,0.43587613158649674
2011-04-14,7095.977546825248,712.2462645960925,723.4388290544047,-0.007616246203724586,-0.33468626995534123,0.3194537775482331
2011-04-15,7095.970165938952,711.5374595526761,724.1328723252285,-0.007380886296232347,-0.7088050434164188,0.6940432708238404
2011-04-16,7095.95619648652,712.4504187025371,723.191974270501,-0.013969452432320395,0.9129591498610807,-0.9408980547275405
2011-04-17,7095.967663466103,711.8933385317813,723.7719884004232,0.011466979583019565,-0.557080170755853,0.5800141299222332
2011-04-18,7095.959736567919,712.8642915704107,722.7851815654278,-0.007926898183541198,0.9709530386294318,-0.9868068349953774
2011-04-19,7095.967940169831,713.2734706678611,722.392409671801,0.008203601912100567,0.40917909745041925,-0.39277189362678655
2011-04-20,7095.957359972563,712.8052516022609,722.8394683428631,-0.010580197268609481,-0.4682190656002376,0.44705867106210917
2011-04-21,7095.949723161571,712.2697003078971,723.3597460152436,-0.007636810992153187,-0.5355512943638132,0.5202776723804163
2011-04-22,7095.948277596809,711.5674309576209,724.059124235996,-0.00144556476152502,-0.7022693502761967,0.6993782207524646
2011-04-23,7095.942252320327,711.8771733800627,723.7373312605914,-0.006025276482432673,0.3097424224417864,-0.3217929754046054
2011-04-24,7095.933081957134,713.2520240698321,722.3441398444343,-0.009170363192424702,1.3748506897694597,-1.3931914161571513
2011-04-25,7095.924894069654,713.2013122865651,722.3784758527432,-0.008187887479834899,-0.050711783267047394,0.03433600830896921
2011-04-26,7095.933835541211,713.0614422967332,722.5362287856874,0.00894147155668179,-0.13986998983193644,0.15775293294416315
2011-04-27,7095.924731093092,712.2188051854812,723.3606570007026,-0.009104448118705477,-0.8426371112519746,0.8244282150152458
2011-04-28,7095.927917126459,713.1052032117948,722.4806310411235,0.003186033366546326,0.8863980263136,-0.8800259595791431
2011-04-29,7095.925327915565,713.3859428811844,722.1947129499436,-0.0025892108942571213,0.28073966938961803,-0.28591809117995126
2011-04-30,7095.91950940149,712.7523147924215,722.8167040105585,-0.0058185140742352814,-0.6336280887628618,0.6219910606149597
2011-05-01,7095.917150424179,711.7573183124945,723.8069825358643,-0.002358977310905175,-0.9949964799270674,0.9902785253058255
2011-05-02,7095.922307778885,712.5985029332145,722.9761126245539,0.005157354705261241,0.8411846207200142,-0.8308699113104012
2011-05-03,7095.911007472033,712.8939695170253,722.6580454270409,-0.011300306851808273,0.29546658381082125,-0.31806719751307355
2011-05-04,7095.909246501428,713.1974460466403,722.3510469562154,-0.0017609706046641804,0.3034765296149544,-0.30699847082541964
2011-05-05,7095.902663315208,713.2686362136579,722.2666904167573,-0.006583186220268544,0.07119016701767578,-0.08435653945809918
2011-05-06,7095.8829378436685,713.2515700514183,722.244305635918,-0.01972547153945925,-0.017066162239643745,-0.02238478083938844
2011-05-07,7095.889488738244,712.7492604872507,722.7597169892368,0.006550894575411803,-0.5023095641676036,0.515411353318882
2011-05-08,7095.8864826176805,712.6315038746238,722.8714613607366,-0.0030061205634410726,-0.11775661262686299,0.11174437149975347
2011-05-09,7095.878136418685,712.9475691225134,722.5387037148574,-0.008346198995241139,0.3160652478895827,-0.33275764587915546
2011-05-10,7095.886143052752,712.7783212660761,722.723964839428,0.008006634066987317,-0.1692478564373232,0.18526112457061572
2011-05-11,7095.873490010639,713.4069497835674,722.0700302377103,-0.012653042113015545,0.6286285174912791,-0.653934601717765
2011-05-12,7095.875628639541,711.9236299070853,723.5576273719964,0.002138628901775519,-1.4833198764820281,1.4875971342861476
2011-05-13,7095.873461925378,712.1298273156453,723.3470965351106,-0.0021667141627403907,0.20619740856000135,-0.2105308368858232
2011-05-14,7095.869931021441,712.543473768348,722.9263882745323,-0.003530903937644325,0.41364645270266465,-0.42070826057829436
2011-05-15,7095.855775822469,714.1650277802606,721.2765238646757,-0.014155198971820937,1.6215540119126217,-1.6498644098566047
2011-05-16,7095.859483714288,712.4606910722346,722.9882763563405,0.0037078918194310972,-1.7043367080260623,1.7117524916648108
2011-05-17,7095.859693279424,712.9207787866941,722.5286077721526,0.0002095651361742057,0.4600877144595188,-0.4596685841879662
2011-05-18,7095.855668757781,712.0247183608769,723.4166191546857,-0.004024521643259504,-0.8960604258171543,0.8880113825331364
2011-05-19,7095.851110066002,712.8744966698109,722.5577234621915,-0.004558691779493529,0.8497783089339919,-0.8588956924942295
2011-05-20,7095.850658572277,712.1342210344069,723.2970961101462,-0.00045149372454034165,-0.7402756354040321,0.739372647954724
2011-05-21,7095.848537227514,713.3623629044852,722.0647115505421,-0.0021213447635091143,1.2281418700782751,-1.2323845596040428
2011-05-22,7095.840975865973,712.8321323456954,722.5798193862506,-0.007561361540865619,-0.5302305587897536,0.5151078357084771
2011-05-23,7095.8440724875645,711.6738936220687,723.74425135306,0.0030966215917942463,-1.1582387236267095,1.1644319668093885
2011-05-24,7095.837970776019,711.1572104319315,724.2487311201063,-0.006101711545852595,-0.5166831901372007,0.5044797670462913
2011-05-25,7095.829976013736,712.4555740669807,722.9343779604905,-0.00799476228257845,1.2983636350492134,-1.3143531596158482
2011-05-26,7095.841079009686,713.1907542749375,722.2214037444336,0.011102995949840988,0.7351802079567733,-0.712974216056864
2011-05-27,7095.834405588735,711.1342246209564,724.2645865565122,-0.006673420951301523,-2.0565296539811015,2.043182812078612
2011-05-28,7095.8348452720265,713.2665685841042,722.1331219599498,0.0004396832919155713,2.1323439631478323,-2.1314645965624095
2011-05-29,7095.8418689720575,712.1941890729845,723.2195488711305,0.00702370003091346,-1.0723795111197205,1.0864269111807516
2011-05-30,7095.8288352468535,711.5346632784581,723.8530072152487,-0.01303372520396806,-0.6595257945264166,0.6334583441181394
2011-05-31,7095.827579161756,711.4904671386247,723.8946911848883,-0.001256085097338655,-0.04419613983338877,0.041683969639620955
2011-06-01,7095.824757551973,713.1220907223178,722.2574243816277,-0.00282160978349566,1.6316235836931128,-1.6372668032605588
2011-06-02,7095.832916497067,711.100933264984,724.2948997291498,0.008158945094692172,-2.0211574573338567,2.037475347522104
2011-06-03,7095.821571123253,711.4110494471189,723.9620927993864,-0.011345373814037885,0.31011618213494785,-0.33280692976347837
2011-06-04,7095.8209716944075,711.1761181821221,724.1958252066928,-0.0005994288458168739,-0.23493126499681694,0.23373240730643374
2011-06-05,7095.807434381227,712.0296598705934,723.3152088918591,-0.013537313180677302,0.8535416884712959,-0.8806163148336736
2011-06-06,7095.803124406714,711.3997560933063,723.9364927201218,-0.004309974512580084,-0.6299037772870406,0.6212838282626763
2011-06-07,7095.7965686472235,712.0760850995214,723.2470521949268,-0.006555759490765922,0.6763290062150418,-0.689440525194982
2011-06-08,7095.794340784366,711.5424656437249,723.7762159250062,-0.002227862857580476,-0.5336194557964973,0.5291637300794036
2011-06-09,7095.787964654178,712.1275795304897,723.1783497778649,-0.006376130188073148,0.585113886764816,-0.5978661471413034
2011-06-10,7095.796771971286,710.6269990515538,724.6965448910187,0.008807317108221469,-1.5005804789359445,1.5181951131537517
2011-06-11,7095.786657637146,711.931244936149,723.3720703381434,-0.010114334139871062,1.3042458845952751,-1.3244745528752446
2011-06-12,7095.798828218023,711.5854920017869,723.7421644342593,0.012170580876954773,-0.34575293436216725,0.3700940961158494
2011-06-13,7095.800520071119,711.3867126089998,723.9443275332377,0.0016918530955081224,-0.1987793927870598,0.2021630989784171
2011-06-14,7095.79455929954,713.2004642538952,722.118654345186,-0.005960771578429558,1.813751644895433,-1.8256731880517236
2011-06-15,7095.780187475324,711.757805880243,723.5325690704047,-0.014371824216141249,-1.4426583736521934,1.413914725218774
2011-06-16,7095.77090316789,710.9520773682511,724.3197289675285,-0.009284307434427319,-0.8057285119919015,0.787159897123729
2011-06-17,7095.821231944806,710.8735487040569,724.4989151855553,0.05032877691610338,-0.07852866419420934,0.17918621802687085
2011-06-18,7095.768741622841,710.5344035798165,724.7330796658642,-0.05249032196479675,-0.3391451242404173,0.23416448030889114
2011-06-19,7095.781358914776,711.4432459428489,723.8494718867026,0.012617291935384856,0.9088423630323632,-0.8836077791615935
2011-06-20,7095.780154485277,712.2279359347892,723.0623730357656,-0.0012044294990118942,0.784689991940354,-0.7870988509370136
2011-06-21,7095.783547172655,710.614852005198,724.6822423401113,0.0033926873775271815,-1.6130839295911983,1.6198693043456842
2011-06-22,7095.776327225055,710.5524278267932,724.7302266233162,-0.007219947599878651,-0.06242417840485359,0.047984283204868916
2011-06-23,7095.772504457724,710.7002612121213,724.5747477033257,-0.003822767331257637,0.14783338532811285,-0.15547891999051444
2011-06-24,7095.80972352656,711.6579787121185,723.691468341002,0.03721906883674819,0.9577174999972158,-0.8832793623237194
2011-06-25,7095.764812651517,711.2216274492106,724.0379978538216,-0.04491087504356983,-0.4363512629079196,0.34652951281964306
2011-06-26,7095.764194267495,711.6216161332842,723.636772401705,-0.0006183840214362135,0.3999886840736053,-0.40122545211659144
2011-06-27,7095.762278700361,711.0077221949347,724.2468352057867,-0.0019155671343469294,-0.6138939383495199,0.6100628040817355
2011-06-28,7095.768038938215,710.741525082615,724.5245527938149,0.005760237853792205,-0.2661971123196736,0.2777175880281675
2011-06-29,7095.746343067544,710.0061221370443,725.2165639980441,-0.02169587067055545,-0.7354029455707405,0.6920112042291748
2011-06-30,7095.752952090329,711.2032401001597,724.0326640804983,0.006609022784687113,1.1971179631154882,-1.183899917545773
2011-07-01,7095.756289050689,710.9514375050362,724.291140596342,0.003336960359774821,-0.25180259512353587,0.25847651584365394
2011-07-02,7095.750771306046,710.576802398854,724.654740213237,-0.005517744642929756,-0.37463510618215423,0.36359961689504416
2011-07-03,7095.754525497489,711.4695599855985,723.7694910093805,0.003754191443476884,0.8927575867444375,-0.8852492038564606
2011-07-04,7095.745950960156,710.7011397341372,724.5207621861739,-0.008574537333515764,-0.7684202514612934,0.7512711767933524
2011-07-05,7095.746460846824,710.7153575764779,724.5075641171703,0.0005098866686239489,0.014217842340713105,-0.013198069003578894
2011-07-06,7095.744252860227,710.8161181064288,724.4023876140251,-0.002207986597568379,0.10076052995088958,-0.10517650314523053
2011-07-07,7095.743147643173,711.6732125539558,723.5430827323893,-0.00110521705391875,0.8570944475269471,-0.8593048816358078
2011-07-08,7095.739680746581,710.5098794596058,724.6994820335557,-0.0034668965918172034,-1.1633330943499232,1.1563993011664024
2011-07-09,7095.741955103186,711.7777784618391,723.4361317445344,0.002274356605084904,1.267899002233321,-1.2633502890213322
2011-07-10,7095.728379742859,711.6929182259718,723.4938412597465,-0.013575360327195085,-0.08486023586738156,0.05770951521219558
2011-07-11,7095.742998044181,710.890247688301,724.3257484000626,0.014618301322116167,-0.8026705376707923,0.8319071403160478
2011-07-12,7095.727717271409,709.6689299119748,725.5165046308418,-0.01528077277180273,-1.2213177763261456,1.1907562307792432
2011-07-13,7095.738421671008,711.9190519953689,723.2877913466466,0.010704399598580494,2.2501220833941034,-2.228713284195237
2011-07-14,7095.740188374021,711.4468506987445,723.763526049298,0.00176670301334525,-0.472201296624462,0.47573470265137985
2011-07-15,7095.7294825118115,711.3918943020216,723.7970707216001,-0.010705862209761108,-0.054956396722900536,0.033544672302127765
2011-07-16,7095.72515972222,710.2890144401082,724.8913050043311,-0.004322789591242326,-1.1028798619133795,1.0942342827310085
2011-07-17,7095.723834158814,710.7521929625736,724.4254753550539,-0.0013255634066808852,0.463178522465455,-0.46582964927722514
2011-07-18,7095.725313555095,710.1408971511237,725.0397299590667,0.0014793962818657747,-0.6112958114499634,0.6142546040127854
2011-07-19,7095.7228438833135,711.262006967991,723.9136807986348,-0.0024696717819097103,1.1211098168673743,-1.1260491604318759
2011-07-20,7095.719767666278,711.2532846237262,723.9162507088296,-0.0030762170354137197,-0.008722344264811,0.002569910194779368
2011-07-21,7095.720777084752,711.2844745776868,723.8870795918159,0.0010094184735862655,0.0311899539605065,-0.02917111701367503
2011-07-22,7095.716094003877,711.3234142062645,723.8387738014874,-0.004683080875111045,0.038939628577736585,-0.04830579032852711
2011-07-23,7095.709137919503,711.9495324230916,723.198743415913,-0.0069560843739964184,0.6261182168270807,-0.6400303855743914
2011-07-24,7095.713772321119,711.9490330141588,723.2085116280782,0.0046344016163857304,-0.0004994089327965412,0.009768212165226942
2011-07-25,7095.708667765742,710.8925849166529,724.254750614829,-0.005104555377329234,-1.056448097505836,1.0462389867508364
2011-07-26,7095.69974747596,710.7138493697727,724.4156455821475,-0.008920289781599422,-0.1787355468802616,0.160894967318427
2011-07-27,7095.706900569459,712.6726352778055,722.4711658611124,0.007153093499255192,1.9587859080328371,-1.9444797210351226
2011-07-28,7095.705533740934,711.6557181999931,723.4853492818746,-0.0013668285255334922,-1.0169170778124226,1.014183420762265
2011-07-29,7095.698283693245,711.587286598718,723.5392807877706,-0.0072500476890127175,-0.06843160127505143,0.05393150589600282
2011-07-30,7095.702489189585,712.0417536224151,723.0932247567555,0.004205496340546233,0.4544670236970205,-0.44605603101513225
2011-07-31,7095.699040807286,711.0957013894107,724.0323802251611,-0.0034483822992115165,-0.9460522330043659,0.9391554684056018
2011-08-01,7095.696841841628,711.0574950767203,724.0661886065357,-0.002198965657953522,-0.03820631269036312,0.03380838137456976
2011-08-02,7095.693873876408,712.3265723023615,722.7911754504551,-0.0029679652197955875,1.2690772256411265,-1.275013156080604
2011-08-03,7095.681940172139,711.976381763858,723.1174985804182,-0.011933704269722512,-0.35019053850351156,0.32632312996315704
2011-08-04,7095.674338774165,711.3617787393322,723.7168988089988,-0.007601397973303392,-0.6146030245257634,0.5994002285806346
2011-08-05,7095.6867099648025,712.2107865782118,722.892633351393,0.012371190637168183,0.8490078388796292,-0.8242654576058612
2011-08-06,7095.688298802969,712.3444465722131,722.7621510337253,0.0015888381667537033,0.13365999400127748,-0.1304823176676564
2011-08-07,7095.699833267627,712.269317856709,722.860348678544,0.01153446465741581,-0.07512871550409272,0.09819764481869697
2011-08-08,7095.696325879719,711.6052114247553,723.5174403346804,-0.0035073879080300685,-0.6641064319536554,0.6570916561363447
2011-08-09,7095.697033515641,712.7213179349734,722.4027490963084,0.0007076359224811313,1.11610651021806,-1.114691238371961
2011-08-10,7095.671810284459,712.7954266530616,722.2781939158549,-0.02522323118228087,0.074108718088155,-0.12455518045351255
2011-08-11,7095.674184827897,710.6031633122274,724.4752063435667,0.0023745434382362873,-2.192263340834188,2.1970124277117975
2011-08-12,7095.736633276366,712.3739889814522,722.829277571279,0.0624484484687855,1.7708256692247915,-1.6459287722876752
2011-08-13,7095.67668905746,712.750602041098,722.3327760738218,-0.05994421890591184,0.3766130596458197,-0.49650149745718863
2011-08-14,7095.681009594143,712.9904587757103,722.1015604125744,0.004320536682826059,0.23985673461231727,-0.23121566124746096
2011-08-15,7095.6651172184365,712.3500361511448,722.7101982857268,-0.01589237570624391,-0.6404226245655309,0.6086378731524746
2011-08-16,7095.670100820744,712.6492774864224,722.4209241550645,0.004983602307220281,0.2992413352776566,-0.28927413066230656
2011-08-17,7095.675296797391,712.129735133656,722.950858461125,0.005195976646973577,-0.5195423527663934,0.5299343060604542
2011-08-18,7095.664179070141,712.3927992266257,722.6655589136557,-0.011117727250166354,0.26306409296967104,-0.2852995474693216
2011-08-19,7095.677761932954,711.3929568887953,723.6925669771122,0.013582862813564134,-0.9998423378303869,1.027008063456492
2011-08-20,7095.66542944531,711.8385730733579,723.2222858172627,-0.01233248764401651,0.44561618456259566,-0.4702811598494918
2011-08-21,7095.663195168565,712.5257547539134,722.5306355832149,-0.0022342767451846157,0.6871816805554545,-0.6916502340477564
2011-08-22,7095.659780160435,711.914035292232,723.1355250286375,-0.0034150081301049795,-0.6117194616813322,0.6048894454226001
2011-08-23,7095.664286997353,712.0689887412032,722.9895852535025,0.004506836918153567,0.15495344897112773,-0.14593977513504797
2011-08-24,7095.652792744039,712.6289258612546,722.4066596268226,-0.011494253313685476,0.5599371200514724,-0.5829256266798666
2011-08-25,7095.636401138644,712.7165434189777,722.28625885831,-0.016391605395256192,0.08761755772309243,-0.12040076851258164
2011-08-26,7095.640271735485,712.1330489533128,722.8774945176558,0.0038705968408976332,-0.5834944656648986,0.5912356593457844
2011-08-27,7095.64380863845,712.627835871068,722.3897814058297,0.0035369029646972194,0.4947869177551638,-0.48771311182611043
2011-08-28,7095.636908438406,712.8372794915838,722.1665373852268,-0.006900200043673976,0.209443620515799,-0.2232440206029196
2011-08-29,7095.64952341874,711.8760143738847,723.1530324635937,0.012614980333637504,-0.9612651176990994,0.9864950783669428
2011-08-30,7095.647183097014,713.0062442816422,722.0181219123846,-0.0023403217255690834,1.1302299077575526,-1.1349105512091455
2011-08-31,7095.640318276522,712.9370132838509,722.073623269193,-0.006864820492410217,-0.069230997791351,0.05550135680846324
2011-09-01,7095.631770541321,712.7210162358505,722.2725248467906,-0.008547735200409079,-0.21599704800041764,0.19890157759755311
2011-09-02,7095.635181005835,711.2821158265825,723.7182461850863,0.003410464513763145,-1.4389004092679443,1.445721338295698
2011-09-03,7095.637657058424,713.1553590670429,721.8499550498058,0.002476052589372557,1.873243240460397,-1.868291135280515
2011-09-04,7095.631908019788,712.9867433190275,722.0070727205486,-0.005749038636167825,-0.16861574801544066,0.15711767074287764
2011-09-05,7095.644284549575,712.0040563539202,723.0145127452292,0.01237652978670667,-0.9826869651072911,1.0074400246805908
2011-09-06,7095.625658463026,712.0987607094384,722.882556216614,-0.018626086548465537,0.09470435551816081,-0.13195652861520557
2011-09-07,7095.6292383830205,712.8727292096112,722.1157475564302,0.0035799199940811377,0.7739685001728276,-0.7668086601838695
2011-09-08,7095.6362285562755,712.8140474801357,722.1884096324144,0.0069901732549624285,-0.05868172947543826,0.07266207598422625
2011-09-09,7095.608771258598,712.2644733394284,722.6830691777677,-0.027457297677756287,-0.5495741407073638,0.4946595453533291
2011-09-10,7095.614438149795,712.4962152140479,722.462661085542,0.005666891197506629,0.2317418746195017,-0.22040809222573898
2011-09-11,7095.619805951337,711.6621487388267,723.3074631638475,0.005367801541979134,-0.8340664752212206,0.8448020783055199
2011-09-12,7095.6005273756655,712.5694991998585,722.3615555514713,-0.019278575671705767,0.9073504610317968,-0.9459076123762316
2011-09-13,7095.608486086988,712.5153221078392,722.4316500661361,0.007958711322316958,-0.05417709201924481,0.07009451466478822
2011-09-14,7095.608156277875,712.4664847139073,722.4798278418439,-0.0003298091123724589,-0.04883739393187625,0.04817777570781345
2011-09-15,7095.5987906192595,711.6820389650502,723.2455422734677,-0.00936565861593408,-0.7844457488571379,0.7657144316237918
2011-09-16,7095.593177947732,711.8468502940193,723.0695056014455,-0.005612671527160273,0.16481132896910822,-0.1760366720221782
2011-09-17,7095.591603325304,711.8821952027292,723.0310114478806,-0.0015746224280519527,0.03534490870993068,-0.038494153564897715
2011-09-18,7095.589402060955,712.1335725573962,722.7752315645132,-0.0022012643494235817,0.25137735466694267,-0.25577988336738144
2011-09-19,7095.577293122394,712.346959068202,722.5376271765857,-0.012108938561141258,0.2133865108057762,-0.23760438792749028
2011-09-20,7095.572873472492,713.0734188311112,721.8023281138716,-0.00441964990204724,0.7264597629092577,-0.735299062714148
2011-09-21,7095.570043342872,712.3972230194438,722.4728636662987,-0.0028301296197241754,-0.6761958116674123,0.6705355524271681
2011-09-22,7095.564382373415,711.1335291601096,723.7252355867215,-0.005660969456585008,-1.2636938593342393,1.2523719204227746
2011-09-23,7095.584131904699,711.7890486920262,723.1092151173693,0.01974953128319612,0.6555195319166387,-0.6160204693521791
2011-09-24,7095.545402210574,712.373068620457,722.4477358006899,-0.03872969412441307,0.5840199284308483,-0.661479316679447
2011-09-25,7095.546639631462,711.7685513889636,723.0547278739614,0.0012374208881738014,-0.6045172314934462,0.6069920732714991
2011-09-26,7095.536379606405,712.3584502684215,722.4443089443876,-0.010260025057505118,0.5898988794579054,-0.6104189295738252
2011-09-27,7095.539036517295,711.3835248938902,723.4245481407005,0.0026569108904368477,-0.9749253745312672,0.9802391963129367
2011-09-28,7095.533848886331,711.3527362143915,723.444961558269,-0.005187630964428536,-0.0307886794987553,0.020413417568533987
2011-09-29,7095.522679374043,711.8068600902207,722.9684986578651,-0.011169512287779071,0.45412387582916836,-0.4764629004039307
2011-09-30,7095.517778620509,711.8365159497943,722.9290412912228,-0.004900753534457181,0.029655859573608723,-0.03945736664229571
2011-10-01,7095.506604013607,711.0944588462048,723.6487491810091,-0.011174606901477091,-0.7420571035894454,0.7197078897862639
2011-10-02,7095.511588981401,710.7673506331324,723.9858273296687,0.004984967793461692,-0.3271082130723926,0.337078148659657
2011-10-03,7095.4947114068955,711.720339893035,722.9990829207545,-0.016877574505087978,0.9529892599025516,-0.9867444089142055
2011-10-04,7095.493295860257,711.1627499952014,723.5538417253117,-0.0014155466387819615,-0.5575898978336227,0.5547588045571956
2011-10-05,7095.482659618502,711.3172914169832,723.3780278200214,-0.010636241754582443,0.15454142178180064,-0.1758139052902834
2011-10-06,7095.473523396381,711.8762199668168,722.8008268259457,-0.009136222121014725,0.5589285498336949,-0.5772009940757243
2011-10-07,7095.470982666976,710.9877844529765,723.6841808809759,-0.002540729405154707,-0.8884355138403635,0.8833540550301677
2011-10-08,7095.471011114855,711.3237802091571,723.3482420205526,2.844787923095282e-05,0.3359957561806368,-0.3359388604233118
2011-10-09,7095.460318112854,710.9314983303175,723.7191378953914,-0.010693002001062268,-0.39228187883963983,0.37089587483887954
2011-10-10,7095.457575055233,711.5121482317312,723.1330018787332,-0.0027430576210463187,0.5806499014137216,-0.5861360166582017
2011-10-11,7095.444990731377,711.5526392272674,723.0673422354866,-0.01258432385566266,0.04049099553617452,-0.06565964324659035
2011-10-12,7095.448423073206,711.2789820798209,723.3478640665903,0.003432341828556673,-0.27365714744644265,0.2805218311036697
2011-10-13,7095.4417761114055,710.8965938186723,723.7169584041386,-0.006646961800470308,-0.3823882611486624,0.36909433754829024
2011-10-14,7095.42080321142,710.5777923840641,723.9938140387762,-0.0209728999852814,-0.31880143460819,0.2768556346376272
2011-10-15,7095.415675965982,711.1292251787519,723.432126753212,-0.005127245438416139,0.5514327946877984,-0.5616872855642896
2011-10-16,7095.42102214114,711.5365211409353,723.0355231413445,0.005346175158592814,0.4072959621834116,-0.3966036118674765
2011-10-17,7095.40792842714,711.2824056152026,723.2634512390781,-0.013093714000206091,-0.25411552573268636,0.22792809773363842
2011-10-18,7095.408049679996,710.9207792305164,723.6253201294754,0.00012125285593356239,-0.36162638468624664,0.36186889039731795
2011-10-19,7095.399490877895,710.7094146049491,723.8195671508408,-0.008558802101106266,-0.21136462556728475,0.19424702136541327
2011-10-20,7095.384246640608,711.560056999192,722.9384362820228,-0.015244237287333817,0.8506423942429819,-0.8811308688179906
2011-10-21,7095.3682248575105,710.5789935614414,723.8874561535788,-0.016021783097130537,-0.9810634377506631,0.9490198715559472
2011-10-22,7095.369327265295,709.9809106933861,724.4877438372044,0.001102407784856041,-0.5980828680552577,0.6002876836256519
2011-10-23,7095.358079023024,710.2896806058387,724.1564774402102,-0.011248242270994524,0.3087699124525898,-0.33126639699423777
2011-10-24,7095.347930610656,711.2528383489426,723.1730228723682,-0.010148412368835125,0.9631577431039204,-0.9834545678420454
2011-10-25,7095.337883210141,710.3528913121125,724.0528751081674,-0.010047400514849869,-0.899947036830099,0.8798522357992624
2011-10-26,7095.321784007634,710.4582849736262,723.9152830416417,-0.016099202506666188,0.10539366151363083,-0.13759206652571265
2011-10-27,7095.309019098734,710.4307894023682,723.9172487950989,-0.012764908899953298,-0.02749557125798674,0.001965753457170649
2011-10-28,7095.299196174487,710.8432730134241,723.4851193355503,-0.0098229242466914,0.4124836110559045,-0.43212945954860515
2011-10-29,7095.2849586830935,710.4133959786118,723.8865213875761,-0.014237491393942037,-0.4298770348123071,0.40140205202578727
2011-10-30,7095.280290924471,710.679048120479,723.6115337284618,-0.00466775862241775,0.2656521418672355,-0.27498765911423106
2011-10-31,7095.272478436417,710.5341656980565,723.7407911747779,-0.007812488053787092,-0.14488242242248361,0.1292574463160463
2011-11-01,7095.26881146558,711.2125241728965,723.0550987582633,-0.0036669708370027365,0.6783584748399107,-0.6856924165145983
2011-11-02,7095.269954097947,711.3433695922457,722.9265386036486,0.0011426323671912542,0.13084541934927074,-0.12856015461466086
2011-11-03,7095.251973473425,710.9077889878607,723.3261579589878,-0.017980624522351718,-0.43558060438499524,0.39961935533915494
2011-11-04,7095.243715158726,710.5674459682713,723.6499843491799,-0.008258314698650793,-0.34034301958945434,0.32382639019215276
2011-11-05,7095.234967004851,710.6453429515899,723.5545910581113,-0.008748153875785647,0.07789698331862382,-0.0953932910686035
2011-11-06,7095.221322971572,710.7533627464337,723.4192831967094,-0.013644033278978895,0.10801979484381263,-0.1353078614018841
2011-11-07,7095.211801024571,710.5547982077534,723.59880384139,-0.009521947000393993,-0.19856453868032986,0.17952064468056506
2011-11-08,7095.209086008945,711.1069910853234,723.0411809325652,-0.0027150156265633996,0.5521928775700644,-0.5576229088247828
2011-11-09,7095.200487000051,710.9529357026776,723.1780382974248,-0.008599008893725113,-0.15405538264587904,0.13685736485956568
2011-11-10,7095.184799334113,710.667622999671,723.431975668555,-0.015687665937548445,-0.2853127030065252,0.2539373711301778
2011-11-11,7095.174759710109,710.6597307891391,723.4197886310787,-0.010039624004093639,-0.007892210531963428,-0.01218703747622385
2011-11-12,7095.157807722517,711.0621026413276,722.9835128037054,-0.016951987592619844,0.40237185218848026,-0.4362758273733789
2011-11-13,7095.1471854572865,710.9054946867558,723.1188762278157,-0.010622265230267658,-0.15660795457176846,0.13536342411032365
2011-11-14,7095.135916884411,711.0473962053488,722.954437563472,-0.011268572875451355,0.14190151859304478,-0.16443866434372012
2011-11-15,7095.11867023317,710.5966448233833,723.3706956429555,-0.017246651241293876,-0.4507513819655742,0.41625807948355487
2011-11-16,7095.108101647108,710.863274855818,723.0829284383959,-0.010568586061708629,0.26663003243470484,-0.28776720455960003
2011-11-17,7095.099151834035,711.445791480279,722.4825121877907,-0.008949813072831603,0.58251662446105,-0.6004162506052353
2011-11-18,7095.078662435207,710.9922994333127,722.8950254370998,-0.02048939882843115,-0.4534920469662893,0.41251324930908595
2011-11-19,7095.062124388589,710.3206066144402,723.5336421627371,-0.016538046617824875,-0.6716928188725433,0.6386167256373483
2011-11-20,7095.056495577859,710.5670506535962,723.2759405021203,-0.005628810729831457,0.24644403915601742,-0.2577016606168172
2011-11-21,7095.032870816832,710.0611361453848,723.7346054882781,-0.02362476102734945,-0.5059145082113901,0.458664986157828
2011-11-22,7095.024861093333,710.8907777625561,722.8889444241084,-0.00800972349861695,0.829641617171319,-0.8456610641696898
2011-11-23,7095.013125020052,711.3140762967242,722.4421737433793,-0.01173607328109938,0.4232985341681115,-0.44677068072917336
2011-11-24,7095.002285105478,711.2742057444731,722.4603644664827,-0.010839914573807619,-0.0398705522511591,0.018190723103430173
2011-11-25,7094.990425563449,710.9278463877988,722.7830047390985,-0.011859542029014847,-0.3463593566742702,0.32264027261578576
2011-11-26,7094.988070908914,712.0605448964752,721.6455969213528,-0.002354654535338341,1.1326985086764125,-1.137407817745725
2011-11-27,7094.986002884661,711.2979621707759,722.4040435985445,-0.002068024253276235,-0.7625827256993034,0.7584466771917278
2011-11-28,7094.971178613756,710.0232616189583,723.6490956085524,-0.014824270904682635,-1.2747005518176593,1.245052010007953
2011-11-29,7094.960341876187,710.6465576324181,723.0041261199556,-0.010836737568752142,0.6232960134598216,-0.6449694885968711
2011-11-30,7094.948685428425,711.457841843043,722.1695290138065,-0.011656447762106836,0.8112842106248763,-0.83459710614909
2011-12-01,7094.928598924754,711.4498231301111,722.1373747193965,-0.020086503671336686,-0.008018712931857408,-0.03215429441002016
2011-12-02,7094.928704312154,711.25614030236,722.3312683219472,0.00010538740025367588,-0.19368282775110401,0.19389360255070187
2011-12-03,7094.9163086340905,711.8396425755146,721.7229746926664,-0.012395678063512605,0.583502273154636,-0.6082936292807517
2011-12-04,7094.907720913086,711.6334343376657,721.9120074885068,-0.008587721004005289,-0.20620823784895492,0.1890327958403759
2011-12-05,7094.902035862951,710.4981858285672,723.0358858973347,-0.005685050135070924,-1.13524850909846,1.1238784088278635
2011-12-06,7094.886419985014,710.5057914695016,722.9970485005267,-0.015615877937307232,0.007605640934343683,-0.038837396807934965
2011-12-07,7094.874396840913,711.8240846389929,721.654709042831,-0.012023144101476646,1.3182931694913123,-1.3423394576957435
2011-12-08,7094.861900701448,710.6328807937166,722.8209206091769,-0.012496139464929001,-1.1912038452762772,1.1662115663459645
2011-12-09,7094.861749163768,710.9581690264619,722.4953293010731,-0.00015153767981246347,0.3252882327452653,-0.32559130810386705
2011-12-10,7094.842784685095,711.4973321440218,721.9182372261672,-0.01896447867329698,0.5391631175599514,-0.5770920749058632
2011-12-11,7094.838479386605,711.2179772560114,722.1889815171991,-0.004305298489271081,-0.27935488801040265,0.2707442910318605
2011-12-12,7094.821228633856,711.7320104266868,721.6404468410246,-0.017250752749532694,0.5140331706753614,-0.5485346761744267
2011-12-13,7094.810498149179,711.329465901679,722.0215303966767,-0.010730484676969354,-0.4025445250077837,0.381083555652026
2011-12-14,7094.802657231366,711.7485803042894,721.5867341584413,-0.007840917813155102,0.4191144026103757,-0.43479623823532165
2011-12-15,7094.797241214128,710.8153245551798,722.5091578730755,-0.005416017237621418,-0.9332557491095486,0.922423714634192
2011-12-16,7094.789484223592,711.1904187364153,722.1185497107681,-0.007756990536108788,0.375094181235454,-0.3906081623074442
2011-12-17,7094.788708838473,710.7689236888733,722.5384939880717,-0.0007753851186862448,-0.42149504754195277,0.4199442773035571
2011-12-18,7094.774046335128,712.0422043210818,721.2358883491751,-0.014662503344879951,1.2732806322085253,-1.3026056388965799
2011-12-19,7094.757391292101,711.623436203213,721.6213463809873,-0.016655043027640204,-0.4187681178688081,0.3854580318122771
2011-12-20,7094.754630444169,710.2667422506169,722.9725186377209,-0.0027608479313130374,-1.3566939525961743,1.3511722567335482
2011-12-21,7094.750567079309,710.2577663058831,722.9733678527348,-0.004063364860485308,-0.008975944733720098,0.0008492150138863508
2011-12-22,7094.741901345665,711.6246384516281,721.5891642397002,-0.008665733644193097,1.366872145744992,-1.3842036130346287
2011-12-23,7094.739360518715,712.2257848339264,720.9829362035038,-0.0025408269493709668,0.601146382298225,-0.6062280361963985
2011-12-24,7094.730343778459,711.7661996523765,721.4244879045424,-0.009016740255901823,-0.45958518154986905,0.44155170103863384
2011-12-25,7094.723508241397,711.344272152808,721.8327443299861,-0.006835537062215735,-0.42192749956848274,0.4082564254437102
2011-12-26,7094.723627684223,711.2248491563103,721.9524062121351,0.0001194428259623237,-0.11942299649774668,0.11966188214898921
2011-12-27,7094.713673099355,711.2637375256406,721.8936086730698,-0.009954584867955418,0.038888369330379646,-0.0587975390652673
2011-12-28,7094.7109367790445,711.7907971473749,721.3610764107129,-0.0027363203107597656,0.5270596217342245,-0.5325322623568809
2011-12-29,7094.709300953961,711.9761674255134,721.1724344824097,-0.0016358250832126942,0.18537027813852092,-0.188641928303241
2011-12-30,7094.704871936693,711.179647031575,721.9600968418107,-0.004429017268194002,-0.7965203939384082,0.787662359400997
2011-12-31,7094.688929075744,710.9680986157922,722.1397595356966,-0.015942860948598536,-0.21154841578277228,0.17966269388591627
2012-01-01,7094.689504994879,711.3954304848248,721.7135795049319,0.0005759191344623105,0.42733186903262776,-0.4261800307647263
2012-01-02,7094.6818749147205,712.0627086853875,721.0310411440527,-0.007630080158378405,0.6672782005626914,-0.6825383608792208
2012-01-03,7094.672010777762,710.595620197727,722.4784013577967,-0.009864136958640302,-1.467088487660476,1.4473602137439912
2012-01-04,7094.656023902477,710.710141793179,722.3319060117745,-0.01598687528530718,0.11452159545194718,-0.1464953460221068
2012-01-05,7094.659635377755,711.1328738354701,721.9163969200404,0.0036114752783760196,0.4227320422911589,-0.4155090917341795
2012-01-06,7094.694304391787,711.142778755565,721.9758300280089,0.03466901403226075,0.00990492009486843,0.0594331079685162
2012-01-07,7094.647532583131,710.9031462241912,722.1219189420711,-0.04677180865655828,-0.23963253137378615,0.1460889140622612
2012-01-08,7094.641486635025,710.934956613288,722.0780166567623,-0.0060459481055659126,0.03181038909679046,-0.04390228530883178
2012-01-09,7094.640939031298,711.2804004236364,721.7314776389603,-0.0005476037267726497,0.3454438103483426,-0.3465390178020016
2012-01-10,7094.63545108915,711.6937586232332,721.3071435550662,-0.005487942148647562,0.4133581995968143,-0.4243340838941094
2012-01-11,7094.631720266171,711.4012858795816,721.5921546527604,-0.0037308229784684954,-0.292472743651615,0.2850110976942233
2012-01-12,7094.625321564851,710.6431646427715,722.3374784869301,-0.006398701319994871,-0.7581212368100978,0.7453238341696533
2012-01-13,7094.61867083243,710.3503729914951,722.6169686733655,-0.006650732420894201,-0.2927916512763886,0.279490186435396
2012-01-14,7094.613128677176,710.8109904553663,722.1452668989859,-0.005542155254261161,0.4606174638712446,-0.47170177437953953
2012-01-15,7094.608980801887,711.9249175233967,721.0230440803774,-0.004147875289163494,1.1139270680304207,-1.1222228186085204
2012-01-16,7094.602619835205,711.6978427567801,721.2373969136289,-0.006360966682223079,-0.2270747666166244,0.21435283325149612
2012-01-17,7094.599220066869,711.2725823045905,721.655857829147,-0.003399768335839326,-0.4252604521896046,0.41846091551803966
2012-01-18,7094.605390745723,710.2523573788079,722.6884241126379,0.006170678853777645,-1.0202249257825997,1.0325662834909508
2012-01-19,7094.607367377583,710.5140517172601,722.4306830379036,0.0019766318600886734,0.2616943384522301,-0.2577410747343265
2012-01-20,7094.582548690364,710.6176454934828,722.2774518872451,-0.024818687218612467,0.103593776222624,-0.1532311506584847
2012-01-21,7094.574727761385,710.5862888217903,722.2931667009781,-0.007820928979526798,-0.031356671692492455,0.015714813732984112
2012-01-22,7094.573880604348,710.8016528339112,722.0761083747842,-0.0008471570363326464,0.2153640121209719,-0.21705832619386456
2012-01-23,7094.569252588185,710.4997678269758,722.3687373493943,-0.004628016163223947,-0.30188500693543574,0.2926289746101247
2012-01-24,7094.576345073683,711.1697995469876,721.7128906003787,0.007092485498105816,0.6700317200118207,-0.655846749015609
2012-01-25,7094.5561909095095,711.3447508067006,721.4976310123176,-0.020154164173618483,0.17495125971299785,-0.2152595880611443
2012-01-26,7094.555233224912,710.2304909745843,722.6099754752387,-0.0009576845977790072,-1.1142598321163177,1.1123444629211008
2012-01-27,7094.5481955440055,709.4763094591283,723.3500816288818,-0.007037680906250898,-0.7541815154560254,0.7401061536430689
2012-01-28,7094.544139902914,710.1054752666025,722.712804539226,-0.004055641091326834,0.6291658074742372,-0.637277089655754
2012-01-29,7094.546576105177,710.3461247320666,722.4770274782874,0.0024362022631976288,0.24064946546411647,-0.2357770609386307
2012-01-30,7094.53088129144,710.4638722436271,722.3278903392523,-0.015694813737354707,0.11774751156042385,-0.14913713903501957
2012-01-31,7094.525996773304,710.0641501809691,722.7178433656392,-0.00488451813635038,-0.3997220626579292,0.38995302638682006
2012-02-01,7094.530032726416,710.4038841309813,722.3861813218498,0.0040359531121794134,0.3397339500121461,-0.3316620437893789
2012-02-02,7094.524426237739,710.0065394348065,722.7723130406717,-0.005606488676676236,-0.39734469617474133,0.3861317188219573
2012-02-03,7094.519293001365,710.227934098258,722.5406519044723,-0.005133236373694672,0.2213946634514059,-0.23166113619947737
2012-02-04,7094.513801811341,710.1395132436613,722.618090379021,-0.005491190024258685,-0.0884208545966203,0.07743847454878505
2012-02-05,7094.502955029599,711.0137014447271,721.722208614473,-0.01084678174174769,0.8741882010657491,-0.8958817645481076
2012-02-06,7094.495355004437,709.8931963468486,722.8275136620257,-0.007600025161991653,-1.1205050978784357,1.105305047552747
2012-02-07,7094.495557952372,709.8174149786149,722.903700926129,0.00020294793466746341,-0.07578136823372006,0.07618726410328236
2012-02-08,7094.496779536209,709.8518694862028,722.8716895862157,0.001221583836922946,0.034454507587838634,-0.03201133991331062
2012-02-09,7094.498993171076,710.1228793589091,722.6051069832424,0.002213634867075598,0.27100987270637233,-0.2665826029732443
2012-02-10,7094.492986964529,709.8157397171951,722.9002342118627,-0.006006206546771864,-0.3071396417140022,0.2951272286202311
2012-02-11,7094.487082987021,710.0528660913699,722.6512998826711,-0.005903977508751268,0.2371263741747498,-0.24893432919157021
2012-02-12,7094.473851318287,709.8249379818008,722.8527646547748,-0.0132316687331695,-0.22792810956912035,0.20146477210369085
2012-02-13,7094.470495303601,710.0888287867155,722.5821618204858,-0.0033560146866875584,0.26389080491469485,-0.27060283428897947
2012-02-14,7094.476801759208,711.0507458587125,721.6328576597035,0.006306455607045791,0.9619170719970498,-0.9493041607822761
2012-02-15,7094.471664695959,710.309887980328,722.3634414115892,-0.0051370632490943535,-0.7408578783845314,0.7305837518856606
2012-02-16,7094.463623937368,710.3710589395948,722.2861889351393,-0.00804075859105069,0.061170959266860336,-0.07725247644987121
2012-02-17,7094.505774099373,710.0617820737242,722.6797661250223,0.04215016200578248,-0.3092768658706291,0.39357718988298984
2012-02-18,7094.454065265041,710.015981562394,722.6221489676872,-0.05170883433220297,-0.045800511330185145,-0.05761715733513029
2012-02-19,7094.454713505719,709.3210010545782,723.3184259568585,0.0006482406779468874,-0.6949805078157851,0.6962769891713378
2012-02-20,7094.453843599582,709.6033984825532,723.0342887166099,-0.0008699061372681172,0.28239742797495637,-0.2841372402485831
2012-02-21,7094.446266323088,709.8966722839875,722.7258603621882,-0.00757727649397566,0.29327380143433857,-0.30842835442172145
2012-02-22,7094.436720351492,710.5646667157438,722.0387739872407,-0.009545971595798619,0.6679944317562558,-0.687086374947512
2012-02-23,7094.426547493718,710.4799771110502,722.1031178763865,-0.01017285777379584,-0.08468960469360809,0.06434388914578903
2012-02-24,7094.436438441456,709.3257237310643,723.2771531518455,0.009890947737403621,-1.154253379985903,1.1740352754590049
2012-02-25,7094.427534964468,709.5566814207039,723.0283885082307,-0.008903476988052716,0.23095768963958108,-0.24876464361477701
2012-02-26,7094.4304873029805,710.8189553749203,721.7720192310402,0.0029523385128413793,1.2622739542164254,-1.2563692771905153
2012-02-27,7094.4335145030345,709.8937056858658,722.7033233202027,0.0030272000540207955,-0.9252496890544535,0.9313040891624951
2012-02-28,7094.42394394648,709.983145649371,722.5947422435892,-0.00957055655453587,0.08943996350512862,-0.10858107661351823
2012-02-29,7094.415219646912,709.1553427044181,723.4050965894048,-0.008724299567802518,-0.8278029449528503,0.8103543458156537
2012-03-01,7094.40478306555,709.5840722121796,722.9554939189196,-0.010436581362228026,0.4287295077615454,-0.44960267048520564
2012-03-02,7094.405927839684,709.3949004716727,723.1469552076964,0.0011447741344454698,-0.18917174050693575,0.19146128877673618
2012-03-03,7094.402347997167,710.7152566391225,721.8194393552128,-0.0035798425169559778,1.320356167449745,-1.3275158524835433
2012-03-04,7094.405692958749,710.2225036032984,722.3188823141984,0.0033449615812060074,-0.49275303582408014,0.49944295898558266
2012-03-05,7094.392123313116,709.9565819002103,722.5576647260211,-0.013569645632742322,-0.2659217030881109,0.23878241182273996
2012-03-06,7094.376625964175,709.5803414272592,722.90291050109,-0.01549734894069843,-0.37624047295105356,0.3452457750688609
2012-03-07,7094.379137680561,709.6643699521405,722.8239054089817,0.002511716385924956,0.08402852488131884,-0.07900509210833206
2012-03-08,7094.3625247230975,709.3237694646085,723.131279981587,-0.01661295746362157,-0.340600487532015,0.3073745726053403
2012-03-09,7094.368386301907,710.3440872035269,722.1226854002856,0.005861578809344792,1.0203177389183793,-1.008594581301395
2012-03-10,7094.36965061999,710.6334165226788,721.8358847173005,0.0012643180834857048,0.2893293191518751,-0.28680068298513106
2012-03-11,7094.364543139883,710.7311995500222,721.7278867297429,-0.005107480107653828,0.09778302734343924,-0.10799798755761003
2012-03-12,7094.361126765997,710.0782145090645,722.3740390229292,-0.0034163738855568226,-0.6529850409576738,0.6461522931863328
2012-03-13,7094.359371511237,709.7782932833655,722.6704497391086,-0.0017552547597006196,-0.29992122569899493,0.2964107161793663
2012-03-14,7094.329876899218,709.871172030823,722.5185817676127,-0.029494612019334454,0.09287874745746194,-0.15186797149590348
2012-03-15,7094.315797556403,710.7523594691697,721.6092356436345,-0.014079342815421114,0.8811874383467284,-0.9093461239781391
2012-03-16,7094.327972302566,710.2337996885358,722.1521449165965,0.012174746163509553,-0.5185597806339501,0.5429092729619924
2012-03-17,7094.321191168862,710.7333834870149,721.6389988507092,-0.006781133703952946,0.49958379847907963,-0.5131460658873266
2012-03-18,7094.3148813830885,710.090006798636,722.2697559675399,-0.006309785773737531,-0.6433766883789076,0.6307571168307504
2012-03-19,7094.304488344164,710.3656367156316,721.973339972697,-0.010393038924121356,0.27562991699562644,-0.29641599484295966
2012-03-20,7094.3149580461195,710.8458621789556,721.5140539132834,0.010469701955116761,0.48022546332401816,-0.45928605941355727
2012-03-21,7094.299197782299,710.5521645239506,721.7762310406471,-0.01576026382008422,-0.29369765500496214,0.26217712736365684
2012-03-22,7094.303560971019,710.8064444064607,721.5306775355776,0.00436318871925323,0.25427988251010447,-0.24555350506943796
2012-03-23,7094.306522081505,710.8560567084523,721.4869874545577,0.002961110486467078,0.04961230199160127,-0.04369008101991767
2012-03-24,7094.294985489913,710.0685430622831,722.2514279175427,-0.011536591591720935,-0.7875136461692591,0.7644404629850214
2012-03-25,7094.285462039298,709.6167893391304,722.6841347394654,-0.009523450615233742,-0.4517537231527058,0.43270682192269305
2012-03-26,7094.288744668894,711.4324557237832,720.8750336140041,0.003282629595560138,1.8156663846527863,-1.809101125461325
2012-03-27,7094.292320492891,710.8148902422952,721.4997507434874,0.003575823997380212,-0.6175654814879863,0.6247171294833151
2012-03-28,7094.274491297788,710.2338342966818,722.0451482988935,-0.017829195103331585,-0.5810559456133433,0.5453975554061117
2012-03-29,7094.268208074644,709.7145954844403,722.5518206648471,-0.006283223144237127,-0.5192388122414968,0.506672365953591
2012-03-30,7094.261127538057,711.3323112622066,720.9199438139061,-0.0070805365867272485,1.617715777766307,-1.631876850941012
2012-03-31,7094.261005306802,710.2675378802342,721.9844727333689,-0.00012223125486343633,-1.0647733819724863,1.0645289194627594
2012-04-01,7094.2500030155825,710.1817454924212,722.0482605387432,-0.011002291219483595,-0.08579238781294407,0.06378780537431794
2012-04-02,7094.240350268017,710.3870622878679,721.8236382481668,-0.009652747565269237,0.20531679544671988,-0.22462229057634886
2012-04-03,7094.241150664278,711.7528512196538,720.4594501089025,0.0008003962611837778,1.3657889317859144,-1.3641881392643427
2012-04-04,7094.225648100715,711.5154417018634,720.6658544995681,-0.015502563563131844,-0.23740951779041097,0.20640439066562521
2012-04-05,7094.232676795235,710.9819816248021,721.2133719656682,0.007028694520158751,-0.5334600770613633,0.5475174661000892
2012-04-06,7094.219761477796,710.9017245200598,721.2677984355317,-0.012915317439365026,-0.08025710474225889,0.05442646986352884
2012-04-07,7094.22120621069,711.4977863837177,720.6746260376618,0.0014447328940150328,0.5960618636578374,-0.593172397869921
2012-04-08,7094.217056974631,711.4251633668713,720.7389505823911,-0.004149236058765382,-0.07262301684636441,0.06432454472928839
2012-04-09,7094.207390800761,711.1253371700467,721.0194444314742,-0.009666173870755301,-0.299826196824597,0.2804938490830864
2012-04-10,7094.210663505172,710.9400836437396,721.211243366603,0.003272704411756422,-0.18525352630706493,0.19179893512875879
2012-04-11,7094.1956180519,710.5772748610656,721.5439612427339,-0.015045453272250597,-0.36280878267405114,0.3327178761309142
2012-04-12,7094.200810956706,710.7091156667899,721.4225062466217,0.005192904805880971,0.13184080572432322,-0.12145499611222021
2012-04-13,7094.1922925557765,711.8072245634526,720.3073605480992,-0.008518400929460768,1.0981088966626658,-1.1151456985224968
2012-04-14,7094.193023417546,711.2970515932312,720.818995241861,0.000730861769625335,-0.5101729702213333,0.5116346937618346
2012-04-15,7094.183476288626,711.313336852378,720.7836157248724,-0.009547128920530668,0.016285259146798126,-0.03537951698854158
2012-04-16,7094.185236768244,710.4898867807386,721.6105867557493,0.0017604796184969018,-0.8234500716393995,0.8269710308768481
2012-04-17,7094.174597203351,711.9609702011138,720.1182242055884,-0.010639564892699127,1.4710834203751801,-1.4923625501609195
2012-04-18,7094.1758981313205,710.9132611486523,721.168535113989,0.001300927969168697,-1.0477090524615278,1.050310908400661
2012-04-19,7094.171779628402,711.7381034589639,720.335455797839,-0.004118502918572631,0.8248423103116238,-0.8330793161500196
2012-04-20,7094.161874824793,711.4823530225403,720.571396627046,-0.009904803609060764,-0.2557504364235683,0.2359408292070384
2012-04-21,7094.164585159569,711.213064454012,720.8461058651228,0.00271033477565652,-0.26928856852828176,0.2747092380767526
2012-04-22,7094.151297903409,711.063022862184,720.9695729446321,-0.013287256159856042,-0.15004159182808507,0.12346707950928248
2012-04-23,7094.146912389471,711.3829815291368,720.640843249805,-0.004385513937450014,0.31995866695285713,-0.32872969482707504
2012-04-24,7094.138102639104,711.7771245713615,720.2290807068465,-0.008809750367618108,0.39414304222464125,-0.4117625429585132
2012-04-25,7094.13311151169,711.5947367073474,720.4014863160315,-0.004991127413632057,-0.18238786401411744,0.17240560918503434
2012-04-26,7094.125209044913,711.3317566121325,720.6486614776944,-0.007902466776613437,-0.2629800952148571,0.24717516166288078
2012-04-27,7094.129363777154,710.5009806068126,721.4877469474966,0.004154732240749581,-0.8307760053198763,0.8390854698021712
2012-04-28,7094.110507489431,710.6428597565871,721.3081552222746,-0.01885628772288328,0.1418791497744678,-0.17959172522193967
2012-04-29,7094.105949550185,710.8921770558633,721.0497220445058,-0.004557939246296883,0.24931729927618562,-0.2584331777688931
2012-04-30,7094.092549953274,711.8065076736667,720.1085922328801,-0.013399596910858236,0.9143306178034436,-0.9411298116256148
2012-05-01,7094.087539074708,711.0242764613122,720.8808016881025,-0.0050108785662814626,-0.7822312123545316,0.7722094552223098
2012-05-02,7094.080885063512,711.3968144922621,720.4949556347613,-0.006654011195678322,0.3725380309499542,-0.38584605334119715
2012-05-03,7094.081793701263,710.1441247270484,721.7494626754785,0.0009086377513085608,-1.252689765213745,1.2545070407172716
2012-05-04,7094.076394517274,709.7399136861382,722.1428753484083,-0.005399183989538869,-0.4042110409102406,0.39341267292979865
2012-05-05,7094.076477749512,710.7873515169638,721.0956039820597,8.3232238466735e-05,1.0474378308256291,-1.047271366348582
2012-05-06,7094.064180059918,711.9657025406947,719.8926575791418,-0.012297689594561234,1.1783510237308974,-1.2029464029179735
2012-05-07,7094.0707656887325,710.5186642093549,721.3528671681104,0.0065856288147188025,-1.4470383313397406,1.4602095889686098
2012-05-08,7094.097567155876,710.8083237825001,721.1168105292528,0.02680146714374132,0.28965957314517254,-0.23605663885757622
2012-05-09,7094.059315046636,710.4879670077978,721.3606630854732,-0.038252109240602294,-0.3203567747023044,0.24385255622041768
2012-05-10,7094.050453789975,711.2654886489584,720.5654189309915,-0.008861256660566141,0.777521641160547,-0.7952441544816793
2012-05-11,7094.045216723376,711.3257446092003,720.494688837551,-0.005237066598965612,0.06025596024198876,-0.07073009344048842
2012-05-12,7094.037223267007,710.1241394192533,721.680307114761,-0.007993456369149499,-1.2016051899470312,1.1856182772099828
2012-05-13,7094.081047549863,710.2809012808931,721.6111938188321,0.043824282855894126,0.15676186163977945,-0.0691132959289007
2012-05-14,7094.029546915288,709.712490550846,722.0766032797306,-0.0515006345749498,-0.5684107300470487,0.4654094608985133
2012-05-15,7094.013052736745,710.4631915062421,721.2929139672461,-0.016494178543325688,0.7507009553960415,-0.7836893124845119
2012-05-16,7094.006333242461,710.9341707596358,720.8084957252847,-0.006719494283970562,0.4709792533936934,-0.48441824196140715
2012-05-17,7094.013492466695,710.7662952852651,720.9906896481257,0.0071592242347833235,-0.16787547437070316,0.18219392284095193
2012-05-18,7094.006503684145,710.6459996775911,721.0970076906984,-0.006988782550251926,-0.12029560767393832,0.10631804257275235
2012-05-19,7094.0202988057645,709.8589499199156,721.9116476916123,0.01379512161929597,-0.7870497576755042,0.8146400009138688
2012-05-20,7094.006965800191,710.7520165983533,720.9919150020277,-0.01333300557325856,0.8930666784376626,-0.9197326895846345
2012-05-21,7093.997381443787,710.9336036054432,720.7911592821304,-0.009584356404047867,0.18158700708988817,-0.2007557198973018
2012-05-22,7093.985141697618,709.4433412642712,722.2569421309648,-0.012239746169143473,-1.490262341171956,1.4657828488344649
2012-05-23,7093.981191365491,709.6453726115158,722.0470101194659,-0.003950332126805733,0.2020313472445423,-0.20993201149894958
2012-05-24,7093.981801304505,709.3078977642559,722.3857048447534,0.0006099390138842864,-0.3374748472598412,0.3386947252874961
2012-05-25,7093.9644433519325,710.2183273393623,721.4405593645038,-0.01735795257263817,0.9104295751063773,-0.9451454802496073
2012-05-26,7093.969002580046,710.2028290713756,721.4651760887164,0.004559228113976133,-0.015498267986686187,0.02461672421259209
2012-05-27,7093.951281931662,709.640913438089,721.9916504252335,-0.017720648384056403,-0.5619156332866169,0.5264743365171398
2012-05-28,7093.952341029887,709.5335180462023,722.1011640135707,0.0010590982246867497,-0.10739539188671188,0.10951358833722225
2012-05-29,7093.948123656662,709.2350597545384,722.391187558785,-0.0042173732254013885,-0.2984582916639056,0.2900235452142397
2012-05-30,7093.947088049571,710.228987163203,721.3951889359384,-0.0010356070906709647,0.9939274086646037,-0.9959986228465141
2012-05-31,7093.941130377499,709.5512566612299,722.0610040937678,-0.005957672072327114,-0.6777305019730875,0.6658151578293428
2012-06-01,7093.943817786649,709.9185634062503,721.6990721670458,0.0026874091499848873,0.3673067450204144,-0.3619319267220362
2012-06-02,7093.936438431141,708.5630459657895,723.0398308964911,-0.007379355507509899,-1.3555174404608579,1.3407587294453833
2012-06-03,7093.928923083894,708.7411389485641,722.8467072192241,-0.007515347247135651,0.17809298277461494,-0.19312367726706725
2012-06-04,7093.931931509289,709.3438840695179,722.2499789490578,0.003008425394909864,0.6027451209538413,-0.5967282701662953
2012-06-05,7093.917385751331,710.2053693284496,721.3594021742108,-0.014545757958330796,0.8614852589316797,-0.8905767748469771
2012-06-06,7093.917084805924,708.9192057904219,722.6449638214248,-0.0003009454067068873,-1.286163538027722,1.2855616472139673
2012-06-07,7093.917875017728,708.9952729394982,722.5704770959559,0.0007902118040874484,0.07606714907637979,-0.07448672546888702
2012-06-08,7093.899668140068,708.7314412663843,722.7978950137507,-0.0182068776603046,-0.2638316731139412,0.2274179177948099
2012-06-09,7093.900175382935,709.4285693075223,722.101781458347,0.0005072428675703122,0.6971280411379439,-0.6961135554037128
2012-06-10,7093.89069406515,708.4921351666677,723.0192529636307,-0.00948131778568495,-0.9364341408545442,0.9174715052837428
2012-06-11,7093.883978332822,708.7355177609454,722.7624389046989,-0.006715732327393198,0.2433825942777048,-0.2568140589318091
2012-06-12,7093.91683801806,709.271459081649,722.2922169544706,0.03285968523778138,0.5359413207036141,-0.47022195022827873
2012-06-13,7093.872985086808,709.314256699125,722.1617134744899,-0.04385293125233147,0.04279761747602606,-0.130503479980689
2012-06-14,7093.872230052313,708.7704868466415,722.7039732579852,-0.0007550344944320386,-0.5437698524835923,0.5422597834952967
2012-06-15,7093.865125820017,708.1079660712612,723.3522855687718,-0.0071042322961147875,-0.6625207753802442,0.6483123107865367
2012-06-16,7093.8590722052595,708.6259933458821,722.8221510646362,-0.006053614757547621,0.518027274620863,-0.5301345041356171
2012-06-17,7093.85678712473,709.3019679718836,722.1416062775744,-0.0022850805298730847,0.6759746260015618,-0.6805447870617627
2012-06-18,7093.8573075980985,709.1438117416079,722.3008034545878,0.0005204733688515262,-0.158156230275722,0.15919717701342506
2012-06-19,7093.846887620573,708.424634208018,722.9991410331282,-0.010419977525089053,-0.7191775335899138,0.6983375785404178
2012-06-20,7093.84413478323,709.0369243905567,722.3813451759034,-0.0027528373429959174,0.6122901825386862,-0.6177958572247917
2012-06-21,7093.835194641861,708.6961797789279,722.7042095047929,-0.008940141369748744,-0.3407446116287929,0.3228643288894091
2012-06-22,7093.8344385308865,709.0565730154375,722.3423040463344,-0.0007561109741800465,0.3603932365095943,-0.36190545845840916
2012-06-23,7093.8328825642775,708.8832357021327,722.5125294264225,-0.001555966608975723,-0.1733373133048417,0.17022538008802712
2012-06-24,7093.83328433005,709.4164296054004,721.980139054699,0.0004017657729491475,0.5331939032677155,-0.5323903717235225
2012-06-25,7093.827518029736,708.4873416024788,722.8976944569945,-0.005766300314462569,-0.9290880029216169,0.9175554022955339
2012-06-26,7093.824161631932,709.1167335461787,722.261589717684,-0.0033563978040547227,0.6293919436999431,-0.63610473931044
2012-06-27,7093.820514729709,709.1363745781408,722.2346548812783,-0.003646902222499193,0.019641031962123634,-0.02693483640575778
2012-06-28,7093.820831669106,709.527498465241,721.8441648729709,0.00031693939672550187,0.39112388710020696,-0.3904900083074381
2012-06-29,7093.812452978676,708.8406135088188,722.5142924485336,-0.008378690429708513,-0.6868849564222046,0.6701275755627876
2012-06-30,7093.806021384547,708.8453768069315,722.4966659621629,-0.0064315941290260525,0.004763298112720804,-0.01762648637077291
2012-07-01,7093.811723824877,708.5548552368775,722.7985924128765,0.005702440329514502,-0.29052157005401114,0.3019264507136086
2012-07-02,7093.8069358379735,708.9774847151178,722.3663869608279,-0.004787986903465935,0.42262947824031016,-0.4322054520486063
2012-07-03,7093.806159551857,709.4853922289889,721.8569268747228,-0.0007762861168885138,0.5079075138710323,-0.5094600861050367
2012-07-04,7093.801611855029,709.1821020943811,722.1511216156752,-0.004547696828012704,-0.3032901346077779,0.2941947409523209
2012-07-05,7093.798397623098,708.9542643229898,722.3725309232068,-0.003214231930542155,-0.2278377713912505,0.22140930753164412
2012-07-06,7093.793010104117,708.8144769175273,722.5015432907046,-0.005387518981478934,-0.1397874054625845,0.12901236749780765
2012-07-07,7093.798277139742,709.4706354882865,721.8559187911977,0.005267035625365679,0.656158570759203,-0.6456244995068801
2012-07-08,7093.784698609994,709.1144146942402,722.1849825257466,-0.013578529747974244,-0.35622079404629403,0.3290637345488676
2012-07-09,7093.787068781831,709.9070005758446,721.3971369878168,0.0023701718373558833,0.7925858816043956,-0.7878455379297975
2012-07-10,7093.780752586473,709.7418828461527,721.5496223267921,-0.006316195358522236,-0.16511772969181493,0.1524853389753389
2012-07-11,7093.776886590197,710.101619107648,721.182154072746,-0.0038659962756355526,0.3597362614952999,-0.36746825404611627
2012-07-12,7093.7705730476655,709.0929884481427,722.1781576471876,-0.006313542531643179,-1.008630659505343,0.9960035744416018
2012-07-13,7093.7669149921485,709.1839730370931,722.0798569472046,-0.003658055517007597,0.0909845889503913,-0.09830069998304225
2012-07-14,7093.753536913475,709.3376030817951,721.8994707451545,-0.013378078673667915,0.15363004470202668,-0.18038620205004463
2012-07-15,7093.756962321851,710.1470406734092,721.0968839702925,0.003425408375733241,0.809437591614028,-0.802586774861993
2012-07-16,7093.749919085082,710.1151848380764,721.1146533320882,-0.007043236768367933,-0.03185583533274894,0.017769361795672012
2012-07-17,7093.747731888145,710.5392251645799,720.6862386117084,-0.0021871969374842593,0.4240403265034729,-0.42841472037980566
2012-07-18,7093.7448605758445,709.9446546547664,721.2750664969225,-0.0028713123001580243,-0.5945705098134795,0.5888278852140729
2012-07-19,7093.729207109219,709.8672468989353,721.3211673195025,-0.015653466625735746,-0.07740775583113191,0.04610082258000148
2012-07-20,7093.764253507921,709.1811652671231,722.0773417487186,0.03504639870243409,-0.6860816318121579,0.7561744292161166
2012-07-21,7093.735558909262,710.3056081292538,720.8955096892703,-0.0286945986590581,1.1244428621306497,-1.1818320594483112
2012-07-22,7093.725214261477,711.4788759749079,719.7015525480459,-0.01034464778513211,1.1732678456540953,-1.1939571412243595
2012-07-23,7093.736872298802,710.1001781507103,721.1035664468939,0.011658037325105397,-1.378697824197502,1.4020138988479403
2012-07-24,7093.727866487886,710.2201482811919,720.9655846945801,-0.009005810916278278,0.11997013048153349,-0.13798175231374898
2012-07-25,7093.722708868086,710.3550313233974,720.820386412772,-0.0051576198002294404,0.13488304220550162,-0.14519828180812056
2012-07-26,7093.718659529369,710.6846874006127,720.4826316581249,-0.004049338716868078,0.3296560772153043,-0.3377547546471078
2012-07-27,7093.715275234902,710.9205379968158,720.2400124729867,-0.0033842944667412667,0.23585059620313586,-0.24261918513821001
2012-07-28,7093.720101358543,709.6331182494196,721.5370844676656,0.004826123640668811,-1.2874197473962568,1.2970719946789586
2012-07-29,7093.707986399055,709.925685471082,721.2202873270274,-0.012114959487917076,0.2925672216624662,-0.31679714063818665
2012-07-30,7093.712128149923,710.7598844738235,720.3943718260214,0.004141750868257077,0.8341990027414568,-0.8259155010060795
2012-07-31,7093.711022166263,709.7613072413932,721.3907370911335,-0.0011059836597269168,-0.998577232430307,0.9963652651121038
2012-08-01,7093.7073932723515,710.1806100941384,720.9641764505645,-0.0036288939118094277,0.4193028527452043,-0.42656064056893683
2012-08-02,7093.696405006943,710.9612687704798,720.1615412434055,-0.010988265408741427,0.7806586763414316,-0.8026352071590281
2012-08-03,7093.698597946359,710.6256810880928,720.5015148046259,0.0021929394160906668,-0.3355876823869721,0.339973561220404
2012-08-04,7093.690465217123,711.1760214785584,719.9349089556875,-0.00813272923551267,0.5503403904655215,-0.5666058489383659
2012-08-05,7093.688217168352,711.2956509055775,719.8107834311263,-0.0022480487714346964,0.1196294270191629,-0.12412552456123649
2012-08-06,7093.686226108928,710.449946341382,720.6525058764737,-0.0019910594237444457,-0.8457045641955574,0.8417224453473864
2012-08-07,7093.680094024314,709.7723842888216,721.3178037598043,-0.00613208461436443,-0.6775620525603472,0.6652978833305951
2012-08-08,7093.672314267724,710.7516808214149,720.322947714032,-0.0077797565900254995,0.9792965325932528,-0.9948560457722806
2012-08-09,7093.67031604855,710.602760546455,720.4678715506462,-0.001998219173401594,-0.14892027495989169,0.14492383661422537
2012-08-10,7093.666925480574,710.7817610719435,720.2820898892045,-0.003390567976566672,0.17900052548850454,-0.18578166144175157
2012-08-11,7093.65960532845,710.4856742464921,720.5635364104085,-0.007320152123611479,-0.2960868254514253,0.28144652120397495
2012-08-12,7093.654100952324,711.2302776828888,719.8079242217605,-0.005504376125827548,0.7446034363966874,-0.7556121886480014
2012-08-13,7093.650185744299,710.8501515875587,720.1802199010381,-0.0039152080253188615,-0.3801260953300698,0.3722956792776131
2012-08-14,7093.647397098836,710.769286063671,720.255508134001,-0.002788645462715067,-0.08086552388772361,0.0752882329629756
2012-08-15,7093.63261465267,710.8087604362601,720.1864688690788,-0.01478244616646407,0.039474372589097584,-0.0690392649222531
2012-08-16,7093.643590364573,710.373088120707,720.6440926084399,0.010975711903483898,-0.43567231555300623,0.4576237393611109
2012-08-17,7093.631806477334,710.7100715199755,720.2835414346928,-0.01178388723928947,0.33698339926843346,-0.3605511737471261
2012-08-18,7093.634645676365,710.6510484586457,720.3482428940833,0.002839199030859163,-0.059023061329753546,0.06470145939056238
2012-08-19,7093.633266567656,711.294913687009,719.7016194483039,-0.0013791087085337494,0.6438652283632109,-0.6466234457794826
2012-08-20,7093.630399326263,710.2256877833419,720.7651108691838,-0.0028672413936874364,-1.0692259036670748,1.0634914208799273
2012-08-21,7093.628362059722,711.2324275239558,719.7542965954898,-0.002037266540355631,1.0067397406139662,-1.0108142736939953
2012-08-22,7093.624199057705,710.7535411647459,720.2248569506627,-0.004163002017776307,-0.4788863592099233,0.47056035517289274
2012-08-23,7093.617706238792,710.4586185635408,720.5067939140431,-0.006492818912192888,-0.294922601205144,0.2819369633804172
2012-08-24,7093.621369968569,709.9549272222065,721.0178127149306,0.0036637297762354137,-0.5036913413342745,0.5110188008875411
2012-08-25,7093.61227995332,710.2720302012207,720.6825297054181,-0.009090015249057615,0.31710297901418016,-0.33528300951252277
2012-08-26,7093.6067450897635,710.0366129005637,720.906877278962,-0.005534863556022174,-0.23541730065699085,0.22434757354392332
2012-08-27,7093.603975593424,710.7834481889225,720.1545029979251,-0.0027694963391695637,0.7468352883588523,-0.752374281036964
2012-08-28,7093.608412280082,709.870748875624,721.0760756845395,0.0044366866577547626,-0.9126993132985035,0.9215726866144678
2012-08-29,7093.596367316219,711.2468734223004,719.6758612101364,-0.012044963863445446,1.3761245466763512,-1.4002144744031284
2012-08-30,7093.611269283503,710.973720244628,719.9788183223786,0.014901967284458806,-0.2731531776723841,0.3029571122422112
2012-08-31,7093.5972371179005,710.6871976719168,720.2372765638842,-0.014032165602657187,-0.28652257271119197,0.25845824150553653
2012-09-01,7093.590497458546,709.9079877445589,721.0030071725332,-0.006739659354025207,-0.779209927357897,0.7657306086490507
2012-09-02,7093.592437078339,710.3677698226663,720.5471043340098,0.0019396197922105785,0.45978207810742333,-0.4559028385234569
2012-09-03,7093.583470631929,710.290334584182,720.6066066796769,-0.008966446409431228,-0.07743523848432687,0.05950234566716972
2012-09-04,7093.587593097004,710.505808045794,720.3993781482139,0.004122465074942738,0.215473461611964,-0.20722853146298803
2012-09-05,7093.571062668297,709.9786258816835,720.8934994549103,-0.016530428707483225,-0.5271821641105134,0.4941213066963428
2012-09-06,7093.56014500382,709.9033546795857,720.9469353280546,-0.010917664476437494,-0.0752712020977242,0.05343587314428078
2012-09-07,7093.548342749924,710.5505748398843,720.2761106599635,-0.011802253896348702,0.6472201602986161,-0.6708246680910861
2012-09-08,7093.549122666527,709.2237011707767,721.6045441622772,0.0007799166032782523,-1.3268736691076128,1.3284335023137146
2012-09-09,7093.5604048568075,709.8392078496074,721.0116018640075,0.011282190280326176,0.615506678830684,-0.5929422982696906
2012-09-10,7093.522924081157,709.4808943685404,721.2949537937743,-0.03748077565069252,-0.3583134810670572,0.283351929766809
2012-09-11,7093.524813994248,709.9886221848398,720.7910058036562,0.0018899130909630912,0.5077278162993935,-0.5039479901181494
2012-09-12,7093.521623258158,709.411856522332,721.3613899939821,-0.0031907360898912884,-0.5767656625077962,0.5703841903259672
2012-09-13,7093.510522206663,710.2743154914348,720.4767289218904,-0.011101051494733838,0.8624589691028177,-0.884661072091717
2012-09-14,7093.511615683256,709.4968586916362,721.2563726748756,0.0010934765932688606,-0.7774567997985287,0.7796437529851801
2012-09-15,7093.505079911872,709.3553691724657,721.384790651277,-0.00653577138473338,-0.14148951917059094,0.12841797640135155
2012-09-16,7093.507918487536,709.8697093631652,720.8761276119063,0.0028385756641000626,0.5143401906994995,-0.5086630393706173
2012-09-17,7093.4987328257275,709.7208520509548,721.0066136005007,-0.009185661808260193,-0.14885731221033893,0.13048598859438698
2012-09-18,7093.499633482725,709.4129312963877,721.3163356690596,0.0009006569971461431,-0.3079207545671352,0.30972206855892637
2012-09-19,7093.49049708303,708.4815600261371,722.2294341399238,-0.009136399694398278,-0.9313712702505654,0.9130984708641563
2012-09-20,7093.495970150262,709.4631538531286,721.258786447395,0.005473067231832829,0.9815938269914568,-0.9706476925288143
2012-09-21,7093.484177302908,709.3395012770568,721.3588533287599,-0.011792847353717661,-0.12365257607177682,0.10006688136490993
2012-09-22,7093.47900543426,708.9327441441707,721.7552667243492,-0.005171868648176314,-0.4067571328861277,0.3964133955893203
2012-09-23,7093.478998469094,709.6393618611465,721.0486350770403,-6.965165994188283e-06,0.7066177169758703,-0.7066316473088818
2012-09-24,7093.467838606632,710.0790762599956,720.5866009532665,-0.011159862462591263,0.43971439884910524,-0.462034123773833
2012-09-25,7093.47367856612,708.4946030272336,722.1827541050059,0.005839959488184832,-1.5844732327620932,1.5961531517393723
2012-09-26,7093.458829171973,708.5938666383212,722.053791705623,-0.014849394146949635,0.09926361108762194,-0.12896239938288545
2012-09-27,7093.451457062501,708.9428499685847,721.6900641564162,-0.007372109472271404,0.3489833302635361,-0.36372754920682837
2012-09-28,7093.450047633977,709.933403968075,720.6966912998788,-0.0014094285234023118,0.9905539994903165,-0.9933728565373485
2012-09-29,7093.4388984499565,709.124442053666,721.4833548462459,-0.011149184020723624,-0.8089619144089966,0.7866635463670946
2012-09-30,7093.429774482862,707.5762611281378,723.0132878375853,-0.00912396709463792,-1.548180925528186,1.529932991339365
2012-10-01,7093.423210546433,708.0219582302228,722.5544628626437,-0.006563936428392481,0.4456971020849778,-0.4588249749415354
2012-10-02,7093.411908429279,709.2095417409664,721.3442751175916,-0.011302117154627922,1.1875835107435933,-1.210187745052167
2012-10-03,7093.407312964376,709.2613251053757,721.2833008233745,-0.004595464903104585,0.05178336440928888,-0.060974294217089664
2012-10-04,7093.405202725919,709.9512478479976,720.5891576038391,-0.002110238457134983,0.6899227426218886,-0.6941432195353627
2012-10-05,7093.3883636564515,708.8205223236675,721.686204989234,-0.016839069467096124,-1.130725524330046,1.0970473853949443
2012-10-06,7093.376145275591,708.0167283489812,722.4655622021997,-0.01221838086075877,-0.8037939746863003,0.7793572129656923
2012-10-07,7093.3783813807195,708.3252375782596,722.1615251831806,0.002236105128758936,0.3085092292783429,-0.3040370190191197
2012-10-08,7093.3649738075665,708.7057449588855,721.7542026562467,-0.013407573153017438,0.38050738062588607,-0.4073225269339673
2012-10-09,7093.367209502472,708.9790781911857,721.4853408137575,0.002235694905721175,0.2733332323002742,-0.2688618424891729
2012-10-10,7093.356138077732,708.6740374504849,721.768238704978,-0.011071424740293878,-0.3050407407008606,0.28289789122050024
2012-10-11,7093.35451136673,708.6543169236629,721.7847058097952,-0.001626711002245429,-0.019720526821970452,0.01646710481725222
2012-10-12,7093.355508602361,708.596904805109,721.844112399611,0.0009972356310754549,-0.057412118553884284,0.05940658981580782
2012-10-13,7093.3514513292575,708.9410020931698,721.4919005653458,-0.00405727310317161,0.344097288060766,-0.35221183426529024
2012-10-14,7093.340239731982,708.5585641172228,721.8519153467417,-0.011211597275178065,-0.38243797594702755,0.3600147813959893
2012-10-15,7093.3347998297895,708.7317206140068,721.6678790455712,-0.005439902192847512,0.17315649678403133,-0.18403630117052217
2012-10-16,7093.33249042466,708.7173496772741,721.6776311720454,-0.002309405129381048,-0.014370936732689188,0.009752126474154466
2012-10-17,7093.319705908123,708.3910075875033,721.9784042287419,-0.012784516537067248,-0.3263420897708329,0.30077305669647103
2012-10-18,7093.309676831453,708.4043762876023,721.9449773753031,-0.010029076670434733,0.013368700099022135,-0.03342685343875473
2012-10-19,7093.305855250726,708.4691004409764,721.8726100604758,-0.00382158072625316,0.06472415337407256,-0.072367314827261
2012-10-20,7093.298565516699,708.7660143738563,721.5611166595417,-0.007289734026926453,0.29691393287987466,-0.3114934009341823
2012-10-21,7093.28809641176,708.5322525441076,721.7739402794125,-0.010469104939147655,-0.23376182974868698,0.21282361987084641
2012-10-22,7093.281461496599,709.4123851029199,720.8805378902772,-0.006634915161157551,0.8801325588123063,-0.8934023891353036
2012-10-23,7093.270431332354,708.5575683963386,721.713294268368,-0.011030164245312335,-0.8548167065812322,0.8327563780908349
2012-10-24,7093.265643385633,709.2453544352135,721.0159323360523,-0.004787946721080516,0.6877860388748331,-0.6973619323157436
2012-10-25,7093.255362649095,708.5723610495672,721.6683642486216,-0.010280736537424673,-0.6729933856462367,0.652431912569341
2012-10-26,7093.244562760192,709.2099951852675,721.0091303351161,-0.010799888903420651,0.6376341357002957,-0.6592339135055454
2012-10-27,7093.229897493727,708.3443678874639,721.8454270999893,-0.014665266465271998,-0.8656272978035986,0.8362967648731683
2012-10-28,7093.223181339982,709.0068688789373,721.1694938010269,-0.0067161537444917485,0.6625009914733937,-0.6759332989623772
2012-10-29,7093.2187953196435,709.0300468107181,721.1375438285683,-0.004386020338642993,0.023177931780764993,-0.03194997245861941
2012-10-30,7093.21255281154,709.1890679458303,720.966037677249,-0.006242508103241562,0.15902113511219795,-0.1715061513192495
2012-10-31,7093.19997006994,709.0448694577475,721.0850706821327,-0.012582741600454028,-0.14419848808279312,0.11903300488370405
2012-11-01,7093.201273640303,709.6033764876927,720.5291707929129,0.00130357036323403,0.55850702994519,-0.5558998892198588
2012-11-02,7093.188667085615,708.8060355478264,721.3012986234039,-0.012606554688318283,-0.7973409398663307,0.7721278304910584
2012-11-03,7093.186261245664,709.1604571539704,720.9420653373575,-0.0024058399503701366,0.3544216061440011,-0.35923328604644666
2012-11-04,7093.180096020594,708.6373463580272,721.4528456831598,-0.006165225070617453,-0.5231107959431256,0.5107803458023454
2012-11-05,7093.175858576368,708.6090375731159,721.4726795796198,-0.004237444225509535,-0.028308784911359908,0.019833896459999778
2012-11-06,7093.170995243325,708.779041030389,721.2929494562596,-0.004863333043431339,0.17000345727308286,-0.1797301233601729
2012-11-07,7093.170640569729,709.5092393650515,720.5620417744051,-0.0003546735961208469,0.730198334662532,-0.7309076818545464
2012-11-08,7093.171574217344,709.5387079550993,720.5344404795879,0.0009336476150565431,0.029468590047827092,-0.027601294817145572
2012-11-09,7093.1551446867625,709.0077197318045,721.0325696417201,-0.016429530581262952,-0.5309882232947984,0.49812916213215885
2012-11-10,7093.156304842858,708.9616214116306,721.0809882740853,0.0011601560954659362,-0.04609832017388271,0.048418632365155645
2012-11-11,7093.149042428639,708.8025329713347,721.2255518859445,-0.007262414218530466,-0.15908844029593183,0.14456361185921196
2012-11-12,7093.139109943388,708.8216408088945,721.1865790778797,-0.009932485251738399,0.019107837559772634,-0.03897280806472736
2012-11-13,7093.145579374965,710.0079986168951,720.0131601330332,0.006469431576988427,1.1863578080005936,-1.173418944846503
2012-11-14,7093.132763251076,709.9974283290571,719.9980981730938,-0.012816123889024311,-0.010570287837936121,-0.01506195993943038
2012-11-15,7093.133135455563,710.0960851041849,719.9001858069405,0.00037220448757580016,0.09865677512777893,-0.09791236615330945
2012-11-16,7093.149307979894,709.6558606355093,720.3727553242773,0.01617252433061367,-0.4402244686756376,0.47256951733675123
2012-11-17,7093.11516744289,709.9567188566563,720.0036160291226,-0.03414053700362274,0.3008582211469957,-0.3691392951546959
2012-11-18,7093.109618825738,709.2755980947646,720.6736395567103,-0.005548617152271618,-0.6811207618916342,0.6700235275877731
2012-11-19,7093.092118555277,709.5614592591716,720.3527778513816,-0.01750027046091418,0.2858611644069242,-0.3208617053287526
2012-11-20,7093.08679368314,709.6840136994952,720.2195736667855,-0.005324872136952763,0.12255444032359719,-0.1332041845960248
2012-11-21,7093.074280763584,709.5699995542901,720.3085619728777,-0.012512919555774715,-0.11401414520503295,0.08898830609211927
2012-11-22,7093.067190337048,709.8684703760094,719.9959102980866,-0.007090426536706218,0.29847082171932016,-0.3126516747910273
2012-11-23,7093.0582603213,710.3899872758755,719.4565333667244,-0.008930015747864672,0.5215168998660147,-0.5393769313621988
2012-11-24,7093.049596246667,708.8410677552765,720.9881247380558,-0.008664074633088603,-1.548919520598929,1.5315913713313876
2012-11-25,7093.041627109756,708.837109031708,720.9761451878028,-0.007969136911015084,-0.003958723568530331,-0.01197955025304509
2012-11-26,7093.0236489854515,710.16897993286,719.6083180380417,-0.017978124304136145,1.3318709011520014,-1.3678271497610694
2012-11-27,7093.023762092728,710.6475456167578,719.129978568698,0.00011310727677482646,0.47856568389784115,-0.47833946934372307
2012-11-28,7093.0175487793285,709.8743670093637,719.8907305492935,-0.006213313399712206,-0.7731786073941294,0.7607519805955008
2012-11-29,7093.01984242259,709.6374450716436,720.1322397735368,0.0022936432615097146,-0.23692193772012615,0.24150922424325927
2012-11-30,7092.9911523752435,709.3914475480066,720.3208572024798,-0.0286900473465721,-0.24599752363701555,0.18861742894307554
2012-12-01,7092.991836867992,709.8929021679612,719.8207715680228,0.0006844927484053187,0.501454619954643,-0.5000856344570366
2012-12-02,7092.990340834118,710.4377768909122,719.272904777323,-0.0014960338739911094,0.5448747229510218,-0.5478667906997998
2012-12-03,7092.998547330135,709.5889430180413,720.1381516422285,0.008206496017010068,-0.848833872870955,0.8652468649055436
2012-12-04,7092.994964500419,710.4003683254891,719.3195606753486,-0.003582829715924163,0.8114253074478484,-0.818590966879924
2012-12-05,7092.996458188097,710.0397939317303,719.683122444462,0.0014936876777937869,-0.3605743937588386,0.363561769113403
2012-12-06,7093.000677483379,710.1395631814697,719.5917917852881,0.004219295282382518,0.09976924973943824,-0.0913306591738774
2012-12-07,7092.991917494083,709.5836416959397,720.1301932922269,-0.008759989295867854,-0.555921485530007,0.538401506938726
2012-12-08,7092.97595156135,709.9871040523947,719.6947990703039,-0.015965932733706723,0.403462356454952,-0.43539422192293387
2012-12-09,7092.978979581024,709.2270284667925,720.4609306952552,0.0030280196742751286,-0.7600755856021806,0.7661316249512993
2012-12-10,7092.969946196246,710.4563170996372,719.2135752928557,-0.00903338477746729,1.229288632844714,-1.2473554023995348
2012-12-11,7092.970890463325,710.3522980706924,719.3194828559576,0.000944267078921257,-0.10401902894477644,0.10590756310193683
2012-12-12,7092.961277847644,710.4321285503373,719.2204271449508,-0.009612615681362513,0.07983047964489742,-0.09905571100682664
2012-12-13,7092.963869019602,709.3968232052722,720.2609148339303,0.0025911719576470205,-1.035305345065126,1.0404876889795105
2012-12-14,7092.97365331452,709.9773974002895,719.6999092287496,0.009784294918063097,0.5805741950173342,-0.5610056051807533
2012-12-15,7092.959822795518,709.7582374570051,719.891408134033,-0.013830519001203356,-0.21915994328446686,0.1914989052834244
2012-12-16,7092.955152411076,710.5393184106819,719.1009864114706,-0.004670384442761133,0.781080953676792,-0.7904217225624279
2012-12-17,7092.942380786643,709.9172892544678,719.6974723188177,-0.012771624432389217,-0.6220291562140119,0.5964859073471871
2012-12-18,7092.9261940640945,709.9978495811662,719.5845385470232,-0.016186722548809485,0.08056032669833257,-0.1129337717945873
2012-12-19,7092.9345738503725,709.2635743104331,720.3355733903112,0.00837978627805569,-0.7342752707330646,0.7510348432880392
2012-12-20,7092.934050788434,709.8098670625202,719.7882345143476,-0.0005230619381109136,0.5462927520870835,-0.5473388759636464
2012-12-21,7092.997468912669,709.8356612425886,719.8892765827495,0.06341812423488591,0.025794180068373862,0.10104206840196639
2012-12-22,7092.995152050501,709.7378313387999,719.9824727622021,-0.002316862168299849,-0.09782990378869272,0.09319617945254777
2012-12-23,7092.991456214471,709.6939915775855,720.0189208513567,-0.0036958360296921455,-0.04383976121437172,0.03644808915464637
2012-12-24,7092.988857587556,709.6504238623738,720.0572913127369,-0.002598626915641944,-0.04356771521167957,0.03837046138016831
2012-12-25,7092.984744871188,709.6028717596314,720.0966179827436,-0.004112716367671965,-0.04755210274242927,0.03932667000674428
2012-12-26,7092.981072378124,709.5446465024977,720.147498253749,-0.0036724930641867104,-0.058225257133699415,0.050880271005325994
2012-12-27,7092.977006436313,709.4917057066584,720.1923071659669,-0.00406594181094988,-0.05294079583927669,0.04480891221794536
2012-12-28,7092.972296457895,709.4497814714655,720.2248114443227,-0.004709978417849925,-0.041924235192936976,0.0325042783557592
2012-12-29,7092.968073485048,709.4129403397417,720.2532066303537,-0.004222972846946504,-0.03684113172380421,0.02839518603104807
2012-12-30,7092.965184469531,709.3711129532721,720.2892559857883,-0.0028890155172121013,-0.04182738646954931,0.036049355434556674
2012-12-31,7092.961878253078,709.3245493300819,720.3292071760749,-0.00330621645298379,-0.04656362319019536,0.0399511902866152
2013-01-01,7092.958364129538,709.275769907055,720.3709583520202,-0.003514123540298897,-0.04877942302698557,0.041751175945364594
2013-01-02,7092.954212675975,709.2269363129237,720.4114890390257,-0.0041514535623718984,-0.048833594131224345,0.040530687005457366
2013-01-03,7092.949885807604,709.1788838281468,720.4508877870614,-0.004326868371208548,-0.04805248477691748,0.03939874803575094
2013-01-04,7092.946037101901,709.1333907139598,720.4886834898417,-0.003848705702694133,-0.04549311418702473,0.03779570278027222
2013-01-05,7092.941780985588,709.0799346216671,720.5336273495079,-0.00425611631362699,-0.053456092292663016,0.044943859666204844
2013-01-06,7092.936211330852,709.0301480083971,720.5722746533058,-0.005569654736063967,-0.049786613270043745,0.03864730379791581
2013-01-07,7092.931368384478,708.9796623511482,720.6130744178081,-0.004842946373173618,-0.05048565724882792,0.04079976450225331
2013-01-08,7092.925701221481,708.9313564671842,720.6500459757779,-0.00566716299726977,-0.0483058839640762,0.036971557969764035
2013-01-09,7092.91960688697,708.8840485835818,720.6851651903568,-0.00609433451154473,-0.04730788360234328,0.03511921457891276
2013-01-10,7092.91531351108,708.8476843900511,720.7129426321088,-0.004293375889574236,-0.03636419353074416,0.027777441752050436
2013-01-11,7092.911542130396,708.8144921482092,720.7385921125825,-0.003771380684156611,-0.033192241841902614,0.02564948047370308
2013-01-12,7092.905329950322,708.7708642390878,720.7697956615556,-0.006212180073816853,-0.04362790912136916,0.03120354897305333
2013-01-13,7092.896536307651,708.7186035394238,720.8044690758786,-0.008793642670752888,-0.052260699663975174,0.03467341432303783
2013-01-14,7092.888720231771,708.6722691991457,720.8351712643951,-0.007816075880327844,-0.046334340278122,0.03070218851644313
2013-01-15,7092.882573175699,708.6333840510356,720.8617623003615,-0.006147056072222767,-0.038885148110125556,0.02659103596647583
2013-01-16,7092.875398014821,708.5876443897192,720.8931516399224,-0.0071751608775230125,-0.04573966131636098,0.03138933956086021
2013-01-17,7092.868662806986,708.5347948810759,720.9325307328977,-0.0067352078349358635,-0.05284950864336224,0.039379092975309504
2013-01-18,7092.862134295106,708.4811478555816,720.973120734632,-0.0065285118798783515,-0.05364702549422873,0.04059000173424465
2013-01-19,7092.855965603019,708.4363981021588,721.0055331038802,-0.006168692087157979,-0.044749753422820504,0.03241236924827717
2013-01-20,7092.8529951695455,708.3976329762314,721.0383573628593,-0.0029704334738198668,-0.038765125927398,0.03282425897907615
2013-01-21,7092.851293862829,708.3671087832563,721.0654789424013,-0.001701306716313411,-0.030524192975121878,0.02712157954204031
2013-01-22,7092.8483698320915,708.332995840537,721.0937438236454,-0.0029240307376312558,-0.03411294271927545,0.02826488124401294
2013-01-23,7092.845765206688,708.3194737832155,721.1020566301603,-0.00260462540336448,-0.013522057321551983,0.00831280651493671
2013-01-24,7092.843337592387,708.3143781539467,721.1022970308254,-0.002427614301268477,-0.005095629268794255,0.00024040066512043268
2013-01-25,7092.839817543259,708.2988871856722,721.1107479008459,-0.0035200491274736123,-0.015490968274434636,0.008450870020510592
2013-01-26,7092.835054220478,708.2697664423408,721.1303419986151,-0.004763322781400348,-0.029120743331418453,0.01959409776918619
2013-01-27,7092.83108985876,708.2593456447132,721.1328340728073,-0.003964361718317377,-0.010420797627602951,0.0024920741922187517
2013-01-28,7092.829512754981,708.2477140897524,721.1413114202078,-0.0015771037787999376,-0.011631554960786161,0.008477347400457802
2013-01-29,7092.827935838352,708.241526268356,721.144345408347,-0.0015769166293466697,-0.006187821396451909,0.0030339881392364987
2013-01-30,7092.824040832189,708.2245089446506,721.153572719727,-0.0038950061625655508,-0.01701732370543141,0.009227311379959247
2013-01-31,7092.8203435896385,708.1983625839963,721.1723245952796,-0.0036972425505155115,-0.02614636065425202,0.018751875552652564
2013-02-01,7092.8173025238075,708.1726275306285,721.1919775169858,-0.003041065830984735,-0.0257350533678391,0.01965292170621069
2013-02-02,7092.81297477973,708.1575666118623,721.1983829475968,-0.004327744077272655,-0.015060918766153009,0.006405430610925578
2013-02-03,7092.808514774841,708.1491412278282,721.197888321853,-0.004460004889551783,-0.008425384034126182,-0.0004946257437268287
2013-02-04,7092.806157571354,708.1495196098934,721.1927955328125,-0.002357203487008519,0.0003783820652643044,-0.005092789040531898
2013-02-05,7092.803471246164,708.1439919811861,721.1929505111418,-0.0026863251896429574,-0.005527628707341137,0.00015497832930577715
2013-02-06,7092.800757251026,708.1533350947542,721.1781794072967,-0.002713995138037717,0.009343113568093031,-0.01477110384507796
2013-02-07,7092.79707498357,708.1434002357952,721.1807497313456,-0.003682267455587862,-0.009934858959013582,0.002570324048861039
2013-02-08,7092.79310865736,708.1519049045759,721.164312410145,-0.003966326210502302,0.008504668780688007,-0.016437321200555743
2013-02-09,7092.7904184967565,708.1543862260318,721.1564507674805,-0.0026901606033788994,0.002481321455888974,-0.007861642664579449
2013-02-10,7092.788048942827,708.1559940998335,721.1501037858195,-0.002369553929383983,0.0016078738017313299,-0.006346981660954043
2013-02-11,7092.784304805858,708.1906928523001,721.1079167594143,-0.0037441369695443427,0.03469875246662468,-0.04218702640525862
2013-02-12,7092.7806271069485,708.2046967684352,721.0865574454623,-0.0036776989090867573,0.014003916135038708,-0.021359313951961667
2013-02-13,7092.778138171642,708.2404119131585,721.045864430125,-0.002488935306246276,0.035715144723326375,-0.040693015337296856
2013-02-14,7092.774666958215,708.2570579727119,721.0222759437169,-0.00347121342747414,0.01664605955340903,-0.02358848640812994
2013-02-15,7092.771309951215,708.2823448481753,720.9902750542549,-0.003357006999976875,0.0252868754633937,-0.032000889461983206
2013-02-16,7092.768266169676,708.3141877687442,720.9523445706078,-0.003043781538508483,0.03184292056891991,-0.03793048364707374
2013-02-17,7092.765570589658,708.3317396974871,720.9294014818267,-0.0026955800185533008,0.017551928742932432,-0.022943088781062215
2013-02-18,7092.760884776698,708.358094310079,720.8936752433162,-0.004685812959905888,0.026354612591831028,-0.03572623851050594
2013-02-19,7092.756619806057,708.3901623086475,720.8530773034643,-0.004264970641088439,0.03206799856855014,-0.04059793985197757
2013-02-20,7092.753059331101,708.413019446745,720.8230992154566,-0.003560474955520476,0.02285713809749268,-0.029978088007624137
2013-02-21,7092.7500604602055,708.4502220674913,720.7798988529191,-0.0029988708956807386,0.0372026207462568,-0.04320036253750459
2013-02-22,7092.747092987063,708.4919580229825,720.7322279511436,-0.0029674731422346667,0.0417359554912764,-0.04767090177551836
2013-02-23,7092.742983243458,708.5091841320826,720.7067823548325,-0.004109743605113181,0.017226109100079157,-0.025445596311101326
2013-02-24,7092.741223325941,708.5432479561598,720.6691986957226,-0.0017599175171199022,0.03406382407717956,-0.037583659109941436
2013-02-25,7092.7389969511005,708.5689309839057,720.6390629182944,-0.002226374840574863,0.025683027745913023,-0.030135777428199617
2013-02-26,7092.736454795061,708.6054104531247,720.5974991369962,-0.0025421560394534026,0.036479469218988925,-0.041563781298123104
2013-02-27,7092.733839948577,708.6482058347558,720.5494740623974,-0.0026148464839934604,0.04279538163109464,-0.04802507459885419
2013-02-28,7092.730950173681,708.6906493278855,720.5012510194756,-0.0028897748961753678,0.04244349312966733,-0.04822304292179069
2013-03-01,7092.727306219465,708.733162371895,720.4514500670351,-0.003643954215476697,0.04251304400952449,-0.049800952440477886
2013-03-02,7092.7232568818645,708.7646995398887,720.4118142238399,-0.004049337600918079,0.03153716799374706,-0.03963584319524216
2013-03-03,7092.719087832604,708.8051387028235,720.3630369623842,-0.004169049260781321,0.04043916293471739,-0.048777261455711596
2013-03-04,7092.714888178577,708.852233824683,720.3075425324704,-0.004199654026706412,0.0470951218595701,-0.05549442991377873
2013-03-05,7092.710590039527,708.8979797680917,720.2532003109619,-0.004298139049751626,0.04574594340863314,-0.05434222150847745
2013-03-06,7092.706715845166,708.9426617568258,720.2007699335072,-0.0038741943608329166,0.044681988734168954,-0.05243037745469792
2013-03-07,7092.703006021585,708.9865956994392,720.1494163437316,-0.0037098235816301894,0.043933942613421095,-0.05135358977565829
2013-03-08,7092.699198105154,709.0283386340718,720.1000575762366,-0.003807916430559999,0.041742934632566175,-0.04935876749493673
2013-03-09,7092.6945954051625,709.0713445398287,720.0478462704966,-0.004602699991664849,0.043005905756899665,-0.05221130574000199
2013-03-10,7092.690054765114,709.1150532024159,719.9950563278123,-0.004540640048617206,0.043708662587164326,-0.05278994268428505
2013-03-11,7092.685274720984,709.1590901099768,719.941459331992,-0.004780044129802263,0.04403690756089418,-0.05359699582038502
2013-03-12,7092.680119360008,709.2019691548452,719.8882695651691,-0.005155360976459633,0.042879044868413985,-0.05318976682281118
2013-03-13,7092.674260032689,709.24092453213,719.8375955332469,-0.005859327318830765,0.038955377284764836,-0.05067403192219899
2013-03-14,7092.668603892032,709.2807457305148,719.7864620535474,-0.005656140657265496,0.03982119838485687,-0.05113347969950155
2013-03-15,7092.662682650673,709.3183122348725,719.7370530664717,-0.00592124135891936,0.03756650435764186,-0.049408987075707955
2013-03-16,7092.655873766276,709.3494586096915,719.692288922862,-0.0068088843963778345,0.03114637481905902,-0.044764143609768325
2013-03-17,7092.649481205642,709.3904881726868,719.638474238596,-0.006392560634594702,0.04102956299527705,-0.05381468426594438
2013-03-18,7092.641246129594,709.4213001719352,719.5911920872511,-0.008235076047640177,0.03081199924838529,-0.0472821513449162
2013-03-19,7092.639485330596,709.4758927675487,719.5330778936428,-0.0017607989984753658,0.05459259561348517,-0.058114193608275855
2013-03-20,7092.632434094563,709.5071038089047,719.4877643802199,-0.007051236032566521,0.03121104135607311,-0.045313513422911456
2013-03-21,7092.6260815826245,709.5389558584452,719.4432073068031,-0.00635251193853037,0.03185204954047549,-0.04455707341685411
2013-03-22,7092.621873376145,709.5748449883663,719.3989017639252,-0.0042082064792339224,0.03588912992108817,-0.04430554287785071
2013-03-23,7092.620759667586,709.6063195551919,719.3651997799791,-0.0011137085593873053,0.03147456682563643,-0.03370198394611634
2013-03-24,7092.617570985202,709.6335501150002,719.3315918554046,-0.0031886823835520772,0.02723055980823119,-0.03360792457453954
2013-03-25,7092.614544715218,709.6461335051331,719.312955925303,-0.003026269984729879,0.012583390132931527,-0.018635930101595477
2013-03-26,7092.611401010587,709.6556318163728,719.2971702048,-0.003143704630929278,0.0094983112396676,-0.015785720503004086
2013-03-27,7092.607459403848,709.6783858600108,719.2665329476845,-0.003941606738408154,0.02275404363808775,-0.030637257115472494
2013-03-28,7092.604262387195,709.6905144952991,719.2480102790917,-0.003197016652848106,0.012128635288263467,-0.01852266859282281
2013-03-29,7092.600937225248,709.6963321574731,719.2355422930224,-0.0033251619470320293,0.005817662173967619,-0.012467986069282233
2013-03-30,7092.595417665668,709.6953624415466,719.2254728897886,-0.0055195595805344055,-0.000969715926430581,-0.010069403233728735
2013-03-31,7092.59242702081,709.6904114121751,719.2244426294437,-0.0029906448580732103,-0.004951029371568438,-0.0010302603449190428
2013-04-01,7092.587994200931,709.6909735186133,719.2150148832474,-0.004432819879184535,0.0005621064382239638,-0.00942774619636566
2013-04-02,7092.582168131398,709.686772183041,719.2075640797551,-0.0058260695323042455,-0.004201335572361131,-0.00745080349224736
2013-04-03,7092.5759053727625,709.6782522262458,719.203558519279,-0.006262758635784849,-0.008519956795112194,-0.004005560476116443
2013-04-04,7092.569923825732,709.6704594865158,719.1993881649485,-0.005981547030387446,-0.00779273973000727,-0.004170354330540249
2013-04-05,7092.566215064353,709.6728118072062,719.1896183214989,-0.00370876137913001,0.002352320690420129,-0.009769843449589644
2013-04-06,7092.559640921387,709.6632119044876,719.1860699382871,-0.00657414296620118,-0.009599902718605335,-0.003548383211750661
2013-04-07,7092.553117967239,709.6438874703224,719.1923484641558,-0.00652295414784021,-0.019324434165241655,0.006278525868651741
2013-04-08,7092.5460552081495,709.620299751832,719.2018106644667,-0.007062759089421888,-0.023587718490375664,0.009462200310963453
2013-04-09,7092.539245362295,709.5929784048693,719.2155123197219,-0.0068098458541498985,-0.02732134696270805,0.01370165525520406
2013-04-10,7092.533404633559,709.5706282631725,719.2261810039461,-0.005840728736075107,-0.02235014169684746,0.01066868422412881
2013-04-11,7092.526409079406,709.5455696635669,719.2372484952454,-0.00699555415303621,-0.025058599605586096,0.011067491299286303
2013-04-12,7092.514210966196,709.4997997069148,719.2586222254749,-0.012198113210615702,-0.04576995665206596,0.021373730229583998
2013-04-13,7092.503597798318,709.4559445476401,719.2812510489964,-0.010613167877636442,-0.04385515927469896,0.02262882352147244
2013-04-14,7092.497645966976,709.4327860762863,719.2925058576666,-0.005951831341917568,-0.02315847135378135,0.011254808670173588
2013-04-15,7092.493772068864,709.4147448748993,719.3027992628294,-0.0038738981120332028,-0.018041201387063666,0.010293405162769886
2013-04-16,7092.489156066997,709.3792242157227,719.329087918271,-0.004616001867361774,-0.0355206591765409,0.02628865544158998
2013-04-17,7092.485173055736,709.3356900834078,719.3646560280639,-0.00398301126097067,-0.04353413231490322,0.03556810979296188
2013-04-18,7092.481640262639,709.2878303893143,719.4054501359641,-0.0035327930963831022,-0.047859694093517646,0.04079410790018301
2013-04-19,7092.478837403926,709.2365202867634,719.4511545210897,-0.0028028587130393134,-0.051310102550928605,0.045704385125645786
2013-04-20,7092.475732048444,709.1897535971611,719.4917104997274,-0.0031053554821482976,-0.04676668960223651,0.04055597863771254
2013-04-21,7092.47274797252,709.1371416998724,719.5383542451677,-0.002984075924359786,-0.05261189728878435,0.04664374544029215
2013-04-22,7092.4694519977475,709.0812051562401,719.5876988392556,-0.0032959747722998145,-0.05593654363224232,0.049344594087870064
2013-04-23,7092.464741951046,709.0212551597522,719.6382287423396,-0.004710046701802639,-0.05994999648794419,0.05052990308399785
2013-04-24,7092.460031904344,708.9613051632643,719.6887586454237,-0.004710046701802639,-0.059949996487830504,0.05052990308411154
2013-04-25,7092.455321857642,708.9013551667765,719.7392885485077,-0.004710046701802639,-0.059949996487830504,0.05052990308399785
2013-04-26,7092.45060495318,708.8459187477373,719.7852911586224,-0.004716904461929516,-0.055436419039210705,0.04600261011466955
2013-04-27,7092.445862250555,708.8074619250121,719.8142625760989,-0.004742702624753292,-0.03845682272515205,0.02897141747655496
2013-04-28,7092.440730537933,708.7820354224202,719.8294256534442,-0.005131712622642226,-0.025426502591926692,0.015163077345277998
2013-04-29,7092.43505142371,708.7350743253812,719.8650285220394,-0.005679114222402859,-0.0469610970390022,0.03560286859521966
2013-04-30,7092.429008477269,708.6740885765137,719.9139283780235,-0.006042946441084496,-0.06098574886755159,0.04889985598401836
2013-05-01,7092.421905551781,708.6140531156842,719.959757987876,-0.007102925488652545,-0.06003546082945377,0.04582960985248974
2013-05-02,7092.41285951075,708.5609506068516,719.9947684146496,-0.009046041030160268,-0.0531025088325805,0.035010426773624204
2013-05-03,7092.403813469721,708.507848098019,720.0297788414233,-0.009046041029250773,-0.0531025088325805,0.03501042677373789
2013-05-04,7092.394767428692,708.4547455891865,720.0647892681969,-0.009046041029250773,-0.0531025088325805,0.035010426773624204
2013-05-05,7092.385721387662,708.4016430803538,720.0997996949707,-0.009046041030160268,-0.053102508832694184,0.03501042677373789
2013-05-06,7092.378417695808,708.3449922911049,720.1418431005108,-0.007303691853849159,-0.056650789248919864,0.04204340554008468
2013-05-07,7092.371598042062,708.2888623254707,720.1843337586522,-0.006819653745878895,-0.05612996563411343,0.04249065814144615
2013-05-08,7092.363841837678,708.2408384054361,720.2168452699184,-0.007756204384349985,-0.048023920034665935,0.03251151126619334
2013-05-09,7092.356746847939,708.1902857916535,720.2532079042242,-0.007094989739016455,-0.05055261378254272,0.036362634305760366
2013-05-10,7092.350227320917,708.139135700775,720.2913189410585,-0.006519527021737304,-0.0511500908785365,0.038111036834379775
2013-05-11,7092.345037664284,708.0909214674425,720.3291538611238,-0.005189656632865081,-0.04821423333248731,0.03783492006527922
2013-05-12,7092.338058110594,708.0378681273398,720.3682480938477,-0.006979553690143803,-0.0530533401026787,0.03909423272386903
2013-05-13,7092.332035223009,707.9936316870155,720.4004387590022,-0.006022887584549608,-0.04423644032431184,0.03219066515453051
2013-05-14,7092.325919130837,707.9542554486736,720.4275828129993,-0.006116092172305798,-0.039376238341901626,0.027144053997062656
2013-05-15,7092.317298245207,707.9189765836602,720.4456199067534,-0.00862088563008001,-0.035278865013424365,0.01803709375417384
2013-05-16,7092.311421306363,707.8865345975588,720.4663080151659,-0.005876938844266988,-0.032441986101389375,0.020688108412400652
2013-05-17,7092.303439111129,707.8457134569671,720.4911647652897,-0.007982195234035316,-0.04082114059167452,0.02485675012383126
2013-05-18,7092.293738513284,707.8022746736854,720.5152023528816,-0.009700597845039738,-0.043438783281771975,0.024037587591919873
2013-05-19,7092.281265631395,707.7640932214706,720.5284380413184,-0.012472881888243137,-0.03818145221475788,0.01323568843679368
2013-05-20,7092.273783126181,707.7295669108805,720.5479993414805,-0.007482505214284174,-0.034526310590081266,0.019561300162081352
2013-05-21,7092.268060681751,707.7001431417245,720.5659782217782,-0.00572244442992087,-0.029423769155982882,0.017978880297732758
2013-05-22,7092.2616241962105,707.6779871936128,720.5752611988073,-0.0064364855406893184,-0.02215594811173105,0.009282977029101858
2013-05-23,7092.255140098098,707.6556443249943,720.5846358712006,-0.0064840981121960795,-0.022342868618466127,0.00937467239327816
2013-05-24,7092.248162879095,707.6325108313981,720.5938149267902,-0.006977219003601931,-0.023133493596219523,0.009179055589584095
2013-05-25,7092.23942526874,707.6065621843467,720.6022883531327,-0.008737610354728531,-0.02594864705145028,0.008473426342561652
2013-05-26,7092.231887267051,707.5815611168867,720.612213417216,-0.007538001688772056,-0.025001067459925252,0.009925064083290636
2013-05-27,7092.225512973321,707.5627450194247,720.6182809272185,-0.006374293730004865,-0.01881609746203594,0.006067510002480958
2013-05-28,7092.219971492402,707.5458686978121,720.6240742869911,-0.005541480919418973,-0.016876321612585343,0.005793359772610529
2013-05-29,7092.214340846222,707.5185530904062,720.6401286020379,-0.00563064618017961,-0.027315607405967057,0.016054315046744705
2013-05-30,7092.210245590564,707.50700988754,720.6434812935887,-0.004095255657375674,-0.011543202866164393,0.003352691550844611
2013-05-31,7092.205733282692,707.4893061121988,720.6521604531849,-0.004512307872573729,-0.017703775341146866,0.008679159596226782
2013-06-01,7092.199952731884,707.4706272866127,720.6592781771552,-0.0057805508076853584,-0.01867882558610745,0.007117723970281986
2013-06-02,7092.1916849572535,707.4653077944816,720.6480621200243,-0.008267774630439817,-0.005319492131093284,-0.011216057130923218
2013-06-03,7092.188790351853,707.4630521340192,720.6445285696866,-0.0028946054007974453,-0.0022556604624242027,-0.003533550337692759
2013-06-04,7092.183100042255,707.464958682632,720.631241401879,-0.005690309597412124,0.0019065486127374243,-0.013287167807561673
2013-06-05,7092.179362978493,707.4716615292187,720.6170644277685,-0.0037370637619460467,0.006702846586790656,-0.014176974110569063
2013-06-06,7092.174994625258,707.4865300205508,720.5934592299651,-0.004368353235804534,0.01486849133209489,-0.0236051978033629
2013-06-07,7092.169597635122,707.5060125346837,720.5631827355594,-0.005396990135523083,0.019482514132846518,-0.030276494405711674
2013-06-08,7092.163205548596,707.5310032283272,720.5254078688655,-0.006392086525920604,0.024990693643530904,-0.03777486669389418
2013-06-09,7092.159159642445,707.5473721117986,720.500947173092,-0.004045906151077361,0.016368883471386653,-0.024460695773541374
2013-06-10,7092.156692024446,707.5629441475077,720.4804399013833,-0.002467617999172944,0.015572035709055854,-0.020507271708652297
2013-06-11,7092.154083201071,707.5808893327343,720.4572770694078,-0.002608823374430358,0.017945185226608373,-0.02316283197546909
2013-06-12,7092.149989457702,707.601947656247,720.4280312591567,-0.004093743369594449,0.02105832351276149,-0.02924581025115458
2013-06-13,7092.146088908801,707.6237459371887,720.398431880413,-0.003900548900674039,0.021798280941652592,-0.02959937874368279
2013-06-14,7092.14325364007,707.6550141817027,720.3614930984361,-0.0028352687313599745,0.03126824451396715,-0.03693878197691447
2013-06-15,7092.139624596357,707.6838424738014,720.3254067189122,-0.0036290437128627673,0.028828292098751263,-0.03608637952390836
2013-06-16,7092.136305781,707.7055295997262,720.2970819622739,-0.0033188153565788525,0.0216871259248137,-0.028324756638312465
2013-06-17,7092.133395754386,707.736978946634,720.2598125621384,-0.0029100266146997456,0.0314493469078343,-0.0372694001354148
2013-06-18,7092.130117960646,707.7710147941507,720.2192211271414,-0.0032777937394712353,0.03403584751663402,-0.04059143499705442
2013-06-19,7092.124767538313,707.7897091388448,720.1898259377804,-0.005350422333322058,0.018694344694154097,-0.029395189361025587
2013-06-20,7092.11941711598,707.8084034835391,720.1604307484193,-0.005350422333322058,0.018694344694267784,-0.029395189361025587
2013-06-21,7092.114066693646,707.8270978282333,720.1310355590582,-0.005350422333322058,0.018694344694154097,-0.029395189361139273
2013-06-22,7092.108903286447,707.8707142683935,720.0770923045006,-0.005163407199688663,0.04361644016023547,-0.053943254557566434
2013-06-23,7092.104386258794,707.918688936033,720.0200835815541,-0.004517027652582328,0.04797466763955072,-0.05700872294653436
2013-06-24,7092.099754897524,707.9664965293537,719.9630132656939,-0.0046313612701851525,0.047807593320612796,-0.05707031586018729
2013-06-25,7092.093542386487,708.0107193389181,719.9063654340537,-0.006212511037119839,0.04422280956441682,-0.056647831640248114
2013-06-26,7092.090630967441,708.0457564027315,719.8655055321489,-0.0029114190456311917,0.03503706381343363,-0.0408599019048097
2013-06-27,7092.0877955273445,708.0809627135483,719.8246283411411,-0.002835440096532693,0.03520631081676129,-0.04087719100778031
2013-06-28,7092.083691265826,708.1226692599239,719.7747132717293,-0.00410426151847787,0.041706546375621656,-0.04991506941178159
2013-06-29,7092.078812977946,708.1737251736503,719.7139007822414,-0.0048782878802740015,0.05105591372637264,-0.06081248948794382
2013-06-30,7092.075416445113,708.2197235368959,719.6611093533298,-0.003396532832994126,0.045998363245644214,-0.05279142891151878
2013-07-01,7092.072272639268,708.267490870044,719.607054408491,-0.0031438058449566597,0.0477673331480446,-0.054054944838867414
2013-07-02,7092.069130440864,708.318600537171,719.5496603445549,-0.0031421984040207462,0.05110966712709342,-0.057394063936044404
2013-07-03,7092.06669343406,708.3769585168866,719.4864283512325,-0.0024370068040298065,0.05835797971553802,-0.06323199332246077
2013-07-04,7092.06301434118,708.4318030270941,719.4242256552657,-0.0036790928797927336,0.05484451020754477,-0.06220269596678918
2013-07-05,7092.059335248301,708.4866475373017,719.362022959299,-0.003679092878883239,0.05484451020754477,-0.06220269596667549
2013-07-06,7092.055656155421,708.5414920475092,719.2998202633322,-0.0036790928797927336,0.05484451020754477,-0.06220269596678918
2013-07-07,7092.051481937405,708.5838004224777,719.2491634523301,-0.00417421801648743,0.04230837496845652,-0.0506568110021135
2013-07-08,7092.0470828149755,708.6204144145216,719.2037512154282,-0.004399122429276758,0.03661399204395366,-0.04541223690193874
2013-07-09,7092.042683692546,708.6570284065657,719.1583389785262,-0.004399122429276758,0.036613992044067345,-0.04541223690193874
2013-07-10,7092.0381951116915,708.6947342186903,719.1116560046927,-0.004488580854740576,0.03770581212461366,-0.046682973833526376
2013-07-11,7092.0332907444135,708.7375146111438,719.0590668776839,-0.004904367277958954,0.042780392453437344,-0.05258912700878682
2013-07-12,7092.0283863771365,708.7802950035973,719.006477750675,-0.0049043672770494595,0.04278039245355103,-0.052589127008900505
2013-07-13,7092.024042875792,708.787526036593,718.9905597149894,-0.004343501344919787,0.007231032995719033,-0.015918035685558607
2013-07-14,7092.021721206884,708.6666072856713,719.1068351280959,-0.0023216689078253694,-0.12091875092175997,0.11627541310645029
2013-07-15,7092.019399537976,708.5456885347496,719.2231105412023,-0.0023216689078253694,-0.12091875092164628,0.11627541310645029
2013-07-16,7092.016100893495,708.4948947968497,719.2673069901398,-0.003298644481219526,-0.0507937378998804,0.044196448937441346
2013-07-17,7092.005722556486,708.952235455707,718.789209657265,-0.01037833700866031,0.45734065885721975,-0.47809733287476774
2013-07-18,7092.0013517224,708.9767952675243,718.7559081772741,-0.004370834086330433,0.02455981181731204,-0.0333014799908824
2013-07-19,7091.996697569857,708.9974430551456,718.7259520845672,-0.004654152542570955,0.02064778762132846,-0.02995609270692512
2013-07-20,7091.991753772734,709.0102477477126,718.7032597977554,-0.00494379712290538,0.012804692566987796,-0.022692286811775375
2013-07-21,7091.9895436593415,709.0450362715447,718.6640510471371,-0.002210113392720814,0.034788523832162355,-0.0392087506182861
2013-07-22,7091.986813771008,709.0738781328726,718.6297494091428,-0.0027298883333060076,0.028841861327805418,-0.034301637994303746
2013-07-23,7091.983834814076,709.0985262773463,718.5991433508033,-0.0029789569325657794,0.024648144473758293,-0.030606058339571973
2013-07-24,7091.980824178044,709.1161236675133,718.5755246885736,-0.003010636031831382,0.017597390166997684,-0.023618662229637266
2013-07-25,7091.978445023325,709.131873128261,718.5550169183882,-0.0023791547191649443,0.015749460747656485,-0.02050777018541794
2013-07-26,7091.974409222792,709.1426443502431,718.5361740953394,-0.00403580053261976,0.010771221982167845,-0.018842823048771606
2013-07-27,7091.9708237949335,709.1573100171325,718.5143375727331,-0.003585427858524781,0.014665666889413842,-0.021836522606349718
2013-07-28,7091.967846163703,709.1708426119773,718.494849715427,-0.0029776312303511077,0.013532594844718915,-0.01948785730610325
2013-07-29,7091.964650914934,709.1685442010249,718.4907576288423,-0.0031952487688613473,-0.0022984109523349616,-0.004092086584705612
2013-07-30,7091.962910051091,709.1602973103152,718.4955227918679,-0.0017408638432243606,-0.008246890709756372,0.004765163025581387
2013-07-31,7091.959422048251,709.1596089188123,718.4892351776904,-0.0034880028397310525,-0.0006883915028765841,-0.006287614177495016
2013-08-01,7091.956078080901,709.1461666056267,718.495989556173,-0.0033439673507018597,-0.013442313185578314,0.006754378482582979
2013-08-02,7091.953066991379,709.1261042206686,718.5100297620885,-0.0030110895213510958,-0.020062384958123403,0.014040205915534898
2013-08-03,7091.950115524883,709.1031142275078,718.527116822256,-0.002951466496597277,-0.022989993160763333,0.017087060167455093
2013-08-04,7091.947200550824,709.0800293790843,718.5443717225637,-0.0029149740585125983,-0.02308484842353664,0.017254900307762
2013-08-05,7091.943721688115,709.0567056983665,718.5607376778638,-0.003478862709016539,-0.02332368071779456,0.01636595530010254
2013-08-06,7091.938435481927,709.0309913257323,718.5758796381205,-0.005286206188429787,-0.025714372634183746,0.01514196025664205
2013-08-07,7091.935434992711,709.0104777036887,718.590392281732,-0.0030004892159922747,-0.020513622043608848,0.014512643611510612
2013-08-08,7091.93178629053,708.9919903238921,718.601582257167,-0.0036487021807261044,-0.018487379796624737,0.011189975435058841
2013-08-09,7091.9281626331085,708.9723762346714,718.6139490315439,-0.0036236574214854045,-0.019614089220681308,0.012366774376914691
2013-08-10,7091.925970682918,708.9403752896947,718.6415660761413,-0.002191950190535863,-0.032000944976743995,0.02761704459737757
2013-08-11,7091.922274024159,708.8958358482621,718.6787122000554,-0.0036966587585993693,-0.044539441432561944,0.03714612391411265
2013-08-12,7091.919598086527,708.8438156114119,718.7253805616426,-0.0026759376323752804,-0.0520202368502396,0.04666836158719434
2013-08-13,7091.9174361956075,708.7907392358063,718.774133155407,-0.002161890919524012,-0.053076375605542125,0.04875259376433405
2013-08-14,7091.91382280088,708.7488394784315,718.8088061233266,-0.003613394727835839,-0.041899757374835644,0.034672967919618713
2013-08-15,7091.909408155628,708.710383159128,718.8384331521273,-0.004414645251927141,-0.038456319303463715,0.029627028800746302
2013-08-16,7091.904675906333,708.6694962245836,718.8698555880816,-0.004732249294647772,-0.04088693454446002,0.03142243595425498
2013-08-17,7091.899787030904,708.6366144764434,718.8929595853649,-0.0048888754290601355,-0.0328817481401984,0.02310399728332868
2013-08-18,7091.897064383672,708.5831247355986,718.9410040317446,-0.0027226472320762696,-0.05348974084472502,0.048044446379662986
2013-08-19,7091.891879156338,708.5367310925582,718.9770272201183,-0.005185227333640796,-0.04639364304046012,0.03602318837374696
2013-08-20,7091.887236422814,708.4783291511565,719.0261436944697,-0.004642733524633513,-0.058401941401712065,0.04911647435142186
2013-08-21,7091.8814468013725,708.4221546243052,719.070738978439,-0.005789621441181225,-0.056174526851236806,0.044595283969215416
2013-08-22,7091.875424103108,708.3681615485839,719.1126866576326,-0.006022698264132487,-0.053993075721336936,0.0419476791936404
2013-08-23,7091.870932601255,708.3092961532386,719.1625690492722,-0.004491501853408408,-0.058865395345264915,0.049882391639584966
2013-08-24,7091.863582694687,708.2557415441655,719.2014238452074,-0.007349906568379083,-0.053554609073103165,0.03885479593520813
2013-08-25,7091.857653089674,708.197253278409,719.2480529009388,-0.005929605012170214,-0.058488265756523106,0.04662905573138687
2013-08-26,7091.8534296824555,708.1406901407197,719.2961692241914,-0.004223407218887587,-0.05656313768929522,0.04811632325265691
2013-08-27,7091.849215383977,708.0864356463336,719.3419951216198,-0.004214298478473211,-0.054254494386100305,0.045825897428358076
2013-08-28,7091.843343541185,708.0312647942748,719.3854222880954,-0.0058718427917483496,-0.05517085205883632,0.04342716647556699
2013-08-29,7091.840100384959,707.9733784845397,719.4368222853791,-0.003243156225835264,-0.0578863097350677,0.05139999728373823
2013-08-30,7091.8368495099585,707.9258269479527,719.4778720719635,-0.003250875000958331,-0.04755153658697964,0.041049786584380854
2013-08-31,7091.8335176435685,707.8769427003724,719.5200925867648,-0.0033318663899990497,-0.04888424758030396,0.042220514801329045
2013-09-01,7091.830111090463,707.8296238960153,719.5605982849114,-0.003406553105378407,-0.04731880435713265,0.04050569814660321
2013-09-02,7091.8269091952325,707.7873070472026,719.5965113432616,-0.003201895230631635,-0.042316848812674834,0.03591305835016101
2013-09-03,7091.824857108723,707.7389013504875,719.6408128669581,-0.002052086509138462,-0.04840569671512185,0.044301523696503864
2013-09-04,7091.821558266651,707.6965058126266,719.6766107206752,-0.003298842072581465,-0.042395537860898,0.035797853717099315
2013-09-05,7091.817486343783,707.6591037458315,719.7058689417345,-0.004071922868206457,-0.03740206679503899,0.029258221059308198
2013-09-06,7091.813789657293,707.6202069965085,719.7373723180765,-0.003696686490002321,-0.03889674932304388,0.031503376342016054
2013-09-07,7091.8101650525905,707.5810231231305,719.7693069820507,-0.0036246047020540573,-0.03918387337796503,0.031934663974197974
2013-09-08,7091.806815809475,707.538130645293,719.8055009736563,-0.0033492431157355895,-0.042892477837540355,0.03619399160561443
2013-09-09,7091.803293480979,707.4943593574285,719.8422276045295,-0.003522328495819238,-0.043771287864501573,0.03672663087320416
2013-09-10,7091.799564581105,707.4540632198715,719.8750659423395,-0.0037288998737494694,-0.04029613755699302,0.032838337809948825
2013-09-11,7091.7960686832785,707.4178171324218,719.904320234135,-0.0034958978267241037,-0.036246087449740116,0.0292542917954961
2013-09-12,7091.7928687529975,707.3837106405222,719.9320268654728,-0.003199930280970875,-0.034106491899592584,0.027706631337878207
2013-09-13,7091.789024077951,707.3478659163181,719.9601822395816,-0.0038446750468210666,-0.035844724204025624,0.028155374108791875
2013-09-14,7091.7870614085095,707.3190349122757,719.9850879047426,-0.0019626694411272183,-0.028831004042444874,0.024905665160986246
2013-09-15,7091.785397249171,707.2913185318894,720.0094759664511,-0.0016641593383610598,-0.02771638038632318,0.024388061708464193
2013-09-16,7091.782004858151,707.2597717356015,720.0342379806991,-0.0033923910204975982,-0.03154679628789836,0.024762014248040032
2013-09-17,7091.778967310142,707.2420181491524,720.0459164711328,-0.0030375480082511785,-0.017753586449089198,0.01167849043372371
2013-09-18,7091.775376241653,707.2174100956714,720.0633423876359,-0.003591068489186,-0.024608053480960734,0.01742591650304348
2013-09-19,7091.771541476045,707.1903200943188,720.0827628577716,-0.0038347656081896275,-0.02709000135257611,0.019420470135742107
2013-09-20,7091.767581869922,707.1636971615292,720.1014665783132,-0.003959606123316917,-0.02662293278967809,0.018703720541566327
2013-09-21,7091.763833486287,707.167990245925,720.089676726648,-0.0037483836349565536,0.0042930843958401965,-0.01178985166518487
2013-09-22,7091.759868881664,707.1688993983687,720.0808383649594,-0.003964604622524348,0.0009091524436826148,-0.008838361688617624
2013-09-23,7091.755706033609,707.163942735537,720.0774693316824,-0.004162848054875212,-0.004956662831659742,-0.0033690332769538145
2013-09-24,7091.750523151247,707.1528827538331,720.0781635486601,-0.005182882362532837,-0.011059981703965605,0.0006942169776493756
2013-09-25,7091.742697754269,707.1398422643658,720.075553244173,-0.007825396977750643,-0.013040489467243788,-0.0026103044871206293
2013-09-26,7091.7388380955945,707.1239410329467,720.0837351582412,-0.003859658674628008,-0.015901231419093165,0.008181914068245533
2013-09-27,7091.735591989147,707.1310010656622,720.0701829126318,-0.0032461064474773593,0.0070600327154579645,-0.013552245609389502
2013-09-28,7091.73218065063,707.1353407015989,720.0590205996608,-0.0034113385172531707,0.004339635936730701,-0.011162312971009669
2013-09-29,7091.727937322853,707.1224183169828,720.0634563287226,-0.004243327776748629,-0.012922384616103955,0.004435729061810889
2013-09-30,7091.723670983826,707.1134674174338,720.063874550218,-0.00426633902679896,-0.008950899549063251,0.000418221495351645
2013-10-01,7091.720589209577,707.1475944102202,720.0235840089318,-0.0030817742490398814,0.03412699278646869,-0.04029054128614007
2013-10-02,7091.7069892679865,707.1498186678394,719.9941598681329,-0.013599941590655362,0.002224257619218406,-0.029424140798937515
2013-10-03,7091.703215063944,707.1584161718137,719.9780139560743,-0.0037742040422017453,0.008597503974215215,-0.016145912058618705
2013-10-04,7091.7020783566395,707.1657269449605,719.9684297683192,-0.0011367073047949816,0.007310773146855354,-0.009584187755081075
2013-10-05,7091.699018821489,707.1728870352007,719.9551506077759,-0.0030595351508964086,0.007160090240176942,-0.013279160543334001
2013-10-06,7091.695917776185,707.1953823748565,719.9264531775109,-0.003101045303992578,0.0224953396558476,-0.028697430264969626
2013-10-07,7091.691801451647,707.1961183127544,719.9174845905391,-0.004116324537790206,0.0007359378978435416,-0.008968586971832337
2013-10-08,7091.688021583179,707.2252499345874,719.8807932317699,-0.0037798684679728467,0.029131621833016652,-0.03669135876918972
2013-10-09,7091.678598693429,707.2536783392388,719.8335190476193,-0.00942288974965777,0.028428404651435812,-0.04727418415052398
2013-10-10,7091.668448260109,707.2809358107517,719.7859607094658,-0.010150433320632146,0.02725747151282576,-0.04755833815352162
2013-10-11,7091.663172799661,707.306059509837,719.7502860894858,-0.005275460447592195,0.025123699085384033,-0.03567461997999999
2013-10-12,7091.658039790781,707.3317584519788,719.7143211295815,-0.005133008879965928,0.025698942141730186,-0.03596495990427684
2013-10-13,7091.65391051379,707.3473012905655,719.6905197370139,-0.004129276991079678,0.015542838586725338,-0.02380139256763414
2013-10-14,7091.648025131804,707.3617391117899,719.6643111518176,-0.005885381985535787,0.014437821224419167,-0.02620858519628655
2013-10-15,7091.637086797124,707.3822351318335,719.6219384624137,-0.010938334680758999,0.02049602004353801,-0.04237268940391914
2013-10-16,7091.628146092051,707.4099239709362,719.576368213165,-0.008940705072745914,0.02768883910277964,-0.04557024924872621
2013-10-17,7091.621251847575,707.4502838289737,719.5222198661761,-0.006894244475915912,0.04035985803750464,-0.05414834698888171
2013-10-18,7091.615281929134,707.4891825238763,719.47138133439,-0.005969918441223854,0.03889869490251385,-0.05083853178609843
2013-10-19,7091.60988537497,707.5232487554457,719.4265219944926,-0.00539655416378082,0.03406623156945443,-0.04485933989735713
2013-10-20,7091.6025333344405,707.5509340120215,719.3841326568573,-0.0073520405294402735,0.027685256575750827,-0.042389337635313495
2013-10-21,7091.594344250247,707.5819312705031,719.3367572299903,-0.008189084193872986,0.030997258481647805,-0.047375426867006354
2013-10-22,7091.587295747404,707.6191476962111,719.2854437985955,-0.0070485028427356156,0.037216425708038514,-0.05131343139487399
2013-10-23,7091.580409574557,707.6570160915314,719.2338030575817,-0.006886172846861882,0.03786839532028807,-0.051640741013784464
2013-10-24,7091.571177565644,707.6867151614529,719.1856399698357,-0.00923200891338638,0.029699069921434784,-0.04816308774593381
2013-10-25,7091.568367109186,707.7270756889401,719.1396585294311,-0.0028104564580644364,0.04036052748722341,-0.045981440404602836
2013-10-26,7091.5608415118695,707.7662121988471,719.085470824892,-0.007525597316089261,0.03913650990705264,-0.054187704539117476
2013-10-27,7091.5512158731,707.8021360887253,719.0302956574722,-0.009625638769648504,0.03592388987817685,-0.05517516741986128
2013-10-28,7091.541233406542,707.8296281048881,718.9828387081955,-0.009982466557630687,0.027492016162796062,-0.047456949276693194
2013-10-29,7091.53253405029,707.8600461284749,718.9350219721058,-0.008699356251781865,0.030418023586776144,-0.04781673608965775
2013-10-30,7091.524418627856,707.8916018241206,718.8872354315922,-0.008115422434457287,0.03155569564569305,-0.04778654051358444
2013-10-31,7091.516473326711,707.9227069005209,718.8402397529017,-0.00794530114490044,0.031105076400308462,-0.04699567869056409
2013-11-01,7091.508402508733,707.9571958481275,718.7896091693375,-0.008070817978477862,0.03448894760663279,-0.05063058356415695
2013-11-02,7091.50066878813,707.9981761140755,718.7331614621833,-0.007733720603027905,0.04098026594795101,-0.056447707154234195
2013-11-03,7091.493110586669,708.0428704826478,718.6733506906905,-0.007558201460597047,0.044694368572322674,-0.05981077149272096
2013-11-04,7091.485638173275,708.0910418664819,718.6102344800674,-0.007472413393770694,0.04817138383407382,-0.06311621062309314
2013-11-05,7091.473805074662,708.1220445491391,718.5555656001847,-0.011833098613351467,0.031002682657231162,-0.05466887988279723
2013-11-06,7091.463688289104,708.1479801071537,718.5093964710525,-0.010116785558238917,0.025935558014566595,-0.0461691291321813
2013-11-07,7091.453953434991,708.1734259770747,718.4644808929062,-0.009734854113048641,0.025445869920986297,-0.04491557814628777
2013-11-08,7091.444843472993,708.1969861151318,718.4227008308534,-0.009109961997637583,0.023560138057177937,-0.041780062052794165
2013-11-09,7091.435719393122,708.2196006893472,718.3818380968963,-0.009124079871071444,0.02261457421536761,-0.04086273395705575
2013-11-10,7091.426292074928,708.2405480624515,718.3420360874046,-0.009427318193957035,0.020947373104263534,-0.039802009491722856
2013-11-11,7091.412006855465,708.240317278422,718.3136964325065,-0.01428521946309047,-0.000230784029440656,-0.028339654898104527
2013-11-12,7091.401505598045,708.2522885698268,718.280722626264,-0.010501257419491594,0.011971291404734075,-0.03297380624246671
2013-11-13,7091.392793165489,708.2682664361289,718.2473198948489,-0.008712432556421845,0.015977866302137045,-0.03340273141509442
2013-11-14,7091.3834804201515,708.2777108953477,718.2192499449549,-0.009312745337410888,0.009444459218798329,-0.028069949894074853
2013-11-15,7091.371849585369,708.2772844961554,718.1964146745833,-0.011630834782408783,-0.0004263991922925925,-0.02283527037161548
2013-11-16,7091.355864113274,708.2720385132455,718.1696897133038,-0.01598547209505341,-0.005245982909855229,-0.026724961279455783
2013-11-17,7091.336839915532,708.271816217171,718.1318636138931,-0.0190241977416008,-0.00022229607452572964,-0.037826099410722236
2013-11-18,7091.325475134019,708.2812108669953,718.0997394010418,-0.011364781513293565,0.009394649824230328,-0.032124212851272205
2013-11-19,7091.315442021265,708.2962449149663,718.064639127563,-0.01003311275417218,0.015034047971084874,-0.03510027347874711
2013-11-20,7091.306736585418,708.3314439898368,718.0120291809974,-0.00870543584733241,0.03519907487043383,-0.05260994656566709
2013-11-21,7091.294974559725,708.323696906651,717.9962522127988,-0.011762025692405587,-0.007747083185790871,-0.015776968198565555
2013-11-22,7091.286062408456,708.3391542768397,717.962970540071,-0.008912151269214519,0.015457370188755704,-0.03328167272786686
2013-11-23,7091.276777973026,708.3403129026013,717.9432430434495,-0.009284435430345184,0.001158625761604526,-0.019727496621499085
2013-11-24,7091.268890113476,708.3324000834652,717.9353801434861,-0.007887859549555287,-0.007912819136095095,-0.00786289996335654
2013-11-25,7091.262130290976,708.3189955412577,717.9352650406948,-0.006759822500498558,-0.013404542207581471,-0.00011510279125559464
2013-11-26,7091.255820407625,708.2905373360278,717.9511034792216,-0.0063098833506956,-0.028458205229867417,0.015838438526770915
2013-11-27,7091.250820477945,708.282029939783,717.9496110161069,-0.004999929679797788,-0.008507396244795018,-0.0014924631146868705
2013-11-28,7091.245983543213,708.2632868572182,717.9586802292073,-0.004836934732338705,-0.01874308256481072,0.009069213100360685
2013-11-29,7091.240897413685,708.2408443990452,717.970950428326,-0.005086129527626326,-0.02244245817303181,0.012270199118688652
2013-11-30,7091.234598701939,708.2247637364011,717.9744336674758,-0.00629871174623986,-0.016080662644071708,0.0034832391497729986
2013-12-01,7091.226140215779,708.1993963857502,717.9828840458068,-0.008458486159724998,-0.025367350650867593,0.008450378331076536
2013-12-02,7091.219193513497,708.1795467888375,717.988840238156,-0.00694670228222094,-0.019849596912763445,0.005956192349117373
2013-12-03,7091.2109864302065,708.1458895389648,718.0060833214469,-0.008207083290471928,-0.03365724987270369,0.017243083290964023
2013-12-04,7091.200228434237,708.1027592321454,718.0276976363278,-0.010757995969470358,-0.04313030681930741,0.021614314880935126
2013-12-05,7091.189957504514,708.0825013046028,718.0274137044254,-0.010270929723446898,-0.020257927542616017,-0.0002839319024587894
2013-12-06,7091.179823445936,708.0557602963324,718.0338865955392,-0.010134058577932592,-0.02674100827039183,0.0064728911138445255
2013-12-07,7091.169804113283,708.0234432921942,718.0461649343717,-0.010019332652518642,-0.03231700413823546,0.012278338832516056
2013-12-08,7091.159464817408,707.9820564679407,718.0668731668741,-0.010339295875382959,-0.04138682425355,0.020708232502329338
2013-12-09,7091.145361801209,707.9114475272111,718.1092760752072,-0.014103016198532714,-0.0706089407295849,0.04240290833308791
2013-12-10,7091.137677302376,707.8686151040461,718.136739500706,-0.0076844988334414666,-0.04283242316500946,0.027463425498808647
2013-12-11,7091.126116553746,707.8166623016433,718.1655708058494,-0.011560748629563022,-0.05195280240275224,0.028831305143398822
2013-12-12,7091.1127481753565,707.7724149175218,718.1830814331911,-0.013368378389714053,-0.04424738412149054,0.017510627341721374
2013-12-13,7091.09864170362,707.7312919724262,718.1959914348138,-0.014106471736340609,-0.04112294509559433,0.01291000162268574
2013-12-14,7091.083898005848,707.6896328082627,718.2081632034331,-0.014743697772246378,-0.04165916416354776,0.012171768619282375
2013-12-15,7091.069490818622,707.6478459515153,718.2211356857291,-0.014407187225515372,-0.04178685674742155,0.012972482296049748
2013-12-16,7091.062883838997,707.659139728431,718.1966279495609,-0.006606979625757958,0.011293776915749731,-0.024507736168175143
2013-12-17,7091.05203776673,707.6161598027185,718.217915730741,-0.01084607226675871,-0.04297992571252962,0.02128778118003538
2013-12-18,7091.038697457482,707.4998306460155,718.3075642689474,-0.01334030924772378,-0.11632915670293187,0.08964853820646113
2013-12-19,7091.026334051827,707.4250279843994,718.3576401192537,-0.012363405655378301,-0.07480266161610416,0.05007585030625705
2013-12-20,7091.014553599059,707.3741737125019,718.3849334856152,-0.011780452768107352,-0.050854271897492254,0.027293366361504923
2013-12-21,7091.005315465817,707.3204917719561,718.4201391596778,-0.009238133241524338,-0.05368194054585729,0.03520567406258124
2013-12-22,7090.998522411002,707.2725520946904,718.4544927273137,-0.006793054814806965,-0.04793967726573101,0.034353567635889704
2013-12-23,7090.991070894547,707.2243520348469,718.4877897542475,-0.007451516455148521,-0.048200059843452436,0.033297026933837515
2013-12-24,7090.983039762091,707.170437023927,718.5256425002542,-0.008031132456380874,-0.05391501091992268,0.037852746006706184
2013-12-25,7090.9792023872305,707.1178457254696,718.5705590489904,-0.003837374860268028,-0.052591298457400626,0.04491654873618245
2013-12-26,7090.97116542816,707.064593390883,718.6077374654368,-0.008036959070523153,-0.05325233458654566,0.037178416446408846
2013-12-27,7090.964907976563,707.0187421046398,718.6410738484869,-0.006257451596866304,-0.04585128624319168,0.033336383050141194
2013-12-28,7090.960837204451,706.9709126287014,718.6807617802019,-0.0040707721118451445,-0.047829475938442556,0.03968793171497964
2013-12-29,7090.955786726839,706.9290328162258,718.7125406374514,-0.0050504776127127116,-0.041879812475599465,0.03177885724949192
2013-12-30,7090.949508179629,706.8909490386811,718.7380673205782,-0.00627854720914911,-0.03808377754467074,0.025526683126827265
2013-12-31,7090.94267338007,706.8406152738836,718.7747314862565,-0.0068347995593285304,-0.0503337647975286,0.03666416567830311
2014-01-01,7090.9328157936525,706.7964428598253,718.7991887274793,-0.009857586417638231,-0.04417241405826644,0.024457241222762605
2014-01-02,7090.920192793964,706.7578103037257,718.8125752842017,-0.012622999688574055,-0.038632556099628346,0.01338655672236655
2014-01-03,7090.910063353666,706.7183835649932,718.831743142338,-0.01012944029753271,-0.039426738732458944,0.01916785813637034
2014-01-04,7090.9017159489695,706.6764467412074,718.8569851567303,-0.008347404696905869,-0.04193682378581798,0.025242014392233614
2014-01-05,7090.8953793445135,706.6307425483957,718.8900161406307,-0.006336604456009809,-0.04570419281174054,0.033030983900403044
2014-01-06,7090.892012527814,706.5980941953273,718.9159308602995,-0.0033668166997813387,-0.03264835306833902,0.025914719668776343
2014-01-07,7090.882724231908,706.575603243593,718.9198452202213,-0.009288295906117128,-0.022490951734312148,0.003914359921850519
2014-01-08,7090.875516827254,706.5439623884658,718.9370712660404,-0.00720740465385461,-0.03164085512719339,0.01722604581914311
2014-01-09,7090.863677913402,706.506019140322,718.9513366864823,-0.011838913851534016,-0.037943248143847086,0.014265420441802235
2014-01-10,7090.849684340538,706.4655609736088,718.9638077074671,-0.01399357286391023,-0.040458166713165156,0.012471020984889947
2014-01-11,7090.843832235981,706.4280365781152,718.9896278938457,-0.005852104557561688,-0.03752439549361952,0.025820186378609833
2014-01-12,7090.837126660577,706.3909173749331,719.0133359462219,-0.006705575403429975,-0.037119203182101046,0.02370805237615059
2014-01-13,7090.830219132016,706.3655549750171,719.0248832890162,-0.006907528560986975,-0.02536239991604816,0.011547342794301585
2014-01-14,7090.823770022035,706.3409411010839,719.036598942985,-0.006449109981076617,-0.024613873933162722,0.011715653968849438
2014-01-15,7090.817126494416,706.3250808435023,719.0391721453287,-0.006643527619417,-0.015860257581607584,0.0025732023436830787
2014-01-16,7090.809650083838,706.318899115655,719.0304010520209,-0.007476410577510251,-0.006181727847319962,-0.008771093307814226
2014-01-17,7090.803618397373,706.2966558807483,719.0405809139951,-0.006031686465576058,-0.02224323490668212,0.01017986197416576
2014-01-18,7090.798537088589,706.2779983357088,719.0490758414676,-0.005081308783701388,-0.018657545039445722,0.008494927472497693
2014-01-19,7090.794177959909,706.2704234432368,719.0479324765805,-0.004359128680334834,-0.007574892472007377,-0.0011433648870706747
2014-01-20,7090.788667462063,706.2581309510045,719.0492039731212,-0.005510497845534701,-0.012292492232290897,0.001271496540653061
2014-01-21,7090.781002229588,706.244170988715,719.0478334704603,-0.00766523247511941,-0.013959962289504801,-0.0013705026608477056
2014-01-22,7090.772877614526,706.2431650108409,719.0325902182102,-0.008124615062115481,-0.0010059778741151604,-0.015243252250115802
2014-01-23,7090.765350071179,706.2430859402978,719.0176142020595,-0.007527543347350729,-7.907054316547146e-05,-0.014976016150740179
2014-01-24,7090.759832948151,706.2391007408008,719.0105651554992,-0.005517123027857451,-0.003985199496923997,-0.007049046560268835
2014-01-25,7090.754495905768,706.2347656551538,719.0042261563808,-0.005337042382961954,-0.0043350856470851795,-0.006338999118383981
2014-01-26,7090.746637457558,706.2334161404849,718.9898587746306,-0.007858448209844937,-0.0013495146688455861,-0.014367381750162167
2014-01-27,7090.739752053055,706.2318641506688,718.9776399554419,-0.00688540450300934,-0.0015519898161073797,-0.012218819188774432
2014-01-28,7090.7339518321105,706.2332930088791,718.9646106553415,-0.005800220944365719,0.0014288582102608416,-0.013029300100356522
2014-01-29,7090.726305301196,706.2525805246088,718.9300300777829,-0.007646530914826144,0.01928751572972942,-0.0345805775585859
2014-01-30,7090.71632638118,706.2660805403937,718.8965722219656,-0.009978920015782933,0.013500015784870811,-0.03345785581734617
2014-01-31,7090.709102934539,706.2791830773051,718.8690227917737,-0.007223446640637121,0.013102536911446805,-0.02754943019192524
2014-02-01,7090.703066957479,706.3031447266806,718.8329891882772,-0.0060359770604918594,0.02396164937545109,-0.03603360349643481
2014-02-02,7090.6920615594145,706.3205245694609,718.7935985493683,-0.011005398064298788,0.017379842780314902,-0.03939063890891248
2014-02-03,7090.679947320859,706.3276638849323,718.7622307567858,-0.012114238555113843,0.007139315471476948,-0.03136779258250044
2014-02-04,7090.672980154811,706.3372127104235,718.7387475991981,-0.0069671660485255416,0.009548825491151547,-0.023483157587747883
2014-02-05,7090.6663503321915,706.3637903218823,718.6989103425002,-0.006629822619288461,0.026577611458833417,-0.03983725669786509
2014-02-06,7090.6487204337145,706.3725933311317,718.6548475362965,-0.017629898477025563,0.008803009249390925,-0.044062806203669425
2014-02-07,7090.637552244839,706.3799415648134,718.6251629248634,-0.011168188875672058,0.007348233681682359,-0.029684611433140162
2014-02-08,7090.621056573155,706.3821816525759,718.5899314937335,-0.016495671683514956,0.002240087762515941,-0.035231431129886914
2014-02-09,7090.608224046312,706.4019700778439,718.5444780147794,-0.01283252684334002,0.01978842526796143,-0.045453478954073034
2014-02-10,7090.605691833667,706.4470964550757,718.494287212258,-0.002532212644837273,0.04512637723178159,-0.050190802521456135
2014-02-11,7090.59491406568,706.4897164487462,718.4301116826143,-0.010777767986837716,0.04261999367054159,-0.06417552964364859
2014-02-12,7090.586159647513,706.5185824052749,718.3837368897506,-0.008754418166972755,0.028865956528647985,-0.04637479286373036
2014-02-13,7090.573804427514,706.5360649089724,718.3415439460542,-0.012355219999335532,0.017482503697578977,-0.04219294369636373
2014-02-14,7090.565773844789,706.5663730900139,718.2951745995638,-0.008030582725041313,0.030308181041505122,-0.04636934649045088
2014-02-15,7090.5576015703255,706.5969604910388,718.2482426496116,-0.008172274463504436,0.030587401024831706,-0.04693194995218164
2014-02-16,7090.548739022232,706.6274710642509,718.200006980214,-0.00886254809302045,0.030510573212154668,-0.048235669397627134
2014-02-17,7090.539851671802,706.6640039388963,718.1456994047087,-0.008887350430086371,0.0365328746453315,-0.05430757550527687
2014-02-18,7090.534027720323,706.6999733640337,718.098082076612,-0.005823951479214884,0.035969425137409416,-0.04761732809674868
2014-02-19,7090.522363984238,706.7348390306224,718.0398889378537,-0.011663736085210985,0.03486566658875745,-0.058193138758269924
2014-02-20,7090.507944717966,706.761396944682,717.9844924912499,-0.014419266271943343,0.026557914059594623,-0.05539644660382237
2014-02-21,7090.493424599599,706.7873985093594,717.9294506898378,-0.014520118366817769,0.026001564677358147,-0.055041801412016866
2014-02-22,7090.4812261905445,706.8213068366599,717.8711455444295,-0.012198409054690273,0.03390832730053717,-0.0583051454083261
2014-02-23,7090.47254990445,706.8592544189428,717.8158453899573,-0.008676286094669194,0.0379475822828681,-0.055300154472206486
2014-02-24,7090.4601422865935,706.8860080668684,717.7642765063198,-0.012407617856297293,0.02675364792560231,-0.05156888363751477
2014-02-25,7090.447296573286,706.9122243113695,717.7123688352016,-0.012845713307797268,0.026216244501142683,-0.05190767111821515
2014-02-26,7090.433872195367,706.9372175456195,717.660526845114,-0.013424377918454411,0.02499323425001876,-0.0518419900876097
2014-02-27,7090.417780803888,706.9399318277215,717.6256297800538,-0.01609139147967653,0.002714282101919707,-0.0348970650601359
2014-02-28,7090.403057151634,706.9001949332271,717.6359193700406,-0.014723652253451291,-0.03973689449435369,0.010289589986768988
2014-03-01,7090.3819173611055,706.9077607753525,717.5860739468576,-0.021139790528650337,0.007565842125359268,-0.049845423183001
2014-03-02,7090.363315907171,706.9290478016221,717.5275840127205,-0.018601453934024903,0.021287026269646958,-0.05848993413712833
2014-03-03,7090.348158238592,706.9512908638578,717.4750256133259,-0.01515766857937706,0.022243062235702382,-0.05255839939457019
2014-03-04,7090.333000570013,706.9735339260934,717.4224672139312,-0.01515766857937706,0.022243062235588695,-0.052558399394683875
2014-03-05,7090.317842901433,706.9957769883291,717.3699088145366,-0.01515766857937706,0.022243062235702382,-0.05255839939457019
2014-03-06,7090.302685232854,707.0180200505647,717.317350415142,-0.01515766857937706,0.022243062235588695,-0.052558399394683875
2014-03-07,7090.288714062883,707.0430967566732,717.2643313690919,-0.013971169971227937,0.025076706108507096,-0.053019046050053475
2014-03-08,7090.27517047161,707.0691946234888,717.2111463197309,-0.013543591272537014,0.0260978668155758,-0.05318504936099089
2014-03-09,7090.262278195292,707.1013423321833,717.1532140584004,-0.01289227631787071,0.03214770869453787,-0.05793226133050666
2014-03-10,7090.248056005406,707.1385189556662,717.0875930551459,-0.014222189885913394,0.03717662348287831,-0.06562100325447773
2014-03-11,7090.231159289325,707.1846250292978,717.0076935493514,-0.016896716081646446,0.04610607363156305,-0.07989950579451488
2014-03-12,7090.222638605589,707.2010574430334,716.974219768144,-0.008520683735696366,0.01643241373562887,-0.03347378120736266
2014-03-13,7090.207301107695,707.2025343759605,716.9420678394289,-0.015337497894506669,0.0014769329270620801,-0.03215192871516592
2014-03-14,7090.194727625349,707.1962819781238,716.9231732725733,-0.012573482345942466,-0.006252397836647106,-0.018894566855578887
2014-03-15,7090.18433910157,707.2027271677891,716.8959510353507,-0.010388523778601666,0.006445189665328144,-0.027222237222645163
2014-03-16,7090.175760779831,707.2337077701069,716.8478137895545,-0.008578321739150851,0.030980602317754347,-0.048137245796169736
2014-03-17,7090.167165218603,707.2444317601437,716.819898677062,-0.008595561227593862,0.010723990036808573,-0.027915112492451044
2014-03-18,7090.154075970507,707.2325878684424,716.80556407257,-0.013089248096548545,-0.011843891701346365,-0.014334604492091785
2014-03-19,7090.14042415966,707.2133041787768,716.7975441405437,-0.013651810846567969,-0.019283689665599013,-0.00801993202628637
2014-03-20,7090.126180201705,707.1861894429549,716.7961709604559,-0.01424395795493183,-0.02711473582189683,-0.0013731800877394562
2014-03-21,7090.111936243751,707.159074707133,716.7947977803683,-0.014243957954022335,-0.02711473582189683,-0.0013731800876257694
2014-03-22,7090.099545309013,707.157665747144,716.7714248708811,-0.012390934738505166,-0.0014089599889075544,-0.023372909487193283
2014-03-23,7090.0868891796645,707.1535234589983,716.7502549003304,-0.012656129348215472,-0.0041422881457719996,-0.021169970550658945
2014-03-24,7090.072564365519,707.1279225843775,716.7472061466591,-0.01432481414576614,-0.02560087462074989,-0.0030487536713508234
2014-03-25,7090.058538556618,707.1035173360826,716.7435597771539,-0.014025808900441916,-0.02440524829489732,-0.0036463695051907052
2014-03-26,7090.03732614132,707.0856272559829,716.7190250266549,-0.02121241529857798,-0.017890080099732586,-0.02453475049901499
2014-03-27,7090.0197631699275,707.0731917064728,716.6963346333804,-0.01756297139218077,-0.012435549510087185,-0.02269039327450173
2014-03-28,7090.004080503211,707.0516223137264,716.6865386926953,-0.01568266671620222,-0.02156939274641445,-0.009795940685080495
2014-03-29,7089.988101003567,707.018108288579,716.6880937185539,-0.015979499644345196,-0.03351402514738311,0.0015550258585790289
2014-03-30,7089.972121503923,706.9845942634316,716.6896487444125,-0.015979499644345196,-0.03351402514738311,0.0015550258585790289
2014-03-31,7089.959876649627,706.9222281236059,716.7275251756482,-0.012244854295204277,-0.06236613982571271,0.0378764312357589
2014-04-01,7089.944509313718,706.8736702623461,716.7453483650909,-0.01536733590910444,-0.04855786125983741,0.01782318944265171
2014-04-02,7089.927603172966,706.832350452912,716.7528558930204,-0.016906140752325882,-0.04131980943407143,0.007507527929533353
2014-04-03,7089.9123063906445,706.7851873858017,716.769425395488,-0.015296782321456703,-0.04716306711031848,0.016569502467632446
2014-04-04,7089.897593792214,706.7366986658977,716.7884889185311,-0.01471259843037842,-0.048488719903957644,0.019063523043087116
2014-04-05,7089.884939521885,706.6870783663629,716.8128006774049,-0.012654270329221617,-0.04962029953480851,0.024311758873750478
2014-04-06,7089.866849592239,706.5769196257229,716.8867795587547,-0.018089929645611846,-0.11015874064003128,0.07397888134983077
2014-04-07,7089.855063368874,706.5707708591821,716.8693558785658,-0.011786223365561455,-0.0061487665408321845,-0.017423680188926483
2014-04-08,7089.84410825753,706.5501513869706,716.8680651280894,-0.010955111343719182,-0.02061947221147875,-0.0012907504764143596
2014-04-09,7089.833889147182,706.4220099325639,716.975768361799,-0.010219110347861715,-0.12814145440665925,0.10770323370968526
2014-04-10,7089.824290111755,706.3550402589839,717.0235399645244,-0.00959903542752727,-0.06696967358004713,0.04777160272533365
2014-04-11,7089.812794417094,706.2960704261516,717.0595184080352,-0.011495694660879963,-0.05896983283230384,0.035978443510771285
2014-04-12,7089.790551391397,706.2471987559949,717.063904026797,-0.022243025697207486,-0.04887167015670002,0.004385618761830301
2014-04-13,7089.775752200394,706.2066434512052,717.0748609495818,-0.014799191002566658,-0.04055530478967739,0.01095692278477145
2014-04-14,7089.773081755764,706.1514984630694,717.1246650484576,-0.0026704446299845586,-0.05514498813579394,0.04980409887582482
2014-04-15,7089.7628300426595,706.1009755688151,717.1546845165038,-0.010251713104480586,-0.0505228942542999,0.03001946804624822
2014-04-16,7089.75056311181,706.0943562573059,717.1367699663136,-0.012266930849364144,-0.0066193115092119115,-0.017914550190198497
2014-04-17,7089.73756793073,705.9739864018823,717.2311494595766,-0.012995181080441398,-0.12036985542363254,0.09437949326297712
2014-04-18,7089.718640573138,705.9073270072142,717.2599541390617,-0.01892735759156494,-0.06665939466802229,0.028804679485119777
2014-04-19,7089.704362447662,705.8482329516432,717.2904919436811,-0.014278125476266723,-0.0590940555709949,0.030537804619370945
2014-04-20,7089.689203734774,705.8354128081531,717.2729946613944,-0.015158712887568981,-0.012820143490102964,-0.0174972822867403
2014-04-21,7089.673868077441,705.8300356307767,717.2477005241046,-0.015335657333707786,-0.005377177376431064,-0.025294137289733953
2014-04-22,7089.661890961332,705.7711246802846,717.2826572423771,-0.01197711610893748,-0.05891095049207706,0.0349567182724968
2014-04-23,7089.652979702895,705.7083328698047,717.3276265359858,-0.008911258436455682,-0.06279181047989368,0.04496929360868762
2014-04-24,7089.638256609151,705.6479720183136,717.3585411999877,-0.014723093744578364,-0.06036085149116843,0.030914664001898018
2014-04-25,7089.625880061016,705.5934633327154,717.3882967893155,-0.012376548134852783,-0.05450868559819355,0.029755589327805865
2014-04-26,7089.616023796268,705.5064550198432,717.4555925726917,-0.009856264748123067,-0.0870083128721717,0.06729578337615294
2014-04-27,7089.606781834448,705.4056674599639,717.5378962089329,-0.009241961819498101,-0.10078755987933619,0.08230363624124948
2014-04-28,7089.600555021496,705.3544650551735,717.5766449878179,-0.006226812952263572,-0.051202404790387845,0.03874877888495121
2014-04-29,7089.5937063730835,705.3069448925359,717.6104678536316,-0.006848648412415059,-0.04752016263762471,0.033822865813704084
2014-04-30,7089.58315513662,705.2568428870168,717.639467386223,-0.010551236463470559,-0.050102005519079285,0.028999532591456045
2014-05-01,7089.574868532192,705.207332072701,717.6724049916829,-0.008286604427667044,-0.04951081431579496,0.03293760545989244
2014-05-02,7089.568845973692,705.1598357287271,717.7078562186568,-0.006022558500262676,-0.04749634397387581,0.03545122697391889
2014-05-03,7089.565786131432,705.1184220373058,717.7431502255582,-0.0030598422599723563,-0.04141369142132589,0.03529400690138118
2014-05-04,7089.556529168306,705.0853421403853,717.7577161962258,-0.009256963126063056,-0.03307989692052615,0.014565970667604233
2014-05-05,7089.54848826846,705.0527299689263,717.774246567993,-0.008040899846491811,-0.032612171458936245,0.016530371767203178
2014-05-06,7089.541721982447,705.0200508530836,717.7933931118097,-0.0067662860128621105,-0.032679115842711326,0.019146543816646044
2014-05-07,7089.537497001303,704.9872053212747,717.8177886813293,-0.0042249811440342455,-0.032845531808902706,0.02439556951958366
2014-05-08,7089.530104963946,704.9575003702171,717.8327095576749,-0.0073920373570217635,-0.029704951057624385,0.014920876345627221
2014-05-09,7089.516775868486,704.9156749861158,717.8478767508558,-0.013329095459994278,-0.041825384101230156,0.01516719318090054
2014-05-10,7089.507693131718,704.884364811974,717.8610214514617,-0.009082736767595634,-0.031310174141822245,0.013144700605948856
2014-05-11,7089.499949855751,704.8674964539825,717.8624032575184,-0.0077432759671864915,-0.016868357991484118,0.0013818060566563872
2014-05-12,7089.49201398646,704.8514419464319,717.8625860264858,-0.00793586929103185,-0.016054507550620656,0.0001827689674200883
2014-05-13,7089.483872213254,704.8320973361026,717.8656470904036,-0.00814177320626186,-0.019344610329312673,0.0030610639178121346
2014-05-14,7089.475012751985,704.8128727660219,717.8671527379464,-0.008859461268912128,-0.019224570080723424,0.001505647542785482
2014-05-15,7089.46514941187,704.80165472931,717.858644094429,-0.009863340114861785,-0.01121803671185262,-0.008508643517416203
2014-05-16,7089.455802078598,704.7974684119321,717.8441357452642,-0.009347333271762182,-0.004186317377957494,-0.014508349164771062
2014-05-17,7089.448249429168,704.7876736789078,717.8388251794278,-0.007552649430181191,-0.00979473302425049,-0.005310565836452952
2014-05-18,7089.441344920003,704.7506750512482,717.862014788757,-0.006904509164996853,-0.0369986276596137,0.023189609329278937
2014-05-19,7089.431687147646,704.7378942886294,717.855480006662,-0.009657772357059002,-0.012780762618831432,-0.0065347820950591995
2014-05-20,7089.424461140963,704.7186090894589,717.8603131924668,-0.007226006682685693,-0.019285199170440137,0.004833185804841378
2014-05-21,7089.418847848065,704.7011483525034,717.8665473436249,-0.005613292898487998,-0.017460736955513312,0.006234151158082568
2014-05-22,7089.414105132206,704.7048008256575,717.8534094387535,-0.004742715858810698,0.0036524731540339417,-0.013137904871427963
2014-05-23,7089.408024509122,704.7191125859391,717.8269364323046,-0.006080623084017134,0.01431176028165737,-0.02647300644889583
2014-05-24,7089.400902534805,704.7314619367497,717.8003431328605,-0.0071219743167603156,0.012349350810609394,-0.026593299444130025
2014-05-25,7089.3980682005285,704.755103367258,717.771033033798,-0.002834334276485606,0.023641430508291705,-0.029310099062513473
2014-05-26,7089.394346423412,704.7711917122351,717.7475011345863,-0.003721777116879821,0.016088344977106317,-0.023531899211661766
2014-05-27,7089.390783466864,704.7807363821598,717.7308305515681,-0.003562956547284557,0.009544669924707705,-0.01667058301813995
2014-05-28,7089.386635159931,704.8025551931057,717.7007151267558,-0.004148306933529966,0.02181881094588789,-0.030115424812379388
2014-05-29,7089.38318039729,704.8249221159805,717.6714386785991,-0.003454762641013076,0.022366922874766715,-0.02927644815667918
2014-05-30,7089.379153771726,704.8434629390765,717.6448446043752,-0.004026625563710695,0.018540823096032,-0.026594074223908137
2014-05-31,7089.371716929029,704.8457652003975,717.6276686576603,-0.007436842696733947,0.0023022613210059717,-0.017175946714928614
2014-06-01,7089.372222717209,704.8629926122984,717.6114528221188,0.0005057881799075403,0.017227411900876177,-0.016215835541402157
2014-06-02,7089.36931770054,704.9009488024267,717.567686598653,-0.0029050166695014923,0.037956190128284106,-0.04376622346580916
2014-06-03,7089.365563786281,704.945041740909,717.516085831652,-0.0037539142585956142,0.0440929384823221,-0.051600767000991254
2014-06-04,7089.362144805911,704.9747379273008,717.4795516845219,-0.0034189803700428456,0.029696186391788615,-0.036534147130169004
2014-06-05,7089.358702996983,705.0008939174705,717.4465120764944,-0.003441808928073442,0.026155990169741017,-0.03303960802747952
2014-06-06,7089.354466795708,705.0384234429246,717.4005101484908,-0.004236201275489293,0.03752952545403332,-0.04600192800364766
2014-06-07,7089.349811610463,705.0670062836501,717.3626169372749,-0.004655185244700988,0.028582840725562164,-0.037893211215873635
2014-06-08,7089.344310718011,705.0932034759865,717.3254179600359,-0.005500892451891559,0.026197192336326225,-0.037198977238972475
2014-06-09,7089.338567582271,705.1219130195735,717.2852221449688,-0.005743135739976424,0.028709543587069675,-0.04019581506713621
2014-06-10,7089.333037822847,705.1561112367681,717.2399644089244,-0.0055297594244620996,0.0341982171945574,-0.045257736044391095
2014-06-11,7089.327732323483,705.2012935129019,717.1841711340629,-0.0053054993632031255,0.04518227613380077,-0.055793274861457576
2014-06-12,7089.321526781922,705.2491469546778,717.1239066091662,-0.006205541561030259,0.047853441775941974,-0.060264524896751936
2014-06-13,7089.315845535966,705.2835452165319,717.0781458554004,-0.005681245956111525,0.03439826185410766,-0.045760753765762274
2014-06-14,7089.308565982886,705.3270723483681,717.0200596174014,-0.007279553080479673,0.04352713183618562,-0.05808623799896395
2014-06-15,7089.302321817501,705.3597702742452,716.9748733607556,-0.0062441653844871325,0.03269792587707343,-0.04518625664582032
2014-06-16,7089.297998496916,705.4030037647406,716.922993229091,-0.004323320585172041,0.04323349049536773,-0.05188013166457495
2014-06-17,7089.295084684263,705.4568593294017,716.8633100391244,-0.002913812652877823,0.05385556466114849,-0.059683189966676764
2014-06-18,7089.291489910596,705.5113006484355,716.8016791727573,-0.003594773666918627,0.05444131903379912,-0.06163086636706794
2014-06-19,7089.287330383281,705.5370450234361,716.7676157431259,-0.0041595273150960566,0.025744375000613218,-0.034063429631373765
2014-06-20,7089.2833684667585,705.5758733765972,716.7208635569199,-0.003961916522712272,0.038828353161079576,-0.04675218620604937
2014-06-21,7089.280445652355,705.6230604791168,716.6678308255938,-0.002922814403063967,0.04718710251961511,-0.053032731326084104
2014-06-22,7089.2779325231295,705.6785809225704,716.6072841236872,-0.0025131292259175098,0.055520443453588086,-0.060546701906559974
2014-06-23,7089.275463196835,705.7384611787454,716.5424652149225,-0.002469326294885832,0.05988025617500625,-0.06481890876477792
2014-06-24,7089.273451683797,705.7929020055759,716.4840013620183,-0.0020115130373596912,0.054440826830500555,-0.058463852904196756
2014-06-25,7089.27294702441,705.8466344886573,716.4292595601623,-0.0005046593869337812,0.053732483081375904,-0.05474180185592559
2014-06-26,7089.270675605674,705.8956230602446,716.3757281511032,-0.0022714187361998484,0.04898857158730152,-0.053531409059132784
2014-06-27,7089.26782875624,705.9410687782724,716.3245887342079,-0.0028468494338085293,0.04544571802784958,-0.05113941689535295
2014-06-28,7089.264638405109,705.9859474973476,716.2733293128686,-0.003190351131706848,0.044878719075200024,-0.05125942133929584
2014-06-29,7089.260595168718,706.031086496683,716.2201038407538,-0.0040432363903164514,0.04513899933533594,-0.053225472114718286
2014-06-30,7089.256073137,706.068330004631,716.1738162693695,-0.004522031717897335,0.03724350794800557,-0.046287571384368675
2014-07-01,7089.250970906813,706.1018647596895,716.130077053934,-0.005102230187731038,0.033534755058553856,-0.04373921543549386
2014-07-02,7089.247116541213,706.1314936118666,716.0927394705575,-0.003854365600091114,0.029628852177097542,-0.03733758337648396
2014-07-03,7089.240797664848,706.1601587922827,716.051436537413,-0.0063188763642756385,0.02866518041605559,-0.04130293314449318
2014-07-04,7089.2328591008745,706.1866804474585,716.0090377542901,-0.007938563973766577,0.02652165517577032,-0.04239878312284873
2014-07-05,7089.227705430021,706.2052947570014,715.9801161030405,-0.0051536708533603814,0.018614309542954288,-0.02892165124967505
2014-07-06,7089.22042149393,706.2262189903694,715.944623997491,-0.00728393609097111,0.020924233367964007,-0.03549210554945148
2014-07-07,7089.213381981181,706.2442961885573,715.9124677738018,-0.007039512749543064,0.018077198187938848,-0.032156223689185026
2014-07-08,7089.2036236906,706.2557371817628,715.8815101994361,-0.009758290580975881,0.011440993205496852,-0.030957574365743312
2014-07-09,7089.195232657884,706.2705443322072,715.84992098356,-0.008391032715735491,0.014807150444426043,-0.0315892158761244
2014-07-10,7089.188127572677,706.2869417964042,715.8193133489507,-0.00710508520660369,0.0163974641969844,-0.030607634609282286
2014-07-11,7089.183204793898,706.3014873869265,715.7949222008683,-0.004922778779473447,0.014545590522288876,-0.024391148082372638
2014-07-12,7089.17891469276,706.31451853759,715.77331084793,-0.0042901011374851805,0.013031150663437074,-0.02161135293829375
2014-07-13,7089.171630690803,706.3211795647491,715.7520818168567,-0.0072840019574869075,0.006661027159111654,-0.02122903107328966
2014-07-14,7089.165136599881,706.3285865254752,715.7316866742866,-0.006494090921478346,0.007406960726143552,-0.020395142570123426
2014-07-15,7089.163495862318,706.3421332686128,715.7148584560218,-0.0016407375633207266,0.013546743137567319,-0.016828218264777206
2014-07-16,7089.1607603206285,706.3449710917273,715.7065495495275,-0.0027355416896170937,0.0028378231145325117,-0.008308906494335133
2014-07-17,7089.1582154654325,706.3366866092058,715.7097443216581,-0.002544855195992568,-0.008284482521503378,0.0031947721306551102
2014-07-18,7089.156000530654,706.3240966967868,715.7179043645211,-0.0022149347787490115,-0.012589912419002758,0.008160042862982664
2014-07-19,7089.154565163228,706.3100672076124,715.7290631188429,-0.0014353674259837135,-0.01402948917439062,0.011158754321741071
2014-07-20,7089.153512775855,706.2990075933812,715.7380179583295,-0.001052387372510566,-0.011059614231157866,0.008954839486591482
2014-07-21,7089.152430138989,706.2877716545781,715.7470886234009,-0.001082636866158282,-0.011235938803110912,0.00907066507147647
2014-07-22,7089.151112867399,706.2737673964745,715.7584583383222,-0.0013172715898690512,-0.014004258103682332,0.011369714921215746
2014-07-23,7089.149399738497,706.2541725647019,715.7746269122919,-0.0017131289023382124,-0.019594831772565158,0.016168573969707722
2014-07-24,7089.14732672407,706.2406508737586,715.7840025743805,-0.0020730144269691664,-0.013521690943321119,0.009375662088586978
2014-07-25,7089.146382967507,706.2145463968054,715.8082195382079,-0.0009437565631742473,-0.02610447695315088,0.024216963827484506
2014-07-26,7089.14376120866,706.1940733260196,715.8234490913002,-0.002621758846544253,-0.02047307078578342,0.015229553092240167
2014-07-27,7089.140321240693,706.1578787279705,715.8527637534164,-0.003439967967096891,-0.03619459804917824,0.029314662116235013
2014-07-28,7089.1370699439285,706.1145565194261,715.8895833684317,-0.003251296764574363,-0.043322208544395835,0.03681961501524711
2014-07-29,7089.1338352676385,706.0709162017926,715.926754333484,-0.00323467629004881,-0.0436403176335034,0.0371709650523826
2014-07-30,7089.129912296236,706.0280657092541,715.9617588832182,-0.003922971402062103,-0.04285049253849138,0.0350045497341398
2014-07-31,7089.125045970577,705.9984217747693,715.9816701663839,-0.004866325659349968,-0.029643934484738566,0.01991128316569757
2014-08-01,7089.120528827569,705.9582918717256,716.0127657834117,-0.004517143008342828,-0.04012990304374853,0.03109561702785868
2014-08-02,7089.1124531352825,705.9087959474375,716.0461103231273,-0.008075692286183767,-0.04949592428806682,0.0333445397155856
2014-08-03,7089.103811710651,705.8560934552343,716.0815299660677,-0.008641424631605332,-0.052702492203252405,0.0354196429403828
2014-08-04,7089.098781853141,705.8039973493235,716.1235663569585,-0.0050298575097258436,-0.052096105910777624,0.0420363908907575
2014-08-05,7089.093649214842,705.7450529680968,716.172245461586,-0.005132638299073733,-0.05894438122663814,0.04867910462758118
2014-08-06,7089.088321981225,705.7040468127326,716.2025971497159,-0.005327233617208549,-0.04100615536424357,0.03035168812982647
2014-08-07,7089.0836670139215,705.6682068750803,716.2291271527622,-0.004654967303395097,-0.035839937652326626,0.02653000304633224
2014-08-08,7089.07941372021,705.614453842019,716.2743735984001,-0.004253293711371953,-0.05375303306129808,0.04524644563787206
2014-08-09,7089.075006390546,705.5665749257876,716.3134378553033,-0.004407329663990822,-0.047878916231411495,0.03906425690320248
2014-08-10,7089.069304492011,705.5054247494047,716.3631842346158,-0.005701898535335204,-0.061150176382852806,0.04974637931252346
2014-08-11,7089.063908131891,705.4365289115996,716.4212873521823,-0.005396360119448218,-0.06889583780514386,0.05810311756647479
2014-08-12,7089.060728789606,705.3717756755765,716.4796819036361,-0.003179342284965969,-0.06475323602307981,0.05839455145382999
2014-08-13,7089.059257120545,705.327457555704,716.5210566853873,-0.0014716690611749073,-0.04431811987251422,0.041374781751187584
2014-08-14,7089.055695516184,705.2692026502342,716.5721883821334,-0.0035616043614936643,-0.05825490546976653,0.05113169674609708
2014-08-15,7089.053529233421,705.2108462829494,716.6262121838918,-0.0021662827630279935,-0.058356367284773114,0.05402380175837607
2014-08-16,7089.052138857931,705.1648064140921,716.6694713017707,-0.0013903754897910403,-0.046039868857292277,0.04325911787896075
2014-08-17,7089.0498920782475,705.1147813603777,716.7150027961164,-0.0022467796834462206,-0.05002505371442112,0.04553149434570969
2014-08-18,7089.046951603327,705.0594866068149,716.7644165998395,-0.0029404749202512903,-0.05529475356286184,0.04941380372304138
2014-08-19,7089.044320752438,705.010484859712,716.8081566451631,-0.0026308508895453997,-0.0490017471028068,0.04374004532360232
2014-08-20,7089.03898879072,704.9621859632581,716.8457916181826,-0.00533196171727468,-0.04829889645395724,0.03763497301952157
2014-08-21,7089.034153485794,704.9138977408836,716.8844092307047,-0.00483530492601858,-0.04828822237448094,0.03861761252210272
2014-08-22,7089.029963179243,704.8663731328517,716.9235532256334,-0.004190306551208778,-0.047524608031949356,0.03914399492873599
2014-08-23,7089.027659905433,704.8252760054825,716.9600438053845,-0.002303273809957318,-0.04109712736919846,0.036490579751102814
2014-08-24,7089.021806668005,704.7809366117456,716.9926767242642,-0.005853237427800195,-0.044339393736891,0.03263291887969899
2014-08-25,7089.016340415952,704.7438822004326,717.0187986314712,-0.005466252053338394,-0.037054411312965385,0.026121907206970718
2014-08-26,7089.0108902775655,704.7102389586179,717.0415415965119,-0.005450138386549952,-0.03364324181472966,0.022742965040720264
2014-08-27,7089.005424951046,704.6775308906252,717.0633190114658,-0.005465326519697555,-0.03270806799264392,0.021777414953817242
2014-08-28,7088.999959624526,704.6448228226327,717.0850964264196,-0.005465326519697555,-0.03270806799253023,0.021777414953817242
2014-08-29,7088.994494298007,704.6121147546401,717.1068738413734,-0.005465326518788061,-0.03270806799264392,0.021777414953817242
2014-08-30,7088.986670431294,704.5742130408383,717.1291278217514,-0.007823866712897143,-0.03790171380171614,0.02225398037796822
2014-08-31,7088.9786479315135,704.535561100309,717.151734762719,-0.008022499780963699,-0.038651940529348394,0.02260694096764837
2014-09-01,7088.973986509121,704.5021708660319,717.175802152208,-0.004661422392928216,-0.03339023427713528,0.02406738948900511
2014-09-02,7088.970967405719,704.4685575887702,717.2033772226677,-0.0030191034011295415,-0.033613277261679286,0.027575070459647577
2014-09-03,7088.966347005075,704.4360567323516,717.2266372777972,-0.004620400644853362,-0.03250085641855094,0.023260055129526336
2014-09-04,7088.9606893272585,704.4166997962975,717.2346788582198,-0.005657677816088835,-0.019356936054123253,0.008041580422627703
2014-09-05,7088.954235112362,704.3941151458943,717.24435507883,-0.006454214896621124,-0.022584650403246087,0.009676220610231212
2014-09-06,7088.947508802777,704.3762742426982,717.2487433628557,-0.006726309585246781,-0.01784090319608822,0.004388284025708344
2014-09-07,7088.940836056278,704.3559004992022,717.2557716133553,-0.006672746498225024,-0.020373743495952112,0.0070282504995020645
2014-09-08,7088.934312068742,704.3355950494084,717.2630290880741,-0.006523987536638742,-0.02030544979379556,0.007257474718812773
2014-09-09,7088.927969844678,704.3185892823251,717.2673504070287,-0.006342224063700996,-0.017005767083333012,0.004321318954680464
2014-09-10,7088.921677130164,704.3091314812178,717.2642227791108,-0.0062927145136200124,-0.009457801107259911,-0.0031276279179337507
2014-09-11,7088.914475381671,704.2998163718696,717.2591343914718,-0.007201748493571358,-0.009315109348221995,-0.0050883876390344085
2014-09-12,7088.901867518907,704.2899638560997,717.2437711817137,-0.01260786276361614,-0.00985251576992141,-0.015363209758106677
2014-09-13,7088.883001742996,704.2791292734588,717.2168742125333,-0.0188657759108537,-0.010834582640882218,-0.026896969180370434
2014-09-14,7088.879416608194,704.2806461492594,717.2081870671299,-0.0035851348020514706,0.00151687580057569,-0.008687145403428076
2014-09-15,7088.869172842192,704.2642821027409,717.2040635816413,-0.010243766002531629,-0.01636404651844714,-0.004123485488548795
2014-09-16,7088.866636519047,704.2560802018455,717.2071928362463,-0.0025363231452502077,-0.008201900895414838,0.003129254605028109
2014-09-17,7088.860099499735,704.2530101649091,717.1971888345595,-0.0065370193115086295,-0.0030700369363785285,-0.010004001686866104
2014-09-18,7088.852068432462,704.2518566071469,717.1822802577764,-0.008031067272895598,-0.00115355776222259,-0.014908576783113858
2014-09-19,7088.842974833602,704.2645978508767,717.1513518163262,-0.009093598860090424,0.012741243729806229,-0.03092844145021445
2014-09-20,7088.8337235884555,704.2794006463471,717.1180465305641,-0.00925124514651543,0.014802795470359342,-0.03330528576202596
2014-09-21,7088.825545914524,704.2960512128349,717.0850406162117,-0.008177673931641039,0.01665056648778318,-0.0330059143524295
2014-09-22,7088.821530322134,704.3199146470771,717.0531459971903,-0.0040155923898055335,0.02386343424223014,-0.03189461902138646
2014-09-23,7088.814958700069,704.3396451811412,717.0202722189953,-0.0065716220651665935,0.019730534064137828,-0.03287377819503945
2014-09-24,7088.808322581211,704.3607219731715,716.9859231892495,-0.0066361188582959585,0.021076792030271463,-0.03434902974572651
2014-09-25,7088.800081861337,704.3882005301685,716.9419631925061,-0.008240719873356284,0.02747855699703905,-0.043959996743410557
2014-09-26,7088.791221831557,704.413496283711,716.8989473794014,-0.008860029780407785,0.025295753542422972,-0.04301581310471647
2014-09-27,7088.7792619581,704.4198674834644,716.8686564327346,-0.011959873457271897,0.006371199753402834,-0.03029094666680976
2014-09-28,7088.767960266825,704.428348139952,716.8375723936962,-0.01130169127463887,0.008480656487677152,-0.03108403903843282
2014-09-29,7088.758737410322,704.443491407698,716.8039834129455,-0.009222856502674404,0.015143267745997946,-0.03358898075066463
2014-09-30,7088.7453523004315,704.4582455165273,716.762459084335,-0.013385109890805325,0.014754108829265533,-0.04152432861053512
2014-10-01,7088.7324772627335,704.4806562786796,716.7142982467873,-0.01287503769799514,0.02241076215227622,-0.048160837547698065
2014-10-02,7088.72060214988,704.5055437965945,716.6656605031645,-0.011875112853886094,0.024887517914862656,-0.04863774362274853
2014-10-03,7088.709296851347,704.5271600278068,716.6214336748865,-0.011305298532533925,0.021616231212306047,-0.04422682827805602
2014-10-04,7088.698585258576,704.54661222149,716.5805582956608,-0.010711592771258438,0.01945219368326434,-0.04087537922566753
2014-10-05,7088.6858927558205,704.5637618886258,716.5380236230143,-0.012692502755271562,0.0171496671357545,-0.042534672646524996
2014-10-06,7088.6751287406405,704.5880623797445,716.4921951015355,-0.010764015180029674,0.02430049111876542,-0.04582852147882477
2014-10-07,7088.665258494531,704.6241723235274,716.4363446655357,-0.009870246109130676,0.036109943782889786,-0.055850435999786896
2014-10-08,7088.655591199035,704.6636396613055,716.3775427367642,-0.009667295496001316,0.03946733777809186,-0.058801928771458734
2014-10-09,7088.644735347298,704.7003382989914,716.319132395602,-0.010855851737687772,0.036698637685844915,-0.05841034116224364
2014-10-10,7088.624856845963,704.7508964594879,716.2288172324372,-0.019878501334460452,0.0505581604965073,-0.09031516316474608
2014-10-11,7088.614583560837,704.7838893583472,716.1752777633259,-0.010273285126459086,0.032992898859333764,-0.05353946911134244
2014-10-12,7088.608332774027,704.810037118979,716.1366284290748,-0.00625078680968727,0.026147760631829442,-0.038649334251090295
2014-10-13,7088.602424731741,704.8380049488719,716.0968445146088,-0.005908042286137061,0.027967829892872942,-0.03978391446594287
2014-10-14,7088.592976328144,704.882803313939,716.0331493423481,-0.009448403597161814,0.04479836506709489,-0.0636951722607364
2014-10-15,7088.580723428957,704.9134818342501,715.9779650236619,-0.012252899186933064,0.030678520311084867,-0.05518431868620155
2014-10-16,7088.57090299848,704.9524191297776,715.919386867181,-0.009820430476793263,0.03893729552748937,-0.05857815648096221
2014-10-17,7088.562667210287,704.9950176139914,715.8603168065825,-0.008235788192905602,0.04259848421384049,-0.05907006059840114
2014-10-18,7088.557136656441,705.0317438006123,715.8125295122686,-0.005530553846256225,0.036726186620853696,-0.04778729431393458
2014-10-19,7088.550644288256,705.0330831361434,715.7982054403678,-0.0064923681848085835,0.0013393355311563937,-0.01432407190077356
2014-10-20,7088.5373231236945,705.0356656546554,715.7689805927338,-0.013321164561602927,0.002582518511985654,-0.02922484763405464
2014-10-21,7088.525357519361,705.0567239438246,715.7239910948966,-0.011965604333454394,0.02105828916921837,-0.04498949783715034
2014-10-22,7088.51528500363,705.0839174325505,715.6766525747089,-0.010072515730826126,0.027193488725856696,-0.04733852018773632
2014-10-23,7088.502156319537,705.123461811465,715.610850827608,-0.013128684093317133,0.0395443789144565,-0.0658017471008634
2014-10-24,7088.487952578784,705.1537145620459,715.5521905955205,-0.014203740753146121,0.030252750580984866,-0.05866023208750448
2014-10-25,7088.474045395252,705.1725379322277,715.5055528582744,-0.013907183531955525,0.0188233701817353,-0.046637737246101096
2014-10-26,7088.459984787021,705.1746957886472,715.4752737853945,-0.014060608230465732,0.002157856419557902,-0.030279072879920932
2014-10-27,7088.445427028237,705.1605608298254,715.4602932266475,-0.014557758784576436,-0.014134958821841792,-0.014980558746970019
2014-10-28,7088.427387293312,705.1607424414868,715.4240321451359,-0.018039734924968798,0.0001816116614463681,-0.03626108151161134
2014-10-29,7088.410880865339,705.1733095464307,715.3784521842464,-0.0165064279726721,0.012567104943855156,-0.045579960889540416
2014-10-30,7088.396061506764,705.1887421541406,715.3333808593862,-0.014819358574641228,0.015432607709954027,-0.04507132486014598
2014-10-31,7088.384850057371,705.2027302127377,715.296969902004,-0.011211449393158546,0.013988058597078634,-0.03641095738225886
2014-11-01,7088.374278135381,705.2297629102934,715.2487933604681,-0.010571921990049304,0.027032697555682716,-0.04817654153589501
2014-11-02,7088.363187371084,705.2605471977508,715.1958275444169,-0.011090764297478017,0.03078428745743622,-0.0529658160511417
2014-11-03,7088.351787069564,705.295058354522,715.1385157846046,-0.011400301519643108,0.03451115677114558,-0.05731175981236447
2014-11-04,7088.339782591682,705.3060034882852,715.1035616950784,-0.012004477882328501,0.010945133763243575,-0.034954089526195276
2014-11-05,7088.327467931473,705.3036117440321,715.0813241189145,-0.01231466020908556,-0.002391744253145589,-0.02223757616388866
2014-11-06,7088.3158109125225,705.3021802646239,715.059441560421,-0.011657018950245401,-0.0014314794082110893,-0.02188255849353027
2014-11-07,7088.307458701177,705.303624182543,715.0412932198118,-0.008352211345481919,0.0014439179191185758,-0.01814834060917292
2014-11-08,7088.296060134103,705.2966471331812,715.0254731350249,-0.011398567074138555,-0.006977049361807985,-0.01582008478692387
2014-11-09,7088.282723140761,705.2967134878689,714.9987327936528,-0.013336993341908965,6.635468776039488e-05,-0.026740341372033072
2014-11-10,7088.267639440217,705.2734176071253,714.9918612733087,-0.015083700543982559,-0.023295880743603448,-0.0068715203441342965
2014-11-11,7088.250156836869,705.1925399907653,715.0377736829712,-0.01748260334807128,-0.08087761635999868,0.04591240966249188
2014-11-12,7088.237075167862,705.2174240476646,714.9867262880588,-0.013081669007078744,0.02488405689928186,-0.051047394912416166
2014-11-13,7088.230378440985,705.2479886928443,714.9427681891256,-0.006696726876725734,0.03056464517965196,-0.043958098933217116
2014-11-14,7088.218774077631,705.2334477734721,714.9341003817877,-0.011604363354308589,-0.014540919372166172,-0.008667807337815248
2014-11-15,7088.19962501725,705.219432580263,714.909817454235,-0.019149060381096206,-0.014015193209161225,-0.024282927552690126
2014-11-16,7088.17741096397,705.2056309605016,714.8791909674372,-0.02221405327964021,-0.013801619761352413,-0.030626486797814323
2014-11-17,7088.168053563952,705.1931043725239,714.8730027553781,-0.009357400018416229,-0.012526587977731651,-0.006188212059100806
2014-11-18,7088.159568811425,705.1704594582576,714.878678164591,-0.008484752526783268,-0.022644914266265914,0.005675409212813065
2014-11-19,7088.145930722256,705.111963987629,714.909897456882,-0.013638089169035084,-0.05849547062859983,0.0312192922910981
2014-11-20,7088.131840693961,705.0727094388043,714.9209719491158,-0.014090028294958756,-0.03925454882471513,0.011074492233774436
2014-11-21,7088.114234030481,705.0169614272988,714.941506633663,-0.017606663479455165,-0.055748011505443174,0.020534684547214965
2014-11-22,7088.098653740852,704.9827713468673,714.9445361348363,-0.015580289629724575,-0.03419008043158556,0.0030295011732732746
2014-11-23,7088.085703279124,704.9503634519206,714.9510431063258,-0.012950461727996299,-0.03240789494668661,0.006506971489443458
2014-11-24,7088.070517159391,704.9372343016553,714.9338000171264,-0.015186119732788939,-0.013129150265285716,-0.017243089199382666
2014-11-25,7088.0596763990125,704.9052416746573,714.9441111233672,-0.010840760378414416,-0.031992626997976004,0.010311106240806112
2014-11-26,7088.045738223022,704.866305889409,714.9551705566345,-0.01393817599000613,-0.03893578524832719,0.011059433267291752
2014-11-27,7088.030255699969,704.8234564091151,714.9670549908202,-0.015482523053833575,-0.04284948029385305,0.011884434185731152
2014-11-28,7088.01597614535,704.7692784312002,714.992673859498,-0.014279554618951806,-0.054177977914946496,0.02561886867783869
2014-11-29,7088.002949919066,704.7264113307754,715.0094885073553,-0.013026226283727738,-0.04286710042481445,0.01681464785724529
2014-11-30,7087.987790527511,704.6793637745559,715.0262172804657,-0.015159391555243928,-0.04704755621946788,0.01672877311045795
2014-12-01,7087.972467796288,704.6263719002129,715.0485636923615,-0.015322731223022856,-0.05299187434297892,0.022346411895796336
2014-12-02,7087.956698156639,704.5718021277172,715.0715941855602,-0.01576963964907918,-0.05456977249571082,0.023030493198689328
2014-12-03,7087.937725445615,704.5270786980611,715.0783721931688,-0.018972711023707234,-0.04472342965607368,0.006778007608545522
2014-12-04,7087.922563350605,704.4613845958319,715.1137421053761,-0.015162095010055054,-0.06569410222925853,0.035369912207329435
2014-12-05,7087.910377831245,704.4004889133971,715.150266749091,-0.012185519360173203,-0.06089568243476151,0.03652464371486985
2014-12-06,7087.898874558653,704.34554977354,715.1821993437669,-0.011503272591653513,-0.05493913985708332,0.03193259467593634
2014-12-07,7087.887141142364,704.294248169414,715.2100341153125,-0.011733416288734588,-0.05130160412602436,0.027834771545599324
2014-12-08,7087.872440096229,704.2429723049343,715.2319078875245,-0.014701046135087381,-0.051275864479748634,0.021873772211961295
2014-12-09,7087.8590059008375,704.1373139587769,715.3106978428981,-0.013434195391710091,-0.10565834615738368,0.07878995537362243
2014-12-10,7087.850702040959,704.058005048803,715.3733990331149,-0.008303859878651565,-0.07930890997386086,0.06270119021678511
2014-12-11,7087.84452900703,704.0196625020129,715.399395512046,-0.006173033928462246,-0.03834254679009064,0.025996478931119782
2014-12-12,7087.83394109172,703.9780263976062,715.4198557858323,-0.010587915310679819,-0.041636104406734376,0.020460273786284233
2014-12-13,7087.820248906847,703.914518198475,715.4559796152191,-0.013692184872525104,-0.06350819913120631,0.036123829386838224
2014-12-14,7087.8043131011655,703.8589172898422,715.4797089124874,-0.015935805681692727,-0.05560090863275491,0.023729297268232585
2014-12-15,7087.788472923623,703.8435712321648,715.4633746150797,-0.015840177542486344,-0.015346057677447789,-0.016334297407638587
2014-12-16,7087.772549126749,703.8385563113758,715.4365419421208,-0.015923796873721585,-0.005014920788994459,-0.02683267295890346
2014-12-17,7087.755822869195,703.7688412794902,715.4728044588994,-0.016726257554182666,-0.06971503188560746,0.03626251677860637
2014-12-18,7087.7417194696545,703.7149851546076,715.498453784701,-0.01410339954054507,-0.05385612488259994,0.02564932580162349
2014-12-19,7087.727922535229,703.6676922550377,715.5181528154183,-0.013796934425954532,-0.047292899569924884,0.019699030717220012
2014-12-20,7087.707895005471,703.6183091793191,715.5274808316218,-0.020027529757498996,-0.04938307571853784,0.009328016203539846
2014-12-21,7087.695350026397,703.5885014379927,715.5321986148012,-0.012544979073936702,-0.029807741326408177,0.004717783179444268
2014-12-22,7087.677116530661,703.5456732540869,715.5385598072345,-0.018233495736240002,-0.04282818390583998,0.006361192433246288
2014-12-23,7087.655491854019,703.4947340593399,715.5462496486982,-0.021624676642204577,-0.05093919474700215,0.007689841463729863
2014-12-24,7087.637271469201,703.4610409593072,715.5435019790933,-0.01822038481805066,-0.03369310003267856,-0.0027476696049006932
2014-12-25,7087.622855722281,703.4004613645338,715.5752500800288,-0.014415746919439698,-0.06057959477334407,0.031748100935487855
2014-12-26,7087.60987360954,703.3317168196633,715.6180303994156,-0.012982112741156016,-0.06874454487058301,0.04278031938679305
2014-12-27,7087.596691284694,703.2883080962208,715.6350744731677,-0.013182324845729454,-0.04340872344243962,0.017044073752117583
2014-12-28,7087.587992338801,703.2535800544075,715.6524046231933,-0.008698945893229393,-0.034728041813309574,0.017330150025600233
2014-12-29,7087.572954361076,703.1603886627386,715.7155200594127,-0.015037977725114615,-0.0931913916689382,0.06311543621939109
2014-12-30,7087.561409677486,703.1534303296547,715.699389025316,-0.011544683589818305,-0.0069583330838440816,-0.016131034096702024
2014-12-31,7087.554311009994,703.1482005519348,715.6904214680544,-0.007098667491845845,-0.005229777719932827,-0.008967557261598813
2015-01-01,7087.5481916624685,703.1343042583873,715.6920790665501,-0.006119347525782359,-0.013896293547531968,0.001657598495739876
2015-01-02,7087.543065578712,703.1235607582628,715.6925703991603,-0.005126083756294975,-0.010743500124476668,0.0004913326101814164
2015-01-03,7087.538914239741,703.1133633168517,715.6944651626301,-0.004151338971496443,-0.010197441411037289,0.0018947634697497051
2015-01-04,7087.528001370159,703.0882277471942,715.6977749931223,-0.01091286958217097,-0.02513556965755015,0.0033098304921850286
2015-01-05,7087.517884512061,703.0696783751644,715.6960906489572,-0.01011685809771734,-0.018549372029838196,-0.001684344165028051
2015-01-06,7087.507542270556,703.0574336351133,715.6876509059992,-0.010342241504986305,-0.012244740051073677,-0.008439742957989438
2015-01-07,7087.496446946672,703.0492339423272,715.6736599510174,-0.01109532388363732,-0.008199692786092783,-0.013990954981863979
2015-01-08,7087.484053973333,703.0451077421117,715.6530002045541,-0.012392973339046875,-0.004126200215523568,-0.020659746463252304
2015-01-09,7087.474766362064,703.0393409783119,715.640191745816,-0.009287611269428453,-0.005766763799783803,-0.012808458738163608
2015-01-10,7087.466358240783,703.0265626614398,715.6361538201265,-0.0084081212808087,-0.012778316872072537,-0.004037925689431177
2015-01-11,7087.45576028995,702.9968339269655,715.6446866529334,-0.010597950832561764,-0.029728734474360863,0.00853283280684991
2015-01-12,7087.444481114632,702.9973447124283,715.6216175168358,-0.011279175318122725,0.0005107854628931818,-0.023069136097547016
2015-01-13,7087.433889862008,703.0069935763048,715.5907861477107,-0.010591252624180925,0.00964886387646402,-0.03083136912516693
2015-01-14,7087.42313712676,703.0132348845142,715.5630393690051,-0.01075273524838849,0.006241308209382623,-0.02774677870559117
2015-01-15,7087.412404120007,703.014698227688,715.5401100123241,-0.010733006753071095,0.0014633431737820501,-0.02292935668094742
2015-01-16,7087.402983237568,703.0096024870223,715.5263639881132,-0.009420882438462286,-0.005095740665638004,-0.013746024210945507
2015-01-17,7087.3961833386065,703.0234212226958,715.4989454545174,-0.006799898961617146,0.013818735673453375,-0.02741853359577817
2015-01-18,7087.390686625439,703.0267079056534,715.4846653452249,-0.005496713167303824,0.003286682957650555,-0.014280109292485577
2015-01-19,7087.385387495326,703.0386257489021,715.4621492417483,-0.005299130113598949,0.011917843248625104,-0.02251610347661881
2015-01-20,7087.380056573118,703.0636391564157,715.4264739898197,-0.005330922207576805,0.025013407513597485,-0.03567525192863741
2015-01-21,7087.376310338426,703.0765826565513,715.4060380203007,-0.003746234691789141,0.012943500135634167,-0.020435969518985075
2015-01-22,7087.3680404051,703.0984799781303,715.3676008320687,-0.008269933326118917,0.02189732157899016,-0.0384371882320238
2015-01-23,7087.361302065633,703.1274270295775,715.3251771016875,-0.006738339467119658,0.02894705144717591,-0.04242373038118785
2015-01-24,7087.358738339713,703.1600789309886,715.2873977484379,-0.00256372591957188,0.03265190141109997,-0.03777935324956161
2015-01-25,7087.352001991228,703.1866561361367,715.247347846318,-0.006736348485901544,0.026577205148100802,-0.04004990211990389
2015-01-26,7087.345552607566,703.217038519066,715.2040666960648,-0.006449383661674801,0.030382382929360574,-0.043281150253164924
2015-01-27,7087.338898534968,703.2437651669096,715.1640319030261,-0.006654072597484628,0.02672664784358858,-0.04003479303878521
2015-01-28,7087.333049392884,703.2701655281824,715.1259332575854,-0.005849142084116465,0.02640036127274925,-0.03809864544064112
2015-01-29,7087.326835453825,703.2996802310703,715.0839906765785,-0.0062139390593074495,0.029514702887922795,-0.041942581006878754
2015-01-30,7087.315551149073,703.3289658981855,715.0321363999605,-0.011284304751825402,0.029285667115232172,-0.05185427661808717
2015-01-31,7087.304414052504,703.3580498524633,714.9807782525447,-0.01113709656874562,0.02908395427778032,-0.05135814741572631
2015-02-01,7087.294197208638,703.3854963182839,714.9328980989909,-0.010216843866146519,0.02744646582061705,-0.04788015355381958
2015-02-02,7087.283681714186,703.4033320138473,714.8940314145239,-0.010515494452192797,0.017835695563348963,-0.03886668446705244
2015-02-03,7087.264089513078,703.4184819298175,714.8396970963382,-0.01959220110802562,0.015149915970255279,-0.0543343181856244
2015-02-04,7087.250105904296,703.4497117428467,714.7805000657435,-0.013983608781927614,0.03122981302919925,-0.05919703059475978
2015-02-05,7087.237439149617,703.4828675275304,714.7220107717017,-0.012666754679230507,0.03315578468368585,-0.058489294041805806
2015-02-06,7087.224182158002,703.5087723483572,714.6695919676464,-0.013256991614980507,0.02590482082678136,-0.052418804055264445
2015-02-07,7087.21622270901,703.5424488041127,714.6199966139071,-0.007959448991641693,0.03367645575553979,-0.049595353739277925
2015-02-08,7087.2028370078015,703.5686720291391,714.5670019864624,-0.013385701208790124,0.026223225026342334,-0.05299462744471839
2015-02-09,7087.185708567491,703.5924830371994,714.5089340977817,-0.017128440310443693,0.02381100806030645,-0.05806788868073909
2015-02-10,7087.1738939187435,703.622666372468,714.4551214650189,-0.011814648747531464,0.030183335268588962,-0.053812632762742396
2015-02-11,7087.164526445632,703.6555981836274,714.4034547076377,-0.009367473111524305,0.03293181115941479,-0.05166675738121285
2015-02-12,7087.157748282531,703.6931365657667,714.3523599992968,-0.006778163100534584,0.03753838213935978,-0.0510947083408837
2015-02-13,7087.150507074305,703.7323570878282,714.2986570607803,-0.007241208226332674,0.03922052206144144,-0.053702938516494214
2015-02-14,7087.14367849981,703.7730243565436,714.2443326430775,-0.00682857449464791,0.04066726871542414,-0.05432441770278729
2015-02-15,7087.138276554701,703.8143129537202,714.1922401556832,-0.005401945109042572,0.04128859717661726,-0.05209248739436134
2015-02-16,7087.131169991981,703.846945590379,714.1453943935821,-0.007106562720764487,0.03263263665883187,-0.046845762101042965
2015-02-17,7087.1178068184445,703.8670882906828,714.0985253462053,-0.013363173536163231,0.02014270030372245,-0.04686904737684472
2015-02-18,7087.110676531649,703.8998343973423,714.0515186659552,-0.007130286795472784,0.03274610665948785,-0.04700668025009236
2015-02-19,7087.105586025459,703.9343483195107,714.0068237314077,-0.005090506189844746,0.03451392216845761,-0.04469493454746498
2015-02-20,7087.099265507198,703.9549432837399,713.9735877306547,-0.006320518261418329,0.020594964229189827,-0.033236000753049666
2015-02-21,7087.090395310342,703.9785449998321,713.9322456208499,-0.00887019685615087,0.023601716092230163,-0.041342109804759275
2015-02-22,7087.083219923401,704.0057075225952,713.8907323242051,-0.0071753869406165904,0.027162522763092056,-0.041513296644779984
2015-02-23,7087.075523900754,704.0320544987544,713.8489933027528,-0.0076960226469964255,0.02634697615917503,-0.04173902145237207
2015-02-24,7087.063098017607,704.0482508681079,713.8079451671059,-0.012425883146534034,0.0161963693534517,-0.04104813564686083
2015-02-25,7087.054350014341,704.0622918549442,713.7764081737378,-0.008748003266191517,0.014040986836334923,-0.031536993368149524
2015-02-26,7087.049503372558,704.0821762169415,713.7468305281748,-0.004846641782933148,0.01988436199735588,-0.029577645562994803
2015-02-27,7087.043319824945,704.0164418662825,713.8001977836067,-0.00618354761354567,-0.06573435065899957,0.053367255431908234
2015-02-28,7087.035818831658,703.9978467927775,713.803790870537,-0.007500993287067104,-0.01859507350502554,0.0035930869303228974
2015-03-01,7087.027424156123,704.0104922792342,713.7743560330109,-0.008394675534873386,0.012645486456676736,-0.029434837526082447
2015-03-02,7087.016711273034,704.0157155494196,713.7477069966479,-0.010712883088672243,0.005223270185410911,-0.02664903636298277
2015-03-03,7087.004668279278,704.022420118084,713.7169164404726,-0.012042993756040232,0.00670456866441782,-0.030790556175361417
2015-03-04,7086.994273018615,704.0372807831925,713.6812652540366,-0.010395260663244699,0.014860665108471949,-0.03565118643598453
2015-03-05,7086.9867531334885,704.0584162488863,713.6450900180903,-0.0075198851263849065,0.021135465693760125,-0.036175235946302564
2015-03-06,7086.980370801549,704.0783694145971,713.612372188501,-0.006382331939676078,0.019953165710830945,-0.032717829589273606
2015-03-07,7086.971175506326,704.08428290195,713.5880681107036,-0.009195295222525601,0.005913487352927405,-0.024304077797410173
2015-03-08,7086.958981274043,704.0767348367467,713.5712277113391,-0.0121942322830364,-0.0075480652033093065,-0.016840399364468794
2015-03-09,7086.949190567151,704.0717193471719,713.5566617871306,-0.009790706892090384,-0.005015489574816456,-0.014565924208568504
2015-03-10,7086.942277247861,704.0656117839535,713.5489427117681,-0.006913319290106301,-0.006107563218392897,-0.007719075362501826
2015-03-11,7086.935187061358,704.0650316885049,713.5353424342111,-0.007090186502864526,-0.0005800954486403498,-0.013600277556975016
2015-03-12,7086.926847672788,704.0592524522505,713.5244428933256,-0.008339388569766015,-0.0057792362543978015,-0.01089954088547529
2015-03-13,7086.918732630911,704.0516534220508,713.515811839771,-0.008115041877317708,-0.0075990301996853304,-0.008631053554609025
2015-03-14,7086.912856571199,704.0515072167103,713.5042059256872,-0.005876059712136339,-0.0001462053404566177,-0.01160591408381606
2015-03-15,7086.905869694288,704.0317557861825,713.5099836023923,-0.006986876910559658,-0.019751430527776392,0.00577767670506546
2015-03-16,7086.899670947975,704.0173099204032,713.5120319755471,-0.006198746313202719,-0.014445865779293854,0.0020483731548210926
2015-03-17,7086.893652774867,703.9942638830922,713.523041666643,-0.006018173107804614,-0.023046037311019063,0.011009691095978269
2015-03-18,7086.877586015189,703.9634026660999,713.521769364278,-0.01606675967832416,-0.030861216992320806,-0.0012723023650096366
2015-03-19,7086.862269851774,703.9369086542209,713.5176310493264,-0.015316163415263873,-0.026494011878980928,-0.0041383149516605044
2015-03-20,7086.854237358452,703.9122580079726,713.5262167089331,-0.008032493321479706,-0.024650646248346675,0.008585659606751506
2015-03-21,7086.852827301839,703.8723830992799,713.5632715043976,-0.0014100566131673986,-0.0398749086926955,0.037054795464428025
2015-03-22,7086.843684100425,703.8353265670676,713.582041633781,-0.009143201414190116,-0.037056532212318416,0.018770129383483436
2015-03-23,7086.834934910035,703.8041510884543,713.5957187316163,-0.008749190389607975,-0.031175478613249652,0.013677097835284258
2015-03-24,7086.824458159732,703.7629544905229,713.6159618289396,-0.010476750303496374,-0.04119659793138908,0.020243097323259462
2015-03-25,7086.815894395135,703.718602103557,713.643186686712,-0.008563764597056434,-0.044352386965897495,0.02722485777246675
2015-03-26,7086.805701631721,703.6712694678725,713.6701337955694,-0.010192763414124784,-0.04733263568448365,0.02694710885737095
2015-03-27,7086.794286499365,703.6238218456566,713.6947511530742,-0.01141513235597813,-0.04744762221594101,0.024617357504780557
2015-03-28,7086.782488212139,703.5756484850712,713.7193279392072,-0.01179828722615639,-0.04817336058545152,0.024576786133025053
2015-03-29,7086.770688955461,703.5235161455696,713.7478617653525,-0.011799256677477388,-0.05213233950155427,0.028533826145235253
2015-03-30,7086.757843232542,703.4803319768906,713.7653544881927,-0.012845722919337277,-0.043184168678976675,0.017492722840188435
2015-03-31,7086.748859982232,703.4269641611984,713.8007558032645,-0.00898325030993874,-0.05336781569224058,0.03540131507179467
2015-04-01,7086.737835282544,703.3688283065752,713.8368422585141,-0.011024699687368411,-0.058135854623174055,0.03608645524968779
2015-04-02,7086.7259251340265,703.3070135807636,713.8748366872898,-0.011910148517927155,-0.06181472581158687,0.03799442877561887
2015-04-03,7086.714147778998,703.2456752332066,713.9126203247898,-0.011777355028243619,-0.06133834755701173,0.037783637500069744
2015-04-04,7086.7039364946795,703.1926169679584,713.9452560214003,-0.010211284318756952,-0.05305826524818258,0.0326356966104413
2015-04-05,7086.6949904382,703.1577938889257,713.9621869874743,-0.008946056479544495,-0.03482307903277615,0.01693096607402822
2015-04-06,7086.685699689318,703.1095951784814,713.9918042001543,-0.009290748881539912,-0.04819871044423962,0.02961721268002293
2015-04-07,7086.676645660038,703.0545804071214,714.028710912954,-0.009054029280378018,-0.055014771359992665,0.03690671279969138
2015-04-08,7086.668108919097,703.001350524013,714.0648673141814,-0.008536740941053722,-0.05322988310842902,0.03615640122734476
2015-04-09,7086.661831729846,702.9429713737537,714.1106920859374,-0.006277189250795345,-0.05837915025927032,0.04582477175608801
2015-04-10,7086.65303850788,702.8858725041498,714.1502045116106,-0.008793221965788689,-0.05709886960391941,0.03951242567313784
2015-04-11,7086.643484423291,702.8291428915902,714.1878259549893,-0.00955408458958118,-0.05672961255959308,0.03762144337872542
2015-04-12,7086.634198098081,702.773492817378,714.224903378781,-0.009286325210268842,-0.055650074212167056,0.03707742379174306
2015-04-13,7086.626414846844,702.7228609534301,714.2599687402576,-0.007783251236105571,-0.050631863947955935,0.0350653614765406
2015-04-14,7086.619232133774,702.6706615713236,714.2978026962232,-0.007182713070505997,-0.05219938210643704,0.03783395596565242
2015-04-15,7086.605424860345,702.6241366406165,714.3167130800733,-0.01380727342893806,-0.04652493070716446,0.018910383850084145
2015-04-16,7086.591866925141,702.5731340964132,714.3405997538689,-0.013557935203607485,-0.051002544203242905,0.023886673795573188
2015-04-17,7086.580171154829,702.522696475441,714.3676458342171,-0.011695770312144305,-0.050437620972275,0.027046080348213764
2015-04-18,7086.568915913594,702.470357011198,714.39747481599,-0.01125524123563082,-0.05233946424300484,0.02982898177288007
2015-04-19,7086.55692594073,702.4164496371154,714.4274022443462,-0.011989972863375442,-0.05390737408254154,0.0299274283562454
2015-04-20,7086.544075355874,702.3683946008886,714.4497561108593,-0.012850584856096248,-0.04805503622685592,0.022353866513071807
2015-04-21,7086.52727532273,702.321878562293,714.4626720831671,-0.01680003314413625,-0.04651603859554143,0.012915972307837364
2015-04-22,7086.509314715771,702.2738601747828,714.4747692567586,-0.01796060695869528,-0.04801838751018295,0.012097173591428145
2015-04-23,7086.497861967992,702.2196110937584,714.5061128422249,-0.011452747779003403,-0.05424908102440895,0.03134358546628846
2015-04-24,7086.486223352327,702.183761182204,714.5186855224508,-0.011638615665106045,-0.0358499115544646,0.01257268022595781
2015-04-25,7086.475065220239,702.1483671221306,714.5317633183481,-0.011158132087984995,-0.0353940600733722,0.013077795897288524
2015-04-26,7086.466735862235,702.1180859146434,714.5453858098253,-0.008329358004630194,-0.030281207487178108,0.013622491477235599
2015-04-27,7086.459723912159,702.0891853031454,714.5602625211714,-0.007011950076048379,-0.028900611497988393,0.014876711346005322
2015-04-28,7086.451684113534,702.0536672087532,714.5797010183152,-0.008039798624849936,-0.03551809439227327,0.019438497143823952
2015-04-29,7086.444498403132,702.0190024614208,714.5999943448421,-0.007185710402154655,-0.03466474733238556,0.02029332652693938
2015-04-30,7086.437654922703,701.9876120765864,714.6176977688183,-0.0068434804288699524,-0.03139038483436707,0.017703423976172417
2015-05-01,7086.4310405719225,701.9578412637819,714.6342398800622,-0.006614350780182576,-0.029770812804486013,0.016542111243893487
2015-05-02,7086.424834281182,701.9294764440593,714.6501921183036,-0.00620629074091994,-0.02836481972258298,0.01595223824142522
2015-05-03,7086.4197809386005,701.9064546573924,714.6631072198082,-0.005053342581049947,-0.023021786666959088,0.01291510150463182
2015-05-04,7086.414536300839,701.8899990527897,714.6690735488885,-0.005244637761279591,-0.01645560460269735,0.005966329080251853
2015-05-05,7086.408928958729,701.8819427081963,714.6659152092612,-0.005607342110124591,-0.008056344593342146,-0.003158339627248097
2015-05-06,7086.40075330594,701.8688599467307,714.66264666515,-0.00817565278885013,-0.013082761465625481,-0.0032685441112789704
2015-05-07,7086.392008240141,701.8545317949532,714.6594846853284,-0.00874506579930312,-0.014328151777476705,-0.003161979821584282
2015-05-08,7086.385453712435,701.8437391069648,714.6571683179062,-0.00655452770570264,-0.010792687988441685,-0.0023163674221677866
2015-05-09,7086.37856969454,701.8399633660582,714.647176023021,-0.00688401789557247,-0.003775740906576175,-0.009992294885250885
2015-05-10,7086.369917103759,701.834274607128,714.6355596003888,-0.00865259078091185,-0.00568875893020504,-0.011616422632187096
2015-05-11,7086.359762271837,701.8271508682277,714.6223736754467,-0.010154831921681762,-0.007123738900304488,-0.013185924942035854
2015-05-12,7086.346240515966,701.8184378235696,714.604043208361,-0.013521755870897323,-0.008713044658065883,-0.018330467085775126
2015-05-13,7086.332806871114,701.8143417576682,714.5812719845599,-0.01343364485182974,-0.004096065901421753,-0.02277122380110086
2015-05-14,7086.319421040352,701.805245227736,714.5635968529663,-0.013385830762672413,-0.009096529932207886,-0.017675131593591686
2015-05-15,7086.307381810896,701.7983621173436,714.5464015044471,-0.012039229455695022,-0.00688311039243672,-0.017195348519180698
2015-05-16,7086.299118500297,701.8055670977469,714.5226699028462,-0.008263310599431861,0.007204980403344052,-0.023731601600843533
2015-05-17,7086.289724578524,701.8133582325386,714.4960909245092,-0.00939392177224363,0.007791134791659715,-0.02657897833705647
2015-05-18,7086.2825195345595,701.8267566791715,714.4682823899465,-0.007205043964859215,0.013398446632891137,-0.027808534562723253
2015-05-19,7086.272378435631,701.8356114791262,714.4391453921364,-0.010141098928215797,0.00885479995474725,-0.029136997810041976
2015-05-20,7086.266112203941,701.8407724318063,714.421451976075,-0.0062662316904607,0.005160952680057562,-0.01769341606143371
2015-05-21,7086.2605313060685,701.8525378501174,714.3985247620191,-0.005580897872278001,0.01176541831114264,-0.022927214055926015
2015-05-22,7086.255063235296,701.876066879655,714.3640595909361,-0.0054680707726220135,0.023529029537598944,-0.03446517108295666
2015-05-23,7086.250519408968,701.908282387983,714.3227564299514,-0.004543826327790157,0.032215508328022224,-0.04130316098473941
2015-05-24,7086.246643001959,701.9344718615965,714.2888141423199,-0.003876407009556715,0.026189473613499104,-0.033942287631475665
2015-05-25,7086.242349157084,701.959385436363,714.2553128778052,-0.004293844874155184,0.024913574766515012,-0.03350126451471169
2015-05-26,7086.239226512699,701.9942491114361,714.2142039139612,-0.003122644385257445,0.03486367507309751,-0.04110896384395346
2015-05-27,7086.235321879423,702.0236577211623,714.1769860376829,-0.0039046332758516655,0.029408609726147006,-0.037217876278305084
2015-05-28,7086.231553496041,702.053668468748,714.1394385233328,-0.0037683833825212787,0.03001074758572031,-0.037547514350080746
2015-05-29,7086.227643647682,702.0879344377933,714.0973528575707,-0.003909848358489398,0.03426596904523649,-0.0420856657621016
2015-05-30,7086.2238103106065,702.1249530386605,714.0526675825529,-0.003833337075775489,0.037018600867213536,-0.04468527501785502
2015-05-31,7086.220690630896,702.1672330499382,714.0041482118521,-0.003119679710835044,0.042280011277739504,-0.048519370700773834
2015-06-01,7086.216947255995,702.2091389470334,713.9547555649567,-0.0037433749002957484,0.04190589709514825,-0.049392646895398684
2015-06-02,7086.21484036797,702.2536607422945,713.9060199936453,-0.0021068880250822986,0.04452179526117561,-0.048735571311453896
2015-06-03,7086.211944794214,702.2930561889893,713.8608333994382,-0.0028955737561773276,0.03939544669481165,-0.04518659420705262
2015-06-04,7086.2079536044785,702.3300358995359,713.8158713094199,-0.003991189735643275,0.036979710546575006,-0.0449620900183163
2015-06-05,7086.203133645231,702.3741009745409,713.7621663159208,-0.004819959247470251,0.04406507500493717,-0.053704993499081866
2015-06-06,7086.198353018451,702.414302597065,713.7124034398365,-0.004780626780302555,0.04020162252413684,-0.0497628760842872
2015-06-07,7086.193726088316,702.4515144907284,713.665937685902,-0.004626930134691065,0.037211893663425144,-0.04646575393451258
2015-06-08,7086.186887139696,702.4874795169012,713.6162947624911,-0.0068389486195883364,0.035965026172789294,-0.049642923410942785
2015-06-09,7086.179633600099,702.528269004367,713.5609981958308,-0.007253539597513736,0.04078948746575861,-0.05529656666021765
2015-06-10,7086.173841262713,702.5689401181464,713.5087424072786,-0.005792337386083091,0.040671113779467305,-0.05225578855220192
2015-06-11,7086.1676336437295,702.6132485043576,713.4520187831009,-0.0062076189833533135,0.04430838621112798,-0.05672362417772092
2015-06-12,7086.159896860373,702.6500221242152,713.3997715965307,-0.00773678335644945,0.03677361985762673,-0.05224718657018457
2015-06-13,7086.1524757254665,702.6985357499973,713.3364157009337,-0.007421134906508087,0.04851362578210683,-0.06335589559705568
2015-06-14,7086.1466273952165,702.7411475981415,713.2821071922914,-0.005848330250046274,0.04261184814424723,-0.05430850864229342
2015-06-15,7086.1412205825345,702.7857951159616,713.2266460491065,-0.00540681268194021,0.04464751782006715,-0.055461143184857065
2015-06-16,7086.13579383657,702.8276149082351,713.1739727649046,-0.005426745964541624,0.0418197922734862,-0.05267328420188733
2015-06-17,7086.130368582049,702.8723933665465,713.1183437975532,-0.0054252545205599745,0.044778458311384384,-0.05562896735148115
2015-06-18,7086.125384409713,702.9177746599959,713.0629941594287,-0.004984172336662596,0.045381293449395343,-0.05534963812442584
2015-06-19,7086.122079637456,702.9606368683205,713.0135224065923,-0.003304772256342403,0.0428622083246637,-0.04947175283643901
2015-06-20,7086.11697537242,703.0005599384466,712.9633908063921,-0.005104265036607103,0.039923070126064886,-0.050131600200188586
2015-06-21,7086.112908690523,703.0387470679757,712.9170703130701,-0.004066681896802038,0.03818712952909209,-0.046320493322014045
2015-06-22,7086.108763129936,703.0777696238176,712.8697566360557,-0.0041455605869487044,0.03902255584193881,-0.04731367701435829
2015-06-23,7086.101621036724,703.1077136746239,712.8255283988237,-0.007142093211768952,0.029944050806307132,-0.044228237232005085
2015-06-24,7086.094257915241,703.1343466954793,712.7841691350015,-0.007363121483649593,0.026633020855342693,-0.04135926382218713
2015-06-25,7086.092812301769,703.1682413196278,712.7473832839087,-0.0014456134713327629,0.03389462414850186,-0.03678585109287269
2015-06-26,7086.0896658504535,703.1982767900486,712.7110549108571,-0.003146451315842569,0.030035470420784804,-0.03632837305156045
2015-06-27,7086.085948655296,703.2257822183439,712.676115092249,-0.0037171951571508544,0.027505428295285128,-0.03493981860810891
2015-06-28,7086.082622771432,703.2493720488037,712.6458734940609,-0.0033258838639085297,0.023589830459854966,-0.030241598188126773
2015-06-29,7086.080263308863,703.2722663558557,712.6182602618698,-0.0023594625690748217,0.022894307051956275,-0.0276132321911291
2015-06-30,7086.0781369361675,703.2965068021774,712.5897670701568,-0.0021263726957840845,0.02424044632175537,-0.02849319171298248
2015-07-01,7086.075431692205,703.3172650316883,712.5635983527212,-0.0027052439627368585,0.020758229510875026,-0.026168717435552935
2015-07-02,7086.072444042786,703.3340021538593,712.5408859317125,-0.002987649419083027,0.01673712217098,-0.022712421008691308
2015-07-03,7086.06938017582,703.3414954835872,712.5272648680514,-0.0030638669659310835,0.007493329727935816,-0.013621063661162225
2015-07-04,7086.06552184807,703.3576816295963,712.5033620665425,-0.003858327750094759,0.016186146009090407,-0.023902801508825178
2015-07-05,7086.060100758155,703.3547175563707,712.4954839599393,-0.005421089914307231,-0.0029640732255984403,-0.007878106603243396
2015-07-06,7086.05539355177,703.3556792265601,712.4851078769804,-0.004707206385319296,0.0009616701894401558,-0.010376082958941879
2015-07-07,7086.050700644085,703.3554570914331,712.4759441967352,-0.004692907685239334,-0.0002221351270463856,-0.009163680245137584
2015-07-08,7086.045537079777,703.3513753812199,712.4696987783334,-0.005163564307622437,-0.004081710213199585,-0.006245418401817915
2015-07-09,7086.040813533575,703.3449503654512,712.4666767016986,-0.004723546202512807,-0.006425015768741105,-0.003022076634806581
2015-07-10,7086.039030698554,703.3333521808546,712.4747092162523,-0.001782835021003848,-0.011598184596550709,0.008032514553747205
2015-07-11,7086.030976162952,703.3141876112195,712.477764714685,-0.008054535601331736,-0.01916456963510882,0.003055498432672721
2015-07-12,7086.024864000159,703.293894034037,712.4858339662816,-0.006112162793215248,-0.02029357718254232,0.008069251596566573
2015-07-13,7086.0207569176,703.2735529054041,712.4979609297947,-0.004107082559130504,-0.020341128632821892,0.012126963513082956
2015-07-14,7086.014790096508,703.2498892324487,712.5096909605661,-0.005966821092442842,-0.023663672955422044,0.011730030771445854
2015-07-15,7086.010740440155,703.2319209533412,712.5195599269696,-0.004049656352435704,-0.01796827910754928,0.009868966403473678
2015-07-16,7086.007968028471,703.209108309015,712.5368277479243,-0.00277241168441833,-0.022812644326108966,0.017267820954771196
2015-07-17,7086.004694106646,703.1788375646596,712.5605506486307,-0.003273921824984427,-0.030270744355448187,0.023722900706388828
2015-07-18,7086.001453962899,703.1413721052423,712.591535820555,-0.0032401437465523486,-0.03746545941726254,0.030985171924271526
2015-07-19,7085.998585791788,703.1026387063774,712.6245328771972,-0.002868171111003903,-0.03873339886490612,0.032997056642216194
2015-07-20,7085.996127673161,703.0644507471433,712.6578045991782,-0.0024581186271461775,-0.03818795923416474,0.03327172198100925
2015-07-21,7085.994630279742,703.0253520584486,712.6939085010337,-0.0014973934194131289,-0.03909868869470756,0.03610390185542656
2015-07-22,7085.992013730221,702.9831353694553,712.7308920909855,-0.0026165495210079825,-0.042216688993221396,0.03698358995188755
2015-07-23,7085.9891932164455,702.9405378600512,712.7678485728404,-0.0028205137750774156,-0.04259750940411777,0.036956481854872436
2015-07-24,7085.986556161697,702.8921222248015,712.8109900985929,-0.0026370547484475537,-0.04841563524973935,0.043141525752503185
2015-07-25,7085.984151831528,702.8425874136431,712.8557162494125,-0.00240433016915631,-0.04953481115842351,0.044726150819542454
2015-07-26,7085.982212553556,702.8014191592678,712.8930059478446,-0.0019392779722693376,-0.041168254375293145,0.03728969843211871
2015-07-27,7085.979804736513,702.7545040181941,712.9351054548317,-0.00240781704269466,-0.046915141073668565,0.04209950698714238
2015-07-28,7085.976901671119,702.7030939882009,712.9807093540373,-0.0029030653940935736,-0.051410029993235185,0.04560389920561647
2015-07-29,7085.973812718889,702.6494907243751,713.0281347134032,-0.003088952229518327,-0.053603263825721115,0.04742535936588865
2015-07-30,7085.971357692903,702.5991385833254,713.0735768024822,-0.0024550259859097423,-0.05035214104975694,0.045442089078960635
2015-07-31,7085.968348186114,702.5484596571193,713.1182367151082,-0.00300950678956724,-0.050678926206046526,0.04465991262600255
2015-08-01,7085.966361271314,702.4947073553628,713.1680151872645,-0.001986914799999795,-0.053752301756503584,0.04977847215627662
2015-08-02,7085.9616815123845,702.4443710517263,713.2089919730428,-0.004679758929341915,-0.05033630363652719,0.04097678577829811
2015-08-03,7085.958183690868,702.3944847879934,713.2518825937428,-0.003497821516248223,-0.04988626373290117,0.042890620700063664
2015-08-04,7085.954992434968,702.3427692422018,713.2972156277332,-0.0031912559006741503,-0.05171554579158055,0.04533303399034594
2015-08-05,7085.951380557502,702.290321433279,713.3424396817231,-0.0036118774660280906,-0.05244780892280687,0.04522405398995488
2015-08-06,7085.947945215573,702.2381426899616,713.3877477411829,-0.003435341928707203,-0.05217874331742678,0.045308059459785
2015-08-07,7085.944433476648,702.1865674778614,713.432299475434,-0.003511738925226382,-0.05157521210014693,0.044551734251058406
2015-08-08,7085.939726990587,702.1374367284448,713.4720172527288,-0.004706486060968018,-0.04913074941669038,0.03971777729486803
2015-08-09,7085.935492839073,702.0903489597935,713.5106367183517,-0.004234151513628603,-0.04708776865129494,0.03861946562290086
2015-08-10,7085.932960297371,702.0349652810729,713.5609553136699,-0.0025325417018393637,-0.055383678720545504,0.05031859531811733
2015-08-11,7085.930523993173,701.9860617922078,713.6049861941364,-0.002436304198454309,-0.04890348886510765,0.04403088046649373
2015-08-12,7085.927988402579,701.9384007038636,713.6475761012948,-0.0025355905936521594,-0.04766108834417082,0.04258990715845812
2015-08-13,7085.9254745284015,701.8913391167147,713.6896099400889,-0.002513874177566322,-0.047061587148959916,0.042033838794054645
2015-08-14,7085.923141275352,701.8494056990046,713.7268768516969,-0.0023332530499828863,-0.04193341771008363,0.037266911608071496
2015-08-15,7085.919831008705,701.8112744542841,713.7583875631235,-0.00331026664662204,-0.03813124472048912,0.03151071142656292
2015-08-16,7085.914125624574,701.7674344052451,713.7908168439005,-0.005705384131033497,-0.04384004903897676,0.03242928077702345
2015-08-17,7085.910595064646,701.7236359671,713.827554162192,-0.0035305599276398425,-0.04379843814513151,0.036737318291443444
2015-08-18,7085.908913237104,701.6856181443374,713.8622083298698,-0.0016818275425976026,-0.03801782276264021,0.03465416767778606
2015-08-19,7085.907190662349,701.6531979502543,713.8911833744452,-0.0017225747542397585,-0.032420194083101705,0.028975044575417996
2015-08-20,7085.905238156332,701.6175002731362,713.9229760395281,-0.001952506017005362,-0.03569767711803706,0.03179266508288947
2015-08-21,7085.901869006227,701.5851595277533,713.9485784846988,-0.0033691501057546702,-0.03234074538295317,0.025602445170761712
2015-08-22,7085.899766405445,701.557658345097,713.971874465793,-0.0021026007816544734,-0.027501182656237688,0.023295981094179297
2015-08-23,7085.897204372654,701.5310334413535,713.9933753039547,-0.0025620327905926388,-0.02662490374348181,0.021500838161728097
2015-08-24,7085.893830259704,701.5042357052217,714.0134248141864,-0.003374112950041308,-0.02679773613181169,0.020049510231615386
2015-08-25,7085.891223815331,701.4839382278576,714.0285094028046,-0.002606444373668637,-0.02029747736412446,0.015084588618265116
2015-08-26,7085.888933342899,701.4659585195308,714.0419081662652,-0.0022904724319232628,-0.017979708326834043,0.013398763460600094
2015-08-27,7085.885301402399,701.4431540974701,714.0574487073277,-0.003631940499872144,-0.022804422060630714,0.015540541062478042
2015-08-28,7085.881056639441,701.418495935039,714.0736173438446,-0.004244762957569037,-0.024658162431137498,0.01616863651690892
2015-08-29,7085.877109601586,701.3997975118423,714.08442169133,-0.003947037855141389,-0.018698423196724434,0.010804347485418475
2015-08-30,7085.873815910913,701.3916696708504,714.0859621509757,-0.00329369067276275,-0.008127840991846824,0.0015404596456392028
2015-08-31,7085.871047236616,701.3748982624887,714.0971962107417,-0.0027686742978403345,-0.016771408361705653,0.011234059766024984
2015-09-01,7085.8676348546915,701.3621251705448,714.1031445388367,-0.0034123819241358433,-0.012773091943927284,0.005948328094973476
2015-09-02,7085.864493982349,701.3521365646978,714.1068513999998,-0.0031408723425556673,-0.009988605846956489,0.0037068611630957093
2015-09-03,7085.861826722606,701.3488424923731,714.1048109528377,-0.002667259743247996,-0.003294072324706576,-0.0020404471620167897
2015-09-04,7085.859066189655,701.3460844441779,714.1020479351322,-0.002760532950560446,-0.002758048195232732,-0.0027630177055470995
2015-09-05,7085.856285288907,701.3482280080507,714.0943425697633,-0.002780900747893611,0.0021435638727780315,-0.007705365368906314
2015-09-06,7085.853252115042,701.3450052119963,714.0914990180867,-0.003033173865333083,-0.0032227960543878,-0.002843551676619427
2015-09-07,7085.850683961987,701.3471345158546,714.0842334081178,-0.0025681530551082687,0.002129303858282583,-0.007265609968840181
2015-09-08,7085.847655544198,701.3537076957607,714.0716033926336,-0.003028417789209925,0.006573179906126825,-0.012630015484205614
2015-09-09,7085.844030734435,701.3613813081337,714.0566801607372,-0.003624809762186487,0.007673612372968819,-0.014923231896432299
2015-09-10,7085.840970626911,701.3743436247901,714.0375976290306,-0.00306010752410657,0.012962316656398798,-0.019082531706544614
2015-09-11,7085.83786481159,701.3863488750688,714.0193807481114,-0.0031058153208505246,0.012005250278775748,-0.01821688091922624
2015-09-12,7085.834401930815,701.4013317604329,713.9974721011986,-0.0034628807752596913,0.014982885364020149,-0.02190864691283423
2015-09-13,7085.831888070554,701.4238953192497,713.9698808218571,-0.00251386026138789,0.022563558816841578,-0.027591279341436348
2015-09-14,7085.829438448137,701.4479286672671,713.9409482290059,-0.00244962241686153,0.024033348017383105,-0.02893259285121985
2015-09-15,7085.826435305516,701.470126187833,713.9127444231967,-0.003003142621309962,0.02219752056589641,-0.028203805809198457
2015-09-16,7085.823323097689,701.4946164723831,713.8820297229945,-0.0031122078262342256,0.024490284550097385,-0.030714700202224776
2015-09-17,7085.820881085148,701.522138223037,713.849623947259,-0.0024420125409960747,0.02752175065393203,-0.03240577573546943
2015-09-18,7085.818121367125,701.5484293651725,713.8178133690764,-0.002759718023298774,0.026291142135505652,-0.031810578182671634
2015-09-19,7085.815062439733,701.5679102127393,713.7922146667264,-0.0030589273919758853,0.01948084756679691,-0.025598702349952873
2015-09-20,7085.8117250011655,701.5892882171215,713.7641617852101,-0.0033374385675415397,0.021378004382199833,-0.02805288151625973
2015-09-21,7085.8082101886985,701.6211222609293,713.7252981164669,-0.00351481246707408,0.03183404380774846,-0.03886366874326086
2015-09-22,7085.805801567238,701.651257828369,713.6903453061065,-0.002408621460745053,0.030135567439742772,-0.03495281036043707
2015-09-23,7085.803028366355,701.6859550727081,713.6501016599998,-0.0027732008829843835,0.0346972443390996,-0.04024364610665998
2015-09-24,7085.799659261035,701.720212513907,713.6091060081626,-0.003369105319507071,0.03425744119886076,-0.04099565183719278
2015-09-25,7085.79594657194,701.7529905260205,713.568902617858,-0.0037126890956642455,0.032778012113567456,-0.04020339030455489
2015-09-26,7085.792584720661,701.7893135784426,713.5258558628794,-0.0033618512788962107,0.036323052422062574,-0.04304675497860444
2015-09-27,7085.789164660584,701.825212303977,713.48311701719,-0.0034200600766780553,0.03589872553436635,-0.04273884568942776
2015-09-28,7085.785252100858,701.8659202881704,713.4345839135447,-0.00391255972590443,0.04070798419343191,-0.04853310364535446
2015-09-29,7085.782033828486,701.9091062249433,713.3849614320294,-0.003218272371668718,0.04318593677294302,-0.04962248151525728
2015-09-30,7085.777981319839,701.9488999801578,713.337062659519,-0.004052508647873765,0.039793755214418525,-0.04789877251039343
2015-10-01,7085.773878494034,701.9885399297243,713.2892170583418,-0.004102825804693566,0.03963994956654915,-0.047845601177186836
2015-10-02,7085.769333362712,702.0319150678632,713.2367516575598,-0.004545131321719964,0.043375138138912916,-0.052465400782011784
2015-10-03,7085.765056306544,702.0745060417306,713.1856065713571,-0.004277056168575655,0.04259097386739086,-0.05114508620272318
2015-10-04,7085.761437582848,702.1224778314735,713.1303973342222,-0.0036187236955811386,0.04797178974285998,-0.055209237134931755
2015-10-05,7085.758357798125,702.163896988431,713.0828186078176,-0.00307978472301329,0.041419156957545056,-0.04757872640459482
2015-10-06,7085.755308144044,702.2064452600899,713.0341710279971,-0.003049654081223707,0.04254827165891584,-0.04864757982045376
2015-10-07,7085.751869435233,702.2499589582868,712.9837799121774,-0.0034387088107905583,0.04351369819687534,-0.05039111581970701
2015-10-08,7085.747244529808,702.2905010992041,712.9339879604113,-0.004624905424861936,0.04054214091729591,-0.04979195176611029
2015-10-09,7085.74446525745,702.3332643807857,712.8856661341141,-0.002779272357656737,0.04276328158164233,-0.04832182629718318
2015-10-10,7085.742433934763,702.3713241594642,712.8435437100604,-0.00203132268779882,0.03805977867841648,-0.04212242405367306
2015-10-11,7085.739905826031,702.413806029065,712.7960056229946,-0.002528108731894463,0.04248186960080602,-0.0475380870658455
2015-10-12,7085.73693716423,702.4541245462448,712.7497497822143,-0.0029686618008781807,0.04031851717979862,-0.046255840780304425
2015-10-13,7085.734405511859,702.4942264466065,712.7045845771116,-0.002531652370635129,0.040101900361719345,-0.04516520510264854
2015-10-14,7085.7312396751895,702.5331704926525,712.6593088577254,-0.003165836669722921,0.038944046046026415,-0.045275719386268065
2015-10-15,7085.727035918153,702.5731169462606,712.6109548900448,-0.004203757036520983,0.039946453608081356,-0.04835396768055489
2015-10-16,7085.72309563971,702.6119311364166,712.5642601430021,-0.003940278443224088,0.0388141901560175,-0.04669474704269305
2015-10-17,7085.718985630636,702.6424915128362,712.5254797484351,-0.0041100090738837025,0.0305603764195439,-0.038780394566970244
2015-10-18,7085.713839824641,702.6688962177485,712.4887834315313,-0.005145805995198316,0.026404704912351917,-0.03669631690388542
2015-10-19,7085.707694436566,702.69545576791,712.4499331052216,-0.006145388074401126,0.026559550161437073,-0.03885032630967089
2015-10-20,7085.7017754667395,702.7202924199443,712.4132585135333,-0.005918969826780085,0.024836652034309736,-0.036674591688324654
2015-10-21,7085.6959245345615,702.7434002067596,712.3784488623627,-0.005850932177963841,0.023107786815330655,-0.03480965117057622
2015-10-22,7085.689104626429,702.7608323872319,712.3473768656263,-0.006819908132456476,0.017432180472269465,-0.03107199673638661
2015-10-23,7085.683145461209,702.779413702781,712.3168772196373,-0.0059591652197923395,0.018581315549113242,-0.03049964598903898
2015-10-24,7085.676865406533,702.7929028535416,712.290827959524,-0.006280054676608415,0.01348915076061985,-0.026049260113268247
2015-10-25,7085.670192757983,702.80059223526,712.2697932807051,-0.006672648549283622,0.00768938171836453,-0.02103467881886445
2015-10-26,7085.664236918467,702.8145358466552,712.2439379902802,-0.0059558395159911015,0.013943611395234257,-0.025855290424942723
2015-10-27,7085.660178688929,702.827392177992,712.222965199865,-0.004058229538713931,0.012856331336820404,-0.02097279041515776
2015-10-28,7085.655318792884,702.8335567554225,712.2070808303442,-0.004859896044763445,0.0061645774304679435,-0.015884369520790642
2015-10-29,7085.650533033001,702.8444847295397,712.1865813364623,-0.004785759882906859,0.010927974117180383,-0.02049949388197092
2015-10-30,7085.645353415722,702.8486479129608,712.1720589184818,-0.005179617279281956,0.004163183421155736,-0.014522417980515456
2015-10-31,7085.640026879652,702.8497613819925,712.1602923773121,-0.005326536069333088,0.001113469031679415,-0.01176654116966347
2015-11-01,7085.635742632269,702.8487556666732,712.1527295978638,-0.004284247383111506,-0.0010057153192519763,-0.007562779448335277
2015-11-02,7085.62918569174,702.8438872571694,712.1444841263078,-0.006556940529662825,-0.004868409503842486,-0.008245471555937911
2015-11-03,7085.627524739308,702.8408486079494,712.1442008706653,-0.0016609524318482727,-0.0030386492200022985,-0.00028325564255737845
2015-11-04,7085.621212131929,702.8275936976432,712.1448305662151,-0.006312607379186375,-0.013254910306159218,0.0006296955498328316
2015-11-05,7085.616551809161,702.8138552284227,712.1492483898988,-0.004660322767449543,-0.013738469220584193,0.004417823683752431
2015-11-06,7085.613528660054,702.7965892740895,712.1604680460184,-0.0030231491073209327,-0.017265954333197442,0.011219656119578758
2015-11-07,7085.60960829278,702.7762856577328,712.1729309278262,-0.0039203672740768525,-0.02030361635661393,0.012462881807778103
2015-11-08,7085.601734096202,702.7470761760744,712.1863920163288,-0.007874196578086412,-0.02920948165842674,0.013461088502594976
2015-11-09,7085.597678764648,702.7316286912645,712.1937288380307,-0.004055331553900032,-0.015447484809897105,0.007336821701869667
2015-11-10,7085.590529568017,702.6953721177542,712.2156870182791,-0.007149196630962251,-0.036256573510286216,0.0219581802484754
2015-11-11,7085.584841077193,702.6653164965564,712.2343656578305,-0.005688490823558823,-0.03005562119778915,0.018678639551353626
2015-11-12,7085.579207587362,702.6359856292272,712.2524295454967,-0.005633489830870531,-0.029330867329235843,0.018063887666244227
2015-11-13,7085.574835161867,702.6056177686103,712.274052555123,-0.004372425495603238,-0.030367860616934195,0.021623009626296152
2015-11-14,7085.56993872679,702.5674483184872,712.3024291350912,-0.004896435077171191,-0.03816945012306405,0.028376579968153237
2015-11-15,7085.56556812719,702.5313142983372,712.3298219560429,-0.004370599599496927,-0.036134020150029755,0.027392820951718022
2015-11-16,7085.5603098572265,702.4913885904746,712.3592311239773,-0.005258269963633211,-0.03992570786260785,0.029409167934431935
2015-11-17,7085.55105157738,702.4540229563934,712.378080198367,-0.009258279846108053,-0.03736563408119764,0.018849074389663656
2015-11-18,7085.544675987363,702.4125772287678,712.4067747459567,-0.006375590017341892,-0.04144572762561438,0.02869454758968004
2015-11-19,7085.538635906441,702.3676054132663,712.4396663996149,-0.006040080921593471,-0.04497181550141249,0.03289165365822555
2015-11-20,7085.533151164374,702.3243773489831,712.4719249797657,-0.005484742066983017,-0.043228064283198364,0.032258580150823946
2015-11-21,7085.527495506106,702.2784751925082,712.5065158197027,-0.005655658268551633,-0.045902156474994626,0.034590839936981865
2015-11-22,7085.521637793003,702.2307222151882,712.5425533708171,-0.005857713103068818,-0.04775297731998762,0.03603755111441842
2015-11-23,7085.516654913137,702.1849019671214,712.5784078591528,-0.004982879865565337,-0.04582024806677509,0.03585448833564442
2015-11-24,7085.510501050528,702.1341287707003,712.616873330355,-0.006153862609608041,-0.05077319642111888,0.03846547120224386
2015-11-25,7085.506829168453,702.0896190892702,712.6540392476342,-0.0036718820747410064,-0.04450968143009959,0.03716591727913965
2015-11-26,7085.501424502706,702.0397050924258,712.6931439129862,-0.0054046657469370984,-0.049913996844338726,0.039104665352056145
2015-11-27,7085.497805203179,701.9967856021105,712.7288248042478,-0.003619299526690156,-0.04291949031528475,0.035680891261563374
2015-11-28,7085.493502412344,701.947847462192,712.7691573624959,-0.004302790835026826,-0.04893813991850493,0.04033255824811022
2015-11-29,7085.48850294498,701.8990311589063,712.8079747310516,-0.004999467364541488,-0.048816303285775575,0.03881736855566942
2015-11-30,7085.485073383782,701.8586790146819,712.841467752881,-0.0034295611976631335,-0.04035214422435729,0.03349302182948577
2015-12-01,7085.480148862094,701.8111208860903,712.8791768380978,-0.0049245216878262,-0.04755812859161779,0.037709085216761196
2015-12-02,7085.476392348848,701.763945775844,712.9188389218525,-0.0037565132461168105,-0.047175110246257645,0.039662083754706146
2015-12-03,7085.473176018026,701.7164102154936,712.9599418205581,-0.00321633082239714,-0.04753556035041129,0.04110289870561701
2015-12-04,7085.469704501464,701.6681674059857,713.0012415969406,-0.003471516562058241,-0.04824280950788307,0.04129977638251603
2015-12-05,7085.466006665758,701.6204290880062,713.0415842435109,-0.0036978357056796085,-0.04773831797956518,0.04034264657025233
2015-12-06,7085.46173616001,701.5751393832722,713.0783329367491,-0.004270505747626885,-0.04528970473393201,0.036748693238223495
2015-12-07,7085.456632162667,701.5320393245164,713.1112250008173,-0.005103997343212541,-0.04310005875584011,0.03289206406816447
2015-12-08,7085.452924180306,701.4862164853582,713.1496318752526,-0.003707982361447648,-0.045822839158176976,0.03840687443528168
2015-12-09,7085.449332587977,701.4443599012865,713.1843052746657,-0.003591592329030391,-0.04185658407175197,0.03467339941312275
2015-12-10,7085.445393542359,701.4082588786433,713.2125282060744,-0.003939045617698866,-0.03610102264315174,0.0282229314086635
2015-12-11,7085.442494417269,701.3754870079267,713.2395018266108,-0.0028991250901526655,-0.03277187071660137,0.026973620536409726
2015-12-12,7085.4369588776435,701.3364545630689,713.2674631922176,-0.005535539625270758,-0.03903244485786672,0.02796136560687046
2015-12-13,7085.433114066437,701.3027627230005,713.2934654098735,-0.0038448112063633744,-0.03369184006839987,0.026002217655900495
2015-12-14,7085.428090711488,701.2694132244363,713.31676819854,-0.005023354949116765,-0.03334949856412095,0.023302788666455854
2015-12-15,7085.422196590312,701.2355819489387,713.3388112316845,-0.00589412117642496,-0.03383127549761866,0.02204303314454137
2015-12-16,7085.41614806746,701.2073556996232,713.3549404352974,-0.006048522851415328,-0.028226249315480345,0.016129203612877063
2015-12-17,7085.412700525253,701.1703510551504,713.3850499953543,-0.003447542207140941,-0.03700464447285867,0.030109560056871487
2015-12-18,7085.407787866504,701.1427014973459,713.4028742356626,-0.0049126587491628015,-0.027649557804465985,0.017824240308300432
2015-12-19,7085.400683125615,701.1167316270262,713.4146346242043,-0.007104740889189998,-0.025969870319727306,0.011760388541688371
2015-12-20,7085.397443970917,701.1057946923397,713.4190932494951,-0.003239154697439517,-0.010936934686469613,0.004458625290794771
2015-12-21,7085.390846281685,701.0780842255044,713.4336083378647,-0.006597689231966797,-0.02771046683528766,0.014515088369648765
2015-12-22,7085.3830641431705,701.0459469471746,713.4501813391678,-0.0077821385148126865,-0.03213727832985569,0.016573001303072488
2015-12-23,7085.377270167636,701.0287702973233,713.4557700379493,-0.00579397553428862,-0.017176649851307957,0.005588698781480161
2015-12-24,7085.3718677506595,701.0091092852881,713.464626216031,-0.0054024169767217245,-0.01966101203515791,0.00885617808171446
2015-12-25,7085.365087030568,700.9893342804528,713.4708397806828,-0.0067807200912284316,-0.01977500483531003,0.006213564651829984
2015-12-26,7085.361253163582,700.9763046255724,713.4762017015909,-0.0038338669864970143,-0.01302965488036989,0.005361920908057982
2015-12-27,7085.356626129463,700.968400550851,713.4748517080735,-0.004627034119039308,-0.007904074721409415,-0.0013499935173513222
2015-12-28,7085.353401245835,700.960617121855,713.4761853698152,-0.0032248836278085946,-0.007783428996049224,0.0013336617416825902
2015-12-29,7085.350149322218,700.9573680703372,713.4729305741006,-0.0032519236165171606,-0.0032490515177414636,-0.0032547957146107365
2015-12-30,7085.345747252538,700.9527705116037,713.4687239934716,-0.0044020696805091575,-0.004597558733507867,-0.004206580628988377
2015-12-31,7085.343696673457,700.9519223464379,713.4654710004769,-0.002050579080787429,-0.0008481651658485134,-0.0032529929947031633
2016-01-01,7085.338376287327,700.9527047683268,713.454047806327,-0.005320386129824328,0.00078242188897093,-0.011423194149870142
2016-01-02,7085.336570729046,700.9564535644055,713.4466878936864,-0.001805558281375852,0.003748796078639316,-0.007359912640595212
2016-01-03,7085.333171994929,700.9591607606069,713.4371832292504,-0.0033987341166721308,0.0027071962014133533,-0.00950466443600817
2016-01-04,7085.329736313569,700.9637966901662,713.4256759369706,-0.003435681360315357,0.004635929559299257,-0.011507292279816284
2016-01-05,7085.3262514958005,700.9748512874643,713.4076517041365,-0.0034848177683670656,0.011054597298084445,-0.018024232834136455
2016-01-06,7085.323645984185,700.9850949991464,713.3921969692218,-0.0026055116159113823,0.010243711682164758,-0.015454734914669643
2016-01-07,7085.319781306089,700.9984828367584,713.3710797754189,-0.003864678095851559,0.013387837611958275,-0.021117193802865586
2016-01-08,7085.316774452558,701.0148871189522,713.3486617861645,-0.0030068535306781996,0.016404282193775543,-0.02241798925444982
2016-01-09,7085.313967185981,701.0337808535007,713.3241535184608,-0.0028072665772924665,0.018893734548555585,-0.024508267703708952
2016-01-10,7085.310967722033,701.0535567380856,713.2983787059784,-0.0029994639480719343,0.019775884584873893,-0.025774812482382004
2016-01-11,7085.3075343481205,701.0739418217449,713.271126874496,-0.0034333739122303086,0.02038508365933467,-0.027251831482431044
2016-01-12,7085.30343174306,701.0942231147999,713.2426403713209,-0.004102605060325004,0.020281293054949856,-0.02848650317503143
2016-01-13,7085.298308585361,701.1127583360338,713.2138588346875,-0.005123157699017611,0.018535221233946686,-0.028781536633459837
2016-01-14,7085.2948428331465,701.138352967198,713.1813326990945,-0.0034657522146517294,0.025594631164153725,-0.032526135593002437
2016-01-15,7085.292368161938,701.1657189701285,713.1490173537469,-0.0024746712088017375,0.027366002930534705,-0.032315345347569746
2016-01-16,7085.288923205272,701.1956853519558,713.1121610585868,-0.003444956665589416,0.029966381827307487,-0.036856295160077934
2016-01-17,7085.284975564553,701.2224492226361,713.0775019064699,-0.003947640719161427,0.026763870680269974,-0.034659152116887526
2016-01-18,7085.282234293362,701.2519226249643,713.0425459617596,-0.0027412711906436016,0.02947340232822171,-0.03495594471030472
2016-01-19,7085.278565298446,701.282259912024,713.0048706848678,-0.0036689949165520375,0.030337287059637674,-0.037675276891832254
2016-01-20,7085.275994094076,701.313801952024,712.9681862361267,-0.00257120436981495,0.03154204000009031,-0.03668444874108445
2016-01-21,7085.271366322421,701.348804198955,712.9239284458858,-0.004627771654668322,0.03500224693095788,-0.04425779024086296
2016-01-22,7085.267749101407,701.3860227878952,712.8794754149197,-0.003617221013882954,0.0372185889401635,-0.04445303096611042
2016-01-23,7085.26381877613,701.4215069116741,712.8361306405861,-0.003930325276996882,0.03548412377892873,-0.04334477433360462
2016-01-24,7085.261123243147,701.4594546671601,712.7927918191341,-0.002695532983125304,0.03794775548601592,-0.043338821452039156
2016-01-25,7085.25826273923,701.5019311324804,712.7445943459809,-0.002860503916963353,0.04247646532030558,-0.0481974731532091
2016-01-26,7085.255638062633,701.5431217679916,712.6981543572736,-0.0026246765974065056,0.04119063551115687,-0.04643998870733412
2016-01-27,7085.251926162954,701.5860206497789,712.6478316761278,-0.0037118996788194636,0.04289888178732326,-0.050322681145758
2016-01-28,7085.248926325275,701.6249168274259,712.6029358231237,-0.0029998376794537762,0.038896177646961405,-0.04489585300404997
2016-01-29,7085.246535630967,701.6665292379494,712.5565420239844,-0.0023906943079055054,0.04161241052349851,-0.04639379913930952
2016-01-30,7085.243918475004,701.7093220692705,712.5085148807373,-0.0026171559629801777,0.04279283132109413,-0.04802714324716817
2016-01-31,7085.241548025109,701.7523697962664,712.4607262539519,-0.0023704498944425723,0.04304772699595105,-0.04778862678540463
2016-02-01,7085.23806893184,701.7926458870469,712.4134919766319,-0.0034790932695614174,0.040276090780480445,-0.04723427731994434
2016-02-02,7085.235012728367,701.8352786616483,712.3647467950851,-0.0030562034726244747,0.042632774601429446,-0.04874518154679208
2016-02-03,7085.231938982247,701.8793668945888,712.314511069906,-0.003073746120207943,0.044088232940453054,-0.05023572517916364
2016-02-04,7085.229770063948,701.9165209520203,712.2730191758765,-0.0021689182985937805,0.03715405743150768,-0.04149189402949105
2016-02-05,7085.226048420588,701.9524911260802,712.2296057150961,-0.003721643360222515,0.0359701740599121,-0.04341346078035713
2016-02-06,7085.2221894177055,701.988602923933,712.1857759114775,-0.0038590028825638,0.036111797852754535,-0.043829803618564256
2016-02-07,7085.218028310359,702.0230786806122,712.1429779401049,-0.004161107346590143,0.03447575667928504,-0.0427979713726927
2016-02-08,7085.212549916586,702.0566018332814,712.0984979998896,-0.005478393773046264,0.03352315266920414,-0.044479940215296665
2016-02-09,7085.208221802303,702.092542034191,712.0539015704163,-0.004328114282543538,0.03594020090952199,-0.044596429473244825
2016-02-10,7085.202731042265,702.1268710534185,712.0085910311132,-0.005490760037901055,0.03432901922758447,-0.0453105393031592
2016-02-11,7085.199573525774,702.1630822537115,711.9660647978361,-0.003157516491228307,0.03621120029299618,-0.04252623327704441
2016-02-12,7085.193142626084,702.1900272854128,711.9262579667563,-0.006430899689803482,0.02694503170130247,-0.039806831079772564
2016-02-13,7085.187950222081,702.219499053492,711.8864013906696,-0.005192404003537376,0.029471768079133653,-0.03985657608677684
2016-02-14,7085.1823366662275,702.2383041744611,711.8563691579935,-0.005613555853415164,0.01880512096909115,-0.030032232676035164
2016-02-15,7085.176799800011,702.2575063122935,711.8260932877292,-0.005536866216061753,0.019202137832394328,-0.03027587026429046
2016-02-16,7085.173443442111,702.2743926229126,711.8024942613091,-0.0033563578999746824,0.016886310619156575,-0.02359902642012912
2016-02-17,7085.163175370986,702.2872616627204,711.7690890792513,-0.010268071125210554,0.012869039807810623,-0.03340518205777698
2016-02-18,7085.158947978048,702.3054520677861,711.7424438883089,-0.004227392938446428,0.018190405065638515,-0.026645190942417685
2016-02-19,7085.154500635768,702.3220678265541,711.7169334449826,-0.00444734227949084,0.0166157587680118,-0.02551044332631136
2016-02-20,7085.151955033974,702.3414342314198,711.6924758365279,-0.0025456017938267905,0.019366404865763798,-0.024457608454667934
2016-02-21,7085.149263584774,702.3589701084379,711.6695570611104,-0.0026914492000287282,0.017535877018076462,-0.022918775417565485
2016-02-22,7085.146146739425,702.3708370539503,711.6514564248988,-0.0031168453497230075,0.011866945512338134,-0.018100636211556775
2016-02-23,7085.142440157892,702.3778082837375,711.6370720320464,-0.003706581532242126,0.006971229787268385,-0.014384392852434758
2016-02-24,7085.139456888056,702.3842934413228,711.6246203347887,-0.0029832698364771204,0.006485157585302659,-0.012451697257688465
2016-02-25,7085.136655427675,702.389415453496,711.6138954018525,-0.002801460381306242,0.0051220121731603285,-0.01072493293622756
2016-02-26,7085.134265441989,702.3856095762875,711.6129213076904,-0.0023899856860225555,-0.0038058772084923476,-0.0009740941620748345
2016-02-27,7085.13098572443,702.3733197879218,711.618651660937,-0.003279717559053097,-0.012289788365706045,0.005730353246576669
2016-02-28,7085.128329653103,702.3708938123383,711.6157654938661,-0.002656071326782694,-0.0024259755834918906,-0.0028861670708693055
2016-02-29,7085.125075062144,702.359541140073,711.6206089842142,-0.003254590958931658,-0.011352672265275032,0.004843490348093837
2016-03-01,7085.123136187342,702.345393733068,711.6308786416156,-0.001938874801453494,-0.014147407004998058,0.01026965740140895
2016-03-02,7085.119944295713,702.3308907385427,711.6389978528836,-0.0031918916292852373,-0.01450299452528725,0.00811921126796733
2016-03-03,7085.116693663224,702.3121922414607,711.6511950849874,-0.0032506324887435767,-0.018698497082027643,0.012197232103858369
2016-03-04,7085.113486020373,702.2884473371528,711.668524703592,-0.0032076428515210864,-0.023744904307932302,0.01732961860454907
2016-03-05,7085.109772910276,702.260406055922,711.6891397646292,-0.0037131100971237174,-0.02804128123079863,0.020615061037233318
2016-03-06,7085.106409505781,702.2345988387608,711.7082201728007,-0.00336340449484851,-0.025807217161172957,0.019080408171475938
2016-03-07,7085.101386282961,702.2038558411602,711.7289167247627,-0.005023222819545481,-0.0307429976005551,0.020696551962032572
2016-03-08,7085.095899991614,702.1730657895276,711.7487341936987,-0.005486291347551742,-0.030790051632607174,0.01981746893602576
2016-03-09,7085.091571426736,702.1424059415766,711.7707369118954,-0.004328564878051111,-0.030659847951028496,0.022002718196631577
2016-03-10,7085.087036780777,702.109486253139,711.7945873084165,-0.004534645958301553,-0.03291968843757331,0.023850396521083894
2016-03-11,7085.082595565907,702.070272451834,711.8249186799785,-0.004441214870894328,-0.03921380130509533,0.03033137156205612
2016-03-12,7085.076033427994,702.0289231058226,711.8531437501646,-0.006562137912624166,-0.0413493460113159,0.02822507018606757
2016-03-13,7085.0736587032125,701.9841824028382,711.8931350035873,-0.002374724781475379,-0.044740702984427116,0.03999125342272691
2016-03-14,7085.069717005947,701.9407703839258,711.9286636279683,-0.00394169726587279,-0.04341201891236324,0.03552862438095872
2016-03-15,7085.066109527037,701.8943640506594,711.9678550034134,-0.0036074789095437154,-0.04640633326641819,0.039191375445170706
2016-03-16,7085.060570662475,701.8467775545428,712.0043637704064,-0.005538864562367962,-0.04758649611665078,0.036508766992938035
2016-03-17,7085.056715817151,701.7966351122225,712.0467965220774,-0.0038548453239855007,-0.05014244232029341,0.042432751671071856
2016-03-18,7085.053772533112,701.7468506864058,712.090694379819,-0.002943284038337879,-0.04978442581671061,0.04389785774151278
2016-03-19,7085.050081975336,701.6985476977197,712.1316162529523,-0.0036905577762809116,-0.04830298868603222,0.04092187313335671
2016-03-20,7085.046673815791,701.6532074075576,712.1701402240233,-0.003408159544960654,-0.04534029016213026,0.038523971070958396
2016-03-21,7085.043014429977,701.5961918512661,712.2198370086884,-0.003659385813989502,-0.057015556291503344,0.049696784665115956
2016-03-22,7085.040063731277,701.546521021069,712.2636064414845,-0.0029506987002605456,-0.04967083019710117,0.04376943279612533
2016-03-23,7085.037937065347,701.4925428423735,712.3133312883213,-0.002126665929608862,-0.05397817869550181,0.049724846836738834
2016-03-24,7085.035309855219,701.4409441247925,712.3596755856448,-0.0026272101285940153,-0.051598717580986886,0.04634429732357148
2016-03-25,7085.033015538771,701.3887445302054,712.4072865473349,-0.002294316447660094,-0.052199594587136744,0.04761096169011125
2016-03-26,7085.030563117714,701.3417707812933,712.4493554541359,-0.0024524210566596594,-0.04697374891202344,0.04206890680097786
2016-03-27,7085.028121504521,701.2904435823739,712.4957994266668,-0.0024416131936959573,-0.051327198919466355,0.04644397253093757
2016-03-28,7085.025226894351,701.2420087845381,712.5384450041627,-0.0028946101692781667,-0.04843479783573912,0.04264557749581854
2016-03-29,7085.022268319227,701.1974551617494,712.5770814767044,-0.0029585751244667335,-0.04455362278872599,0.0386364725417252
2016-03-30,7085.0194500352345,701.1468773143408,712.6220227561281,-0.0028182839923829306,-0.05057784740859006,0.04494127942371051
2016-03-31,7085.016549198578,701.1032648879562,712.6598335091994,-0.002900836656408501,-0.04361242638458407,0.03781075307131232
2016-04-01,7085.013666193398,701.0563179966451,712.701014390152,-0.0028830051796830958,-0.04694689131110863,0.041180880952538246
2016-04-02,7085.011452004321,701.0152504849798,712.737653523662,-0.002214189077676565,-0.0410675116653465,0.03663913350999337
2016-04-03,7085.008635684354,700.9826087829655,712.7646625857408,-0.0028163199667687877,-0.03264170201430261,0.027009062078832358
2016-04-04,7085.006439682775,700.9375825219154,712.805296843634,-0.002196001579250151,-0.045026261050111316,0.04063425789320263
2016-04-05,7085.003917251072,700.894598556659,712.8432359454853,-0.0025224317023457843,-0.04298396525632597,0.037939101851293344
2016-04-06,7085.000941889256,700.8549623406668,712.8769214378437,-0.002975361816424993,-0.03963621599223188,0.0336854923584724
2016-04-07,7084.998335107664,700.8166107903329,712.9100594249966,-0.002606781591566687,-0.03835155033391402,0.03313798715282701
2016-04-08,7084.995022275081,700.7807463801812,712.9392981699815,-0.0033128325831057737,-0.03586441015170294,0.02923874498492296
2016-04-09,7084.9925971983075,700.7495483237428,712.965646072871,-0.0024250767737612478,-0.03119805643837026,0.02634790288948352
2016-04-10,7084.990012817531,700.7075667022829,713.0024589327803,-0.002584380776170292,-0.041981621459967755,0.036812859909332474
2016-04-11,7084.9876512939745,700.6758446642327,713.0294579237164,-0.0023615235568286153,-0.03172203805013396,0.02699899093613567
2016-04-12,7084.9846413119285,700.6441399691208,713.0551426547363,-0.0030099820460236515,-0.03170469511189822,0.025684731019850915
2016-04-13,7084.981118995737,700.6140527986474,713.0781851928264,-0.0035223161912654177,-0.0300871704733936,0.023042538090066955
2016-04-14,7084.977547236585,700.5828574178706,713.1022370552996,-0.0035717591517823166,-0.031195380776807724,0.02405186247324309
2016-04-15,7084.975292770323,700.5577830914531,713.1228024491941,-0.0022544662624568446,-0.025074326417552584,0.020565393894457884
2016-04-16,7084.9724441117705,700.5408699171311,713.134018306411,-0.002848658552466077,-0.016913174321985025,0.011215857216939185
2016-04-17,7084.969010727436,700.5209792379776,713.1470422168951,-0.0034333843341300962,-0.019890679153490964,0.013023910484093904
2016-04-18,7084.965361606294,700.5010403093803,713.1596829032093,-0.0036491211421889602,-0.0199389285972984,0.012640686314171035
2016-04-19,7084.96258144821,700.486401234424,713.1687616619956,-0.0027801580845334684,-0.014639074956335207,0.009078758786358776
2016-04-20,7084.960705053674,700.4785921235535,713.1728179837944,-0.0018763945354294265,-0.007809110870425684,0.004056321798771023
2016-04-21,7084.9586808995045,700.4662382909354,713.1811235080734,-0.0020241541697032517,-0.012353832618146043,0.008305524278966914
2016-04-22,7084.956577792306,700.4544989163941,713.1886566682184,-0.0021031071983088623,-0.011739374541321013,0.007533160145044349
2016-04-23,7084.954839188447,700.4514284686272,713.1882499082673,-0.0017386038589393138,-0.0030704477668450636,-0.00040675995114725083
2016-04-24,7084.9529246768925,700.4469314460957,713.1889179076891,-0.0019145115547871683,-0.0044970225314955314,0.000667999421807508
2016-04-25,7084.950703575681,700.4424333156119,713.1889738357487,-0.0022211012119441875,-0.004498130483852947,5.592805962351122e-05
2016-04-26,7084.948486594889,700.4387612774708,713.188211912307,-0.0022169807916725404,-0.003672038141075973,-0.0007619234417006737
2016-04-27,7084.946246935288,700.439038309145,713.1834555614312,-0.0022396596004909952,0.00027703167415893404,-0.0047563508758230455
2016-04-28,7084.94348199557,700.4398622733383,713.1771017178019,-0.0027649397179629887,0.0008239641933869279,-0.006353843629312905
2016-04-29,7084.9407212441465,700.4508375899064,713.1606048983858,-0.0027607514239207376,0.010975316568078597,-0.01649681941603376
2016-04-30,7084.938220328179,700.4561927185597,713.1502479377974,-0.0025009159671753878,0.005355128653263819,-0.010356960588410402
2016-05-01,7084.935227355744,700.4693270405955,713.1311276708925,-0.0029929724350949982,0.013134322035853074,-0.019120266904906202
2016-05-02,7084.932767753356,700.4775129271922,713.1180225795189,-0.002459602388626081,0.008185886596606906,-0.013105091373631694
2016-05-03,7084.930043065598,700.4908993539951,713.0991867771993,-0.0027246877580182627,0.013386426802981077,-0.018835802319586037
2016-05-04,7084.926960399938,700.5112749894054,713.0726458104706,-0.0030826656593490043,0.020375635410232462,-0.026540966728703097
2016-05-05,7084.924447099462,700.5245737142429,713.0543204846799,-0.002513300476493896,0.013298724837568443,-0.018325325790669922
2016-05-06,7084.921354942744,700.5465698638076,713.0261400216804,-0.003092156717684702,0.02199614956464302,-0.028180462999557676
2016-05-07,7084.918273043335,700.5644570781297,713.0020890085398,-0.003081899409153266,0.01788721432217244,-0.02405101314059266
2016-05-08,7084.915133852933,700.5890599044228,712.9712078014422,-0.0031391904021802475,0.024602826293062208,-0.03088120709753639
2016-05-09,7084.912306824551,700.6122071874504,712.9424064616508,-0.002827028381943819,0.0231472830275834,-0.028801339791471037
2016-05-10,7084.907580105619,700.6383601617443,712.9068000494937,-0.004726718932033691,0.026152974293950138,-0.035606412157108025
2016-05-11,7084.904917713099,700.669021736856,712.8708136893416,-0.002662392519596324,0.03066157511170786,-0.03598636015203738
2016-05-12,7084.902329496715,700.7036991065996,712.8309598868299,-0.0025882163845381,0.03467736974357649,-0.0398538025117432
2016-05-13,7084.900128498812,700.7436994784326,712.7865575191901,-0.0022009979029462556,0.040000371833002646,-0.04440236763980465
2016-05-14,7084.897147291315,700.7790762903629,712.7452182922664,-0.0029812074963047053,0.035376811930291296,-0.041339226923696515
2016-05-15,7084.894287451445,700.811691907551,712.7068829953387,-0.0028598398703252315,0.032615617188071155,-0.03833529692769844
2016-05-16,7084.89077945166,700.8453586817584,712.6662002215606,-0.0035079997851426015,0.03366677420740416,-0.04068277377803042
2016-05-17,7084.887503489822,700.8840185405701,712.6209884390737,-0.0032759618379714084,0.03865985881168399,-0.045211782486944685
2016-05-18,7084.88535734783,700.9225867080626,712.5781279875976,-0.0021461419919432956,0.03856816749248537,-0.04286045147614459
2016-05-19,7084.883002342297,700.9589096088296,712.5370950757642,-0.002355005532990617,0.036322900767004285,-0.04103291183332658
2016-05-20,7084.880825456808,701.004653984904,712.4869969287138,-0.002176885488552216,0.0457443760744809,-0.05009814705044846
2016-05-21,7084.8785007732195,701.0511590481374,712.435842498301,-0.002324683588994958,0.04650506323332593,-0.05115443041279377
2016-05-22,7084.876492155394,701.0988406543677,712.3841436564192,-0.002008617825595138,0.04768160623029871,-0.05169884188183005
2016-05-23,7084.874459661206,701.1386787097858,712.3402406126255,-0.0020324941879152902,0.03983805541815855,-0.04390304379364807
2016-05-24,7084.872952894399,701.1824830343711,712.2934227544257,-0.0015067668073243112,0.04380432458526684,-0.046817858199801776
2016-05-25,7084.871149836872,701.2326257200564,712.2396739536887,-0.0018030575265584048,0.050142685685273136,-0.053748800737025704
2016-05-26,7084.868907300753,701.2832364312493,712.1845781702546,-0.0022425361194109428,0.050610711192916824,-0.05509578343412613
2016-05-27,7084.867083056477,701.333821141733,712.1303449712201,-0.0018242442756672972,0.05058471048369029,-0.05423319903445645
2016-05-28,7084.865032377553,701.3839122334442,712.0761525216594,-0.002050678924206295,0.05009109171123782,-0.054192449560673595
2016-05-29,7084.862665962932,701.4279625121954,712.0273694136673,-0.002366414621064905,0.04405027875122869,-0.048783107992107944
2016-05-30,7084.860680077675,701.46976639222,711.9815937631298,-0.0019858852565448615,0.04180388002453128,-0.04577565053750732
2016-05-31,7084.858577039262,701.5149884250217,711.9321656535011,-0.002103038413224567,0.04522203280168924,-0.04942810962870681
2016-06-01,7084.856628269544,701.5587197063313,711.8845368327555,-0.00194876971818303,0.043731281309646874,-0.04762882074555819
2016-06-02,7084.854533299366,701.6038515491418,711.8352150495903,-0.00209497017749527,0.04513184281051963,-0.049321783165282795
2016-06-03,7084.852504362367,701.6474746597632,711.7875340649697,-0.002028936999522557,0.04362311062141089,-0.04768098462056969
2016-06-04,7084.849889524118,701.6924491994927,711.7373298487433,-0.002614838248518936,0.04497453972942367,-0.05020421622634785
2016-06-05,7084.847620157362,701.7374212007895,711.687819113935,-0.002269366756081581,0.044972001296855524,-0.049510734808336565
2016-06-06,7084.845264305711,701.7828656767381,711.637662934682,-0.0023558516513730865,0.04544447594855683,-0.050156179253008304
2016-06-07,7084.843715466903,701.8244821575657,711.5929487762387,-0.0015488388080484583,0.04161648082765623,-0.0447141584432984
2016-06-08,7084.842068659721,701.8652716573762,711.5488656620657,-0.0016468071817143937,0.040789499810443886,-0.04408311417296318
2016-06-09,7084.840596308139,701.9052764845255,711.5059161317502,-0.0014723515823789057,0.040004827149346056,-0.042949530315581796
2016-06-10,7084.8389937088905,701.938864193365,711.4691232244147,-0.0016025992481445428,0.033587708839490915,-0.03679290733543894
2016-06-11,7084.837273761474,701.9687447906222,711.4358027323243,-0.0017199474168592133,0.0298805972571472,-0.03332049209041088
2016-06-12,7084.8351932195355,701.9965446945915,711.403841744478,-0.0020805419380849344,0.027799903969366824,-0.0319609878463325
2016-06-13,7084.83329361347,702.0250244425469,711.3715627843937,-0.0018996060653080349,0.02847974795531627,-0.03227896008422704
2016-06-14,7084.831351783083,702.0513468873353,711.3413566788298,-0.0019418303872953402,0.02632244478843404,-0.030206105563934216
2016-06-15,7084.829187987146,702.0719065369856,711.3164694373053,-0.002163795937121904,0.020559649650294887,-0.024887241524538695
2016-06-16,7084.826822097674,702.0973894655408,711.2862547298085,-0.0023658894715481438,0.025482928555220496,-0.03021470749672517
2016-06-17,7084.824914649116,702.1127002184558,711.2671290797757,-0.001907448558085889,0.015310752914956538,-0.01912565003283362
2016-06-18,7084.823296459363,702.1274105554864,711.2491823632391,-0.0016181897535716416,0.014710337030692244,-0.017946716536584972
2016-06-19,7084.821494877032,702.1381370904753,711.2348526635873,-0.0018015823306996026,0.010726534988862113,-0.014329699651852934
2016-06-20,7084.819984323172,702.1475436986141,711.2224249477301,-0.0015105538595889811,0.00940660813876093,-0.012427715857143085
2016-06-21,7084.818635056846,702.1493185819318,711.2179515317586,-0.0013492663265424198,0.0017748833176938206,-0.004473415971574468
2016-06-22,7084.817275310241,702.1562435039315,711.2083071165504,-0.0013597466049759532,0.006924921999711842,-0.00964441520818582
2016-06-23,7084.815886343007,702.1620564984603,711.1997161875522,-0.0013889672336517833,0.005812994528810123,-0.008590928998160052
2016-06-24,7084.814216644713,702.1473463375611,711.2110869518635,-0.0016696982938810834,-0.014710160899198854,0.011370764311323
2016-06-25,7084.812455622528,702.145001685397,711.2099095596584,-0.001761022184837202,-0.002344652164083527,-0.0011773922051361296
2016-06-26,7084.810868655079,702.1276649918672,711.2240723182894,-0.001586967449838994,-0.017336693529841796,0.014162758630959615
2016-06-27,7084.809326181164,702.1223302007194,711.2263221616078,-0.001542473914923903,-0.0053347911477885646,0.0022498433183955058
2016-06-28,7084.8081443420115,702.1110152297298,711.2352734542932,-0.0011818391521956073,-0.011314970989587891,0.00895129268542405
2016-06-29,7084.806746793979,702.0886907323026,711.2548028556542,-0.001397548032400664,-0.022324497427234746,0.019529401361069176
2016-06-30,7084.805522879304,702.0641209672942,711.276924791314,-0.0012239146753927344,-0.024569765008322975,0.022121935659697556
2016-07-01,7084.80424482494,702.0386942922584,711.2997953576223,-0.0012780543638655217,-0.025426675035873814,0.022870566308370144
2016-07-02,7084.803010699897,702.0077224559737,711.3282989438205,-0.0012341250430836226,-0.03097183628460698,0.02850358619821236
2016-07-03,7084.801612111041,701.9734177991792,711.3598064229038,-0.0013985888554088888,-0.03430465679457484,0.031507479083302314
2016-07-04,7084.8004750664195,701.9412221519428,711.389727980895,-0.001137044621827954,-0.03219564723633539,0.029921557991201553
2016-07-05,7084.799362800443,701.901183337724,711.4275422631616,-0.0011122659761895193,-0.04003881421886035,0.037814282266595
2016-07-06,7084.798037165364,701.8649415303476,711.4611328003791,-0.0013256350794108585,-0.03624180737642746,0.033590537217492056
2016-07-07,7084.796617504623,701.8283399647596,711.4948950444862,-0.0014196607407939155,-0.036601565587943696,0.033762244107037986
2016-07-08,7084.794918707887,701.7862758118124,711.5335616039606,-0.0016987967364912038,-0.042064152947205,0.03866655947444997
2016-07-09,7084.7932426870675,701.7442641733791,711.572221200754,-0.0016760208191044512,-0.042011638433336884,0.03865959679342268
2016-07-10,7084.791410079285,701.698388759051,711.6144313995195,-0.0018326077824895037,-0.045875414328065744,0.04221019876547416
2016-07-11,7084.789747665012,701.6583760680535,711.6511192619706,-0.001662414272686874,-0.040012690997514255,0.036687862451117326
2016-07-12,7084.78753446164,701.6090076711422,711.6960612521367,-0.0022132033727757516,-0.0493683969112908,0.04494199016608036
2016-07-13,7084.7852804411295,701.5630107265127,711.7375501557469,-0.0022540205100085586,-0.04599694462945081,0.0414889036102295
2016-07-14,7084.7830894231,701.5130830640893,711.7830957821118,-0.0021910180294071324,-0.0499276624234426,0.04554562636485571
2016-07-15,7084.780520724825,701.4632030747143,711.8278383749345,-0.0025686982753541088,-0.049879989374971956,0.04474259282267212
2016-07-16,7084.779241375467,701.4124768327144,711.8760059182201,-0.0012793493579010828,-0.050726241999882404,0.048167543285671854
2016-07-17,7084.777339230722,701.3601558488534,711.9245226125887,-0.0019021447451450513,-0.052320983861022796,0.048516694368572644
2016-07-18,7084.7754968671,701.3125928594264,711.9684008747718,-0.0018423636220177286,-0.047562989426978675,0.043878262183056904
2016-07-19,7084.774586983723,701.2610415332055,712.0181324342389,-0.000909883377062215,-0.0515513262209879,0.04973155946709085
2016-07-20,7084.772962400236,701.2069243798697,712.0690004206015,-0.00162458348677319,-0.0541171533357101,0.05086798636261847
2016-07-21,7084.770774477167,701.1528944461713,712.1186545081617,-0.0021879230689592077,-0.054029933698416244,0.049654087560270455
2016-07-22,7084.769096903061,701.1028133632245,712.165380442897,-0.001677574105997337,-0.05008108294680369,0.04672593473526376
2016-07-23,7084.767486914775,701.0498394651554,712.2151343643945,-0.0016099882859634818,-0.052973898069126335,0.04975392149754043
2016-07-24,7084.765860061095,701.0000174714495,712.2617026507398,-0.0016268536801362643,-0.04982199370590479,0.0465682863452912
2016-07-25,7084.764526865553,700.9553436454678,712.3037100856384,-0.0013331955415196717,-0.044673825981703885,0.042007434898550855
2016-07-26,7084.761821512732,700.9056738230109,712.3479692024531,-0.0027053528210672084,-0.04966982245684903,0.044259116814714616
2016-07-27,7084.760906059789,700.8586868449613,712.3931252746169,-0.0009154529434454162,-0.046986978049631034,0.04515607216376338
2016-07-28,7084.759779248461,700.8148942528264,712.4346642440947,-0.0011268113275946234,-0.04379259213487785,0.041538969477869614
2016-07-29,7084.758833550376,700.7712922850432,712.4763748157077,-0.0009456980851609842,-0.04360196778327463,0.04171057161295266
2016-07-30,7084.757663020192,700.7286437098173,712.5166823305655,-0.0011705301840265747,-0.04264857522582588,0.04030751485777273
2016-07-31,7084.756728796825,700.6882458141251,712.5552117795236,-0.0009342233670395217,-0.04039789569219465,0.03852944895811561
2016-08-01,7084.75566476765,700.645152629546,712.5961769057544,-0.0010640291748131858,-0.04309318457910649,0.04096512623084436
2016-08-02,7084.754487311685,700.607021860651,712.631952762718,-0.0011774559652621974,-0.03813076889503009,0.0357758569635962
2016-08-03,7084.752730703141,700.5729492155881,712.662512190695,-0.0017566085434737033,-0.034072645062906304,0.03055942797698208
2016-08-04,7084.750849768036,700.530531071832,712.7011684642397,-0.0018809351058735047,-0.04241814375609465,0.0386562735446887
2016-08-05,7084.749720119469,700.4973783471744,712.7320618917628,-0.0011296485663478961,-0.03315272465761154,0.03089342752309676
2016-08-06,7084.748319079415,700.4620444810356,712.7645936777932,-0.0014010400545885204,-0.0353338661387852,0.032531786030403964
2016-08-07,7084.746825313421,700.430959319651,712.792691307192,-0.0014937659934730618,-0.031085161384567073,0.028097629398757817
2016-08-08,7084.745255901634,700.4086886253696,712.8118231778982,-0.0015694117873863433,-0.02227069428147388,0.019131870706246445
2016-08-09,7084.743687688514,700.3859111432822,712.8314642337455,-0.0015682131197536364,-0.0227774820873492,0.019641055847273492
2016-08-10,7084.7416831276305,700.3659782777434,712.8473879775182,-0.002004560883506201,-0.019932865538862643,0.015923743772759735
2016-08-11,7084.739524383812,700.3447309549017,712.8643178127217,-0.0021587438186543295,-0.021247322841645655,0.0169298352034275
2016-08-12,7084.7376804083515,700.3219469934882,712.8834138232153,-0.0018439754603605252,-0.02278396141355188,0.019096010493626636
2016-08-13,7084.735645389637,700.304348857145,712.8969419221286,-0.0020350187141957576,-0.017598136343167425,0.013528098913297981
2016-08-14,7084.733767583386,700.2875606415773,712.9099745251937,-0.001877806251286529,-0.01678821556765797,0.013032603065084913
2016-08-15,7084.73232558251,700.2677529552761,712.9268982097435,-0.001442000875613303,-0.019807686301192007,0.016923684549851714
2016-08-16,7084.730594833011,700.2517220371674,712.9394676288546,-0.0017307494990745909,-0.016030918108754122,0.012569419111059688
2016-08-17,7084.72910600075,700.2446929826637,712.9435190188372,-0.001488832261202333,-0.007029054503732368,0.004051389982578257
2016-08-18,7084.727986474109,700.2375008138043,712.9484721344129,-0.001119526641559787,-0.007192168859319281,0.00495311557574496
2016-08-19,7084.726517045689,700.238955582991,712.9440785083876,-0.001469428419113683,0.0014547691866937384,-0.004393626025262165
2016-08-20,7084.725144780068,700.2406547691883,712.9396347909468,-0.001372265621284896,0.0016991861972428524,-0.004443717440835826
2016-08-21,7084.723654078308,700.2434376674751,712.9338704891396,-0.0014907017603036365,0.0027828982867958985,-0.005764301807175798
2016-08-22,7084.72205442698,700.2470229734371,712.9270858805216,-0.0015996513275240432,0.003585305962019447,-0.006784608617977028
2016-08-23,7084.720708834612,700.2529467568618,712.9184709123608,-0.001345592368124926,0.0059237834246914645,-0.00861496816082763
2016-08-24,7084.7189795553995,700.2541923861952,712.9137667246026,-0.0017292792126681888,0.0012456293334253132,-0.004704187758193257
2016-08-25,7084.717201442132,700.2642924915358,712.9001103927282,-0.0017781132673917455,0.01010010534059802,-0.013656331874472016
2016-08-26,7084.715577452754,700.2670373261833,712.8941175793228,-0.0016239893784586457,0.002744834647501193,-0.005992813405327979
2016-08-27,7084.714188845295,700.2817591473947,712.8766185431947,-0.00138860745846614,0.014721821211423958,-0.017499036128128864
2016-08-28,7084.712665280723,700.2994976651643,712.8558328962813,-0.0015235645723805646,0.01773851776954416,-0.020785646913395794
2016-08-29,7084.710847322066,700.3130749099372,712.8386197341932,-0.0018179586568294326,0.013577244772932318,-0.01721316208806911
2016-08-30,7084.709068832083,700.3315891017535,712.8165485624135,-0.001778489982825704,0.01851419181627989,-0.022071171779771248
2016-08-31,7084.707382279389,700.3534674876184,712.7912970711598,-0.0016865526940819109,0.02187838586496582,-0.025251491253698077
2016-09-01,7084.7053822797025,700.385059730394,712.7557048290109,-0.0019999996866317815,0.0315922427755595,-0.03559224214882306
2016-09-02,7084.70227419087,700.408577402403,712.7259709793374,-0.003108088832050271,0.023517672009006674,-0.029733849673561963
2016-09-03,7084.699825957054,700.4328326046189,712.6968193094884,-0.0024482338167217677,0.024255202215840654,-0.02915166984894313
2016-09-04,7084.69775631099,700.4569833455852,712.6685292763954,-0.0020696460633189417,0.024150740966319972,-0.028290033093071543
2016-09-05,7084.695310110334,700.4822242512766,712.6383959693896,-0.002446200656777364,0.025240905691475746,-0.030133307005712595
2016-09-06,7084.693187914598,700.5151521319287,712.6012236972665,-0.002122195735864807,0.032927880652096064,-0.03717227212314356
2016-09-07,7084.691394875594,700.5481555374047,712.5646342137826,-0.0017930390040419297,0.03300340547593805,-0.036589483483908225
2016-09-08,7084.6893397350195,700.5782130583202,712.53046641172,-0.0020551405741571216,0.03005752091553404,-0.03416780206259773
2016-09-09,7084.68695022445,700.619396938637,712.484503510263,-0.002389510569628328,0.041183880316793875,-0.045962901456960026
2016-09-10,7084.684681175411,700.6591042432364,712.4402581075863,-0.002269049038659432,0.03970730459934657,-0.04424540267677912
2016-09-11,7084.682745291914,700.6970188345459,712.3984717492826,-0.001935883497026225,0.03791459130957264,-0.04178635830362509
2016-09-12,7084.680480255452,700.7377640631121,712.3531964477908,-0.0022650364626315422,0.040745228566152036,-0.04527530149186987
2016-09-13,7084.678439004445,700.7763917923133,712.3104862165756,-0.002041251006630773,0.03862772920126645,-0.042710231215210115
2016-09-14,7084.676648989741,700.8183131653948,712.2649848140868,-0.0017900147040563752,0.041921373081436286,-0.04550140248875323
2016-09-15,7084.674799403457,700.8657062898085,712.2138925171042,-0.0018495862841518829,0.047393124413702026,-0.051092296982574226
2016-09-16,7084.672659058462,700.9053008137232,712.1700173032002,-0.002140344994586485,0.03959452391472951,-0.043875213904016164
2016-09-17,7084.67076602842,700.9469766403078,712.1245554165322,-0.00189303004208341,0.04167582658453739,-0.04546188666802209
2016-09-18,7084.6690136699945,700.9970859950483,712.0709413449416,-0.0017523584256196045,0.05010935474058442,-0.053614071590573076
2016-09-19,7084.667056108101,701.0378500515841,712.0262621646177,-0.0019575618935050443,0.04076405653574966,-0.04467918032389662
2016-09-20,7084.664202348345,701.0806039644804,711.9778007322082,-0.002853759756362706,0.042753912896273505,-0.04846143240956735
2016-09-21,7084.662096586033,701.122436515243,711.9317566568234,-0.0021057623116575996,0.04183255076259229,-0.04604407538477062
2016-09-22,7084.660117396678,701.1678129766303,711.8824218167255,-0.0019791893546425854,0.045376461387377276,-0.049334840097913
2016-09-23,7084.658132123523,701.212676968099,711.8335872789461,-0.001985273155696632,0.0448639914686737,-0.048834537779384846
2016-09-24,7084.656436937922,701.2593233923678,711.7835504834761,-0.0016951856005107402,0.04664642426882892,-0.05003679546996409
2016-09-25,7084.654345568326,701.302790148294,711.7359009883578,-0.0020913695962008205,0.043466755926147016,-0.04764949511832128
2016-09-26,7084.65254168188,701.3396961692227,711.6953871945377,-0.0018038864454865688,0.03690602092876816,-0.040513793820082356
2016-09-27,7084.649858187783,701.3780614027402,711.6516549728245,-0.0026834940972548793,0.03836523351742471,-0.04373222171318503
2016-09-28,7084.6475063405705,701.4209885814377,711.6040240997024,-0.0023518472125942935,0.042927178697482304,-0.04763087312210246
2016-09-29,7084.644911437887,701.4635929113914,711.556229964382,-0.002594902683995315,0.042604329953746856,-0.04779413532037324
2016-09-30,7084.642253963238,701.5032208308191,711.5112870956551,-0.002657474648913194,0.03962791942774402,-0.04494286872693465
2016-10-01,7084.640054019237,701.5397479144542,711.4703601240202,-0.0021999440004947246,0.03652708363506463,-0.04092697163491721
2016-10-02,7084.637923970189,701.5826317023088,711.4232162380688,-0.0021300490479916334,0.04288378785463465,-0.04714388595141372
2016-10-03,7084.63594486962,701.6180735722465,711.3838161669934,-0.0019791005688603036,0.035441869937699266,-0.039400071075419874
2016-10-04,7084.633645412261,701.6504376287096,711.3468531958115,-0.002299457359185908,0.03236405646305229,-0.036962971181878856
2016-10-05,7084.631099788971,701.6776623931802,711.3145371847629,-0.002545623289734067,0.027224764470588525,-0.03231601104857873
2016-10-06,7084.629019741921,701.7108997372447,711.2771397465957,-0.002080047050185385,0.03323734406455969,-0.0373974381672042
2016-10-07,7084.626750055973,701.7386541418464,711.2448459701,-0.002269685947794642,0.02775440460163736,-0.032293776495748716
2016-10-08,7084.624019963194,701.7590702553347,711.2189696710535,-0.002730092779529514,0.020416113488295196,-0.02587629904644473
2016-10-09,7084.621443933028,701.7730250580734,711.1998628079817,-0.0025760301659829565,0.013954802738680883,-0.019106863071783664
2016-10-10,7084.619013990231,701.7924958476525,711.1755321328097,-0.0024299427968799137,0.019470789579145276,-0.024330675171995608
2016-10-11,7084.616019383949,701.8077445121162,711.15429425578,-0.002994606282300083,0.015248664463683781,-0.021237877029761876
2016-10-12,7084.613462209859,701.8237439715759,711.1331804481408,-0.002557174089815817,0.015999459459749232,-0.021113807639153492
2016-10-13,7084.610777367709,701.834913508643,711.1166412267745,-0.002684842150301847,0.011169537067075908,-0.01653922136631536
2016-10-14,7084.607018135208,701.8467924074537,711.0972438629624,-0.0037592325006698957,0.011878898810664396,-0.019397363812117874
2016-10-15,7084.603078121888,701.8520318045798,711.0841244391963,-0.003940013320061553,0.0052393971261608385,-0.01311942376605657
2016-10-16,7084.600577481995,701.8582728473052,711.0728821166833,-0.0025006398927871487,0.006241042725378065,-0.011242322512998726
2016-10-17,7084.597386590786,701.8581555800162,711.0666176015554,-0.0031908912087601493,-0.00011726728905614436,-0.00626451512789572
2016-10-18,7084.594506732218,701.8469293506644,711.0720841137712,-0.0028798585681215627,-0.011226229351791517,0.005466512215775765
2016-10-19,7084.592304356131,701.8401210173888,711.0744876948731,-0.002202376087552693,-0.006808333275557743,0.0024035811019302855
2016-10-20,7084.589988525364,701.8272181127523,711.0827589379758,-0.00231583076674724,-0.012902904636462154,0.008271243102626613
2016-10-21,7084.587659183585,701.8269914010984,711.0783269660719,-0.0023293417789318482,-0.00022671165390875103,-0.004431971903841259
2016-10-22,7084.585420737888,701.8057092253242,711.0951322504498,-0.002238445697003044,-0.02128217577421765,0.016805284377824137
2016-10-23,7084.583251934586,701.7876337013549,711.1088701678171,-0.0021688033020836883,-0.018075523969287133,0.013737917367393493
2016-10-24,7084.581375113658,701.7672372873299,711.1255129399854,-0.0018768209274639958,-0.020396414025071863,0.016642772168211195
2016-10-25,7084.579079782454,701.7455574996362,711.1426020652704,-0.002295331204550166,-0.021679787693642538,0.017089125284996953
2016-10-26,7084.576913175258,701.7166742257152,711.1671521247993,-0.0021666071961590205,-0.028883273920996544,0.024550059528905877
2016-10-27,7084.574715689424,701.6876700191293,711.1917613597177,-0.0021974858336761827,-0.029004206585909742,0.02460923491844369
2016-10-28,7084.572447709448,701.6645578662,711.2103375526958,-0.002267979975840717,-0.02311215292934321,0.018576192978116524
2016-10-29,7084.570401869207,701.632031308504,711.2387724299105,-0.002045840241407859,-0.03252655769597368,0.02843487721463589
2016-10-30,7084.567578626012,701.5994212606083,711.2657359914151,-0.0028232431950527825,-0.03261004789567323,0.026963561504658173
2016-10-31,7084.565118437188,701.5641888381614,711.2960480362158,-0.0024601888235338265,-0.03523242244693847,0.030312044800666627
2016-11-01,7084.563269115498,701.5321001415546,711.3244380894399,-0.0018493216903152643,-0.03208869660682012,0.02839005322414323
2016-11-02,7084.560936154867,701.4947739698816,711.3570983398521,-0.0023329606310653617,-0.037326171672930286,0.032660250412163805
2016-11-03,7084.558695789834,701.4552904969149,711.3921010827527,-0.002240365032776026,-0.03948347296670818,0.03500274290058769
2016-11-04,7084.5566345355555,701.4116503086307,711.4316187624815,-0.0020612542784874677,-0.04364018828425742,0.0395176797288741
2016-11-05,7084.554727495892,701.3702004735901,711.469254518194,-0.0019070396638198872,-0.04144983504056654,0.03763575571247202
2016-11-06,7084.552953272822,701.3259258908804,711.5099806547643,-0.0017742230693329475,-0.04427458270970419,0.04072613657024249
2016-11-07,7084.551142405522,701.2830524726172,711.5492323384268,-0.0018108673002643627,-0.04287341826318425,0.039251683662541836
2016-11-08,7084.5494483214525,701.2413062427376,711.5875904001659,-0.0016940840696406667,-0.04174622987966359,0.0383580617391317
2016-11-09,7084.547547986946,701.1981981698217,711.6268978040678,-0.0019003345068995259,-0.04310807291585661,0.039307403901830185
2016-11-10,7084.545390544221,701.1541426570858,711.6666384313559,-0.0021574427246378036,-0.04405551273589481,0.03974062728809713
2016-11-11,7084.542406099747,701.1091694665554,711.7056427329368,-0.002984444474350312,-0.044973190530413376,0.039004301580916945
2016-11-12,7084.540136927149,701.059934836985,711.7503390173149,-0.0022691725971526466,-0.049234629570378274,0.044696284378119344
2016-11-13,7084.538220699093,701.0169945591826,711.7894468390022,-0.0019162280568707502,-0.04294027780235865,0.03910782168725291
2016-11-14,7084.536282876201,700.974409615827,711.8281561365745,-0.0019378228917048546,-0.04258494335567775,0.03870929757238173
2016-11-15,7084.534791875358,700.9312052157242,711.8683785349914,-0.001491000843088841,-0.043204400102808904,0.040222398416858596
2016-11-16,7084.533228594631,700.8775501794486,711.9189070098123,-0.0015632807271686033,-0.0536550362755861,0.05052847482090783
2016-11-17,7084.531480266538,700.8293460512782,711.9636144817973,-0.0017483280926171574,-0.048204128170368676,0.044707471985020675
2016-11-18,7084.529517575082,700.7822532691565,712.0067818810058,-0.0019626914563559694,-0.047092782121694654,0.04316739920852797
2016-11-19,7084.52761772141,700.7337837187262,712.051451724093,-0.0018998536716026138,-0.0484695504303545,0.044669843087149275
2016-11-20,7084.525743208013,700.687784655761,712.0937017602648,-0.0018745133966149297,-0.04599906296516565,0.0422500361718221
2016-11-21,7084.523888624053,700.6405852823101,712.1371919657955,-0.0018545839602666092,-0.0471993734508942,0.04349020553070204
2016-11-22,7084.522452236471,700.6066178572639,712.1682866156758,-0.00143638758254383,-0.03396742504617123,0.03109464988028776
2016-11-23,7084.520514390451,700.570320667588,712.2007081133145,-0.001937846019245626,-0.03629718967590634,0.03242149763866564
2016-11-24,7084.5191340865495,700.5333197325953,712.2349484405029,-0.0013803039018966956,-0.03700093499276136,0.03424032718839953
2016-11-25,7084.516862587845,700.4976800413032,712.2660451343871,-0.0022714987044309964,-0.03563969129208999,0.03109669388425118
2016-11-26,7084.5146556139025,700.4625088569626,712.296802370842,-0.0022069739425205626,-0.03517118434058375,0.030757236454860504
2016-11-27,7084.512853540698,700.4315783552024,712.324128726194,-0.0018020732040895382,-0.030930501760167317,0.02732635535198824
2016-11-28,7084.510998076777,700.3959544066023,712.35604174695,-0.0018554639218564262,-0.03562394860011864,0.031913020756064725
2016-11-29,7084.5088420544125,700.3684634059583,712.3792207028657,-0.0021560223640335607,-0.027491000643976804,0.02317895591568231
2016-11-30,7084.507127159671,700.3390119407558,712.4052423785845,-0.0017148947417808813,-0.029451465202555482,0.026021675718766346
2016-12-01,7084.50539466316,700.3051867813457,712.4356025449729,-0.0017324965110674384,-0.03382515941007114,0.030360166388391008
2016-12-02,7084.503664924785,700.2764950743526,712.4608347752165,-0.0017297383747063577,-0.02869170699307233,0.025232230243659615
2016-12-03,7084.502026943242,700.2443657235309,712.4896881629516,-0.001637981543353817,-0.03212935082171953,0.028853387735011893
2016-12-04,7084.500119613486,700.2284632693863,712.5017759575868,-0.00190732975534047,-0.015902454144566036,0.012087794635249338
2016-12-05,7084.498878241465,700.2087388699975,712.519017612931,-0.0012413720214681234,-0.019724399388792335,0.017241655344150786
2016-12-06,7084.49717366741,700.1949540574473,712.5293932773711,-0.0017045740551111521,-0.013784812550284187,0.01037566444017557
2016-12-07,7084.495163460678,700.1727089075471,712.5476180138082,-0.002010206731938524,-0.022245149900186334,0.018224736437105094
2016-12-08,7084.4927911501,700.1551421980157,712.5604401021837,-0.0023723105778117315,-0.017566709531365632,0.012822088375514795
2016-12-09,7084.490966972574,700.1354459678685,712.5764879772801,-0.0018241775260321447,-0.01969623014724675,0.01604787509631933
2016-12-10,7084.489280778723,700.1276919337962,712.5808696236485,-0.001686193851128337,-0.007754034072263494,0.004381646368415204
2016-12-11,7084.487773708141,700.1139618714803,712.5915855448015,-0.0015070705821926822,-0.01373006231585805,0.0107159211530643
2016-12-12,7084.486397812853,700.1033008844408,712.5994947412647,-0.0013758952873104136,-0.010660987039500469,0.00790919646317434
2016-12-13,7084.485096686692,700.0978867244539,712.6023066489282,-0.0013011261617066339,-0.005414159986912637,0.002811907663499369
2016-12-14,7084.483645243815,700.0964171573684,712.6008733302613,-0.0014514428767142817,-0.0014695670855644494,-0.0014333186669546194
2016-12-15,7084.482508662854,700.0901906083154,712.6048267173915,-0.0011365809605194954,-0.006226549052939845,0.0039533871301955514
2016-12-16,7084.48124462848,700.0864553368691,712.6060339200918,-0.0012640343738894444,-0.0037352714463168013,0.001207202700356902
2016-12-17,7084.4802012663795,700.0881750748616,712.6022274578978,-0.0010433621009724448,0.0017197379925164569,-0.003806462194006599
2016-12-18,7084.478957548887,700.0944745323347,712.5934405654377,-0.0012437174927981687,0.006299457473119219,-0.008786892460079798
2016-12-19,7084.4774869786625,700.102954531614,712.5820194257097,-0.0014705702242281404,0.00847999927930232,-0.011421139727985974
2016-12-20,7084.476097482448,700.1084275516162,712.573767413278,-0.0013894962148697232,0.005473020002114026,-0.008252012431739786
2016-12-21,7084.474427872427,700.1167977192138,712.562058025641,-0.0016696100201443187,0.00837016759760445,-0.011709387636983593
2016-12-22,7084.472811530814,700.125184904597,712.550438157032,-0.0016163416130439145,0.00838718538318517,-0.011619868609045625
2016-12-23,7084.47177880617,700.1487076875873,712.5248499247527,-0.0010327246445740457,0.023522782990312407,-0.025588232279233125
2016-12-24,7084.470169523567,700.1645219279361,712.5058171191985,-0.0016092826026579132,0.015814240348845487,-0.019032805554275
2016-12-25,7084.468722837416,700.1818943930801,712.4855512817522,-0.0014466861512119067,0.017372465144035232,-0.02026583744623167
2016-12-26,7084.467057911018,700.2031184533058,712.4609973687294,-0.0016649263980070828,0.02122406022567702,-0.024553913022828056
2016-12-27,7084.465180518027,700.2246657898146,712.4356952462393,-0.001877392990536464,0.021547336508774606,-0.025302122490074908
2016-12-28,7084.464075014402,700.2474343283926,712.4107157004095,-0.001105503625694837,0.022768538578020525,-0.024979545829864946
2016-12-29,7084.462346210174,700.2727668063582,712.3819256139889,-0.0017288042281506932,0.025332477965548605,-0.028790086420599437
2016-12-30,7084.460862920877,700.300571090209,712.3511547515435,-0.001483289296629664,0.027804283850855427,-0.03077086244536531
2016-12-31,7084.4597635612145,700.3281564224593,712.3213706999697,-0.0010993596624757629,0.02758533225028259,-0.029784051573756187
2017-01-01,7084.458222333482,700.3583777118432,712.2880669551208,-0.0015412277325594914,0.030221289383916883,-0.03330374484892218
2017-01-02,7084.4569024257435,700.3930315549499,712.2507732965357,-0.0013199077384342672,0.034653843106639215,-0.037293658585099365
2017-01-03,7084.455689115225,700.4277000639489,712.2136781665007,-0.0012133105183238513,0.03466850899906149,-0.03709513003502707
2017-01-04,7084.453917406355,700.4586651335356,712.1791696791722,-0.0017717088703648187,0.030965069586727623,-0.03450848732848044
2017-01-05,7084.452799672525,700.4918342589889,712.1437650860594,-0.0011177338301422424,0.03316912545324158,-0.03540459311284394
2017-01-06,7084.450747072895,700.5288078476242,712.1026862981653,-0.002052599629678298,0.03697358863530553,-0.04107878789409369
2017-01-07,7084.449256621764,700.5671213264004,712.061391917129,-0.001490451130848669,0.03831347877621738,-0.0412943810363231
2017-01-08,7084.44791498377,700.6052761341211,712.0205538334181,-0.0013416379943009815,0.03815480772072988,-0.04083808371080977
2017-01-09,7084.446680828807,700.6471107340375,711.9762509235754,-0.0012341549627308268,0.041834599916342086,-0.044302909842713234
2017-01-10,7084.445460468172,700.6866617359456,711.9342592003986,-0.001220360634761164,0.03955100190808025,-0.04199172317680677
2017-01-11,7084.444425465082,700.7273944321987,711.8914564979644,-0.0010350030906920438,0.04073269625314424,-0.04280270243418727
2017-01-12,7084.443412859493,700.7675692397903,711.8492564791951,-0.0010126055885848473,0.04017480759159753,-0.04220001876933566
2017-01-13,7084.442383955723,700.8091364748713,711.8056314365742,-0.0010289037700204062,0.041567235080947285,-0.04362504262087441
2017-01-14,7084.441224611797,700.851287657274,711.7611615663197,-0.0011593439257922,0.042151182402790255,-0.04446987025448834
2017-01-15,7084.440191671564,700.8940191937827,711.7163641493469,-0.0010329402330171433,0.042731536508654244,-0.04479741697286954
2017-01-16,7084.439226578297,700.9342293363264,711.6742238202676,-0.0009650932670410839,0.04021014254374222,-0.04214032907930232
2017-01-17,7084.4378884918015,700.9745215532874,711.6312554303157,-0.0013380864957071026,0.04029221696100649,-0.04296838995185226
2017-01-18,7084.4365420400045,701.0156006557509,711.5874834242576,-0.0013464517969623557,0.04107910246341362,-0.04377200605813414
2017-01-19,7084.435212466879,701.0587286840915,711.541696249668,-0.001329573125076422,0.04312802834067497,-0.04578717458957726
2017-01-20,7084.433980598884,701.1080554156451,711.4899057821217,-0.0012318679955569678,0.049326731553605896,-0.05179046754631145
2017-01-21,7084.43282986628,701.1511231437356,711.4445365888243,-0.0011507326034916332,0.04306772809047743,-0.04536919329734701
2017-01-22,7084.431515955341,701.1927650902408,711.4002668204403,-0.0013139109396433923,0.04164194650513764,-0.04426976838408336
2017-01-23,7084.430134318571,701.2305065374997,711.359762099641,-0.0013816367700201226,0.03774144725889528,-0.04050472079927658
2017-01-24,7084.428806063084,701.2684603330717,711.3191517930954,-0.0013282554864417762,0.03795379557209344,-0.04061030654554543
2017-01-25,7084.427464215438,701.3050776854762,711.2798507453987,-0.0013418476464721607,0.036617352404505255,-0.039301047696767455
2017-01-26,7084.425701620416,701.3401024477556,711.241300793075,-0.0017625950222281972,0.03502476227936313,-0.03854995232370584
2017-01-27,7084.423884694214,701.3841039683525,711.1936654200765,-0.001816926201172464,0.04400152059690754,-0.04763537299845666
2017-01-28,7084.422384651971,701.4145178269622,711.1602514769797,-0.0015000422436060035,0.030413858609676936,-0.033413943096775256
2017-01-29,7084.421261990936,701.4499210470224,711.1226029348484,-0.0011226610349694965,0.035403220060175045,-0.03764854213136459
2017-01-30,7084.420010369309,701.4781971647865,711.0918235738305,-0.0012516216265794355,0.028276117764107767,-0.030779361017835072
2017-01-31,7084.4187720461205,701.4997889375793,711.0677551546614,-0.0012383231887724833,0.02159177279281721,-0.02406841916911162
2017-02-01,7084.417132075878,701.5333931232691,711.0308710284875,-0.0016399702426497242,0.033604185689796395,-0.036884126173958975
2017-02-02,7084.415331344266,701.5599093646975,711.0007533238345,-0.0018007316120929318,0.026516241428453213,-0.030117704652980137
2017-02-03,7084.413555156811,701.5763740492557,710.9807362643659,-0.0017761874551069923,0.01646468455817285,-0.020017059468614207
2017-02-04,7084.412114126857,701.5893515563854,710.9648766973284,-0.0014410299536393723,0.012977507129676269,-0.015859567037523448
2017-02-05,7084.410674133357,701.6017573327598,710.9495909339541,-0.0014399934998436947,0.012405776374407651,-0.015285763374208727
2017-02-06,7084.4092817375695,701.614996505475,710.9335669696642,-0.0013923957876613713,0.013239172715202585,-0.016023964289956893
2017-02-07,7084.408052628089,701.625767024485,710.920338231692,-0.0012291094808460912,0.010770519009952295,-0.013228737972212912
2017-02-08,7084.407194854551,701.6385713603537,710.9058183487465,-0.0008577735379731166,0.012804335868736416,-0.014519882945478457
2017-02-09,7084.406069094228,701.6420851704092,710.9000530180458,-0.0011257603227932123,0.003513810055551403,-0.00576533070068308
2017-02-10,7084.405105521557,701.6462327428636,710.8939783002504,-0.0009635726710257586,0.004147572454371584,-0.00607471779539992
2017-02-11,7084.403838785695,701.6506732027407,710.8870043686499,-0.0012667358614635305,0.004440459877059766,-0.006973931600555261
2017-02-12,7084.402771217329,701.6501015715115,710.8854408631461,-0.0010675683661247604,-0.0005716312291497161,-0.0015635055037819257
2017-02-13,7084.401392707848,701.6485142843297,710.8842711313646,-0.0013785094815830234,-0.0015872871817919076,-0.001169731781487826
2017-02-14,7084.400084563442,701.6408073891165,710.8893617377676,-0.0013081444058116176,-0.007706895213232201,0.005090606402973208
2017-02-15,7084.398732437064,701.6216719581214,710.9057929160064,-0.001352126378151297,-0.019135430995106617,0.016431178238804023
2017-02-16,7084.397733333837,701.6097266195932,710.9157400480797,-0.0009991032266043476,-0.011945338528221328,0.00994713207330733
2017-02-17,7084.396534107289,701.5886901898131,710.9343780247643,-0.0011992265481239883,-0.021036429780110666,0.018637976684658497
2017-02-18,7084.394767141873,701.5639142879982,710.9556199957469,-0.001766965416209132,-0.02477590181490541,0.021241970982600833
2017-02-19,7084.393855900748,701.5435904216409,710.9741213798561,-0.000911241124413209,-0.020323866357216502,0.018501384109185892
2017-02-20,7084.392225915186,701.514551374255,710.9999004561163,-0.0016299855624311022,-0.0290390473859361,0.025779076260164402
2017-02-21,7084.3902978086535,701.4866580548932,711.0239375624142,-0.001928106532432139,-0.027893319361851354,0.02403710629789657
2017-02-22,7084.388377518724,701.4614428274687,711.0453122099806,-0.0019202899293304654,-0.025215227424496334,0.021374647566403837
2017-02-23,7084.386749846843,701.4341902950964,711.0693093985889,-0.0016276718815788627,-0.027252532372244787,0.023997188608291253
2017-02-24,7084.384434716218,701.4028994056923,711.0959700267413,-0.0023151306249928894,-0.031290889404090194,0.026660628152399113
2017-02-25,7084.382425626036,701.3699661065234,711.1248851455482,-0.0020090901816729456,-0.032933299168917074,0.028915118806935425
2017-02-26,7084.381548933985,701.3381263715822,711.154971496388,-0.000876692050951533,-0.03183973494117254,0.030086350839837905
2017-02-27,7084.380167849466,701.2965159197299,711.193819779202,-0.001381084519380238,-0.04161045185230705,0.03884828281400132
2017-02-28,7084.378684441471,701.2553200386895,711.2320488442506,-0.0014834079947831924,-0.0411958810403803,0.03822906504854018
2017-03-01,7084.377230333718,701.2166502516388,711.2678104157966,-0.001454107752579148,-0.03866978705070778,0.035761571546004234
2017-03-02,7084.373944392096,701.1712363892153,711.3066523949756,-0.003285941622380051,-0.04541386242351564,0.03884197917898291
2017-03-03,7084.372252457387,701.1254938077083,711.3490111070654,-0.001691934709015186,-0.04574258150705646,0.04235871208982189
2017-03-04,7084.3697108237475,701.0797364423512,711.3896852051437,-0.002541633639339125,-0.045757365357076196,0.04067409807828426
2017-03-05,7084.368105990835,701.033873241507,711.4323387401631,-0.001604832912562415,-0.045863200844223684,0.042653535019439914
2017-03-06,7084.366116970714,700.9870733427096,711.4751605987186,-0.0019890201210728264,-0.04679989879741697,0.04282185855549869
2017-03-07,7084.363981751695,700.943162499628,711.5148010037623,-0.0021352190187826636,-0.043910843081562234,0.039640405043655846
2017-03-08,7084.362554548232,700.8946265475071,711.5604825489561,-0.0014272034632085706,-0.04853595212091477,0.04568154519381551
2017-03-09,7084.361220011191,700.8482403205004,711.6041997018807,-0.0013345370407478185,-0.04638622700667838,0.04371715292461431
2017-03-10,7084.359534525972,700.7977431714733,711.6513258804696,-0.0016854852192409453,-0.05049714902713731,0.047126178588882794
2017-03-11,7084.358101212633,700.7506295966228,711.6955728286425,-0.0014333133385662222,-0.0471135748504139,0.04424694817294039
2017-03-12,7084.357058715604,700.7086984756005,711.7354189556069,-0.0010424970296298852,-0.04193112102234409,0.03984612696433487
2017-03-13,7084.355356142453,700.6558669039775,711.7848453809279,-0.001702573150396347,-0.05283157162295993,0.049426425321030365
2017-03-14,7084.353886064472,700.6121049992647,711.8256671296804,-0.001470077981139184,-0.04376190471282371,0.040821748752478015
2017-03-15,7084.352405082205,700.5673032567366,711.867506907673,-0.0014809822669121786,-0.04480174252807956,0.041839777992663585
2017-03-16,7084.351131382631,700.5190379139232,711.9132248513379,-0.0012736995740851853,-0.048265342813465395,0.04571794366484028
2017-03-17,7084.349717007828,700.4780986985808,711.9513353170743,-0.0014143748030619463,-0.04093921534240508,0.03811046573639487
2017-03-18,7084.348533739736,700.4324448256433,711.9946226538275,-0.001183268092063372,-0.04565387293746426,0.043287336753223826
2017-03-19,7084.347445435835,700.390452179282,712.0344386923858,-0.0010883039012696827,-0.04199264636133648,0.03981603855834237
2017-03-20,7084.346279394764,700.3516262933273,712.0709324961992,-0.0011660410709737334,-0.03882588595467951,0.03649380381341416
2017-03-21,7084.344769611936,700.3137033675542,712.1058358563163,-0.0015097828281795955,-0.03792292577304579,0.03490336011702766
2017-03-22,7084.343024455312,700.2718642940151,712.1441846166075,-0.0017451566236559302,-0.04183907353910854,0.038348760291228245
2017-03-23,7084.341149219077,700.2284500808958,712.1838483572585,-0.001875236234809563,-0.043414213119376655,0.039663740651008084
2017-03-24,7084.3393269317085,700.1882606466821,712.2203932167348,-0.001822287368668185,-0.04018943421363019,0.03654485947629382
2017-03-25,7084.337720615811,700.1547840994787,712.2506571321433,-0.0016063158973338432,-0.03347654720346327,0.030263915408454523
2017-03-26,7084.336055370097,700.1190906143031,712.2830201258906,-0.0016652457143209176,-0.035693485175556816,0.03236299374736973
2017-03-27,7084.334273961834,700.0843563117913,712.3141916118761,-0.0017814082630138728,-0.034734302511765236,0.031171485985510117
2017-03-28,7084.331852453454,700.0606803778929,712.3330245290136,-0.002421508379484294,-0.023675933898402945,0.01883291713750168
2017-03-29,7084.330067305104,700.0315599272319,712.3585746829772,-0.0017851483498816378,-0.029120450661025643,0.025550153963536104
2017-03-30,7084.328100518978,700.0053457899858,712.3808552479701,-0.0019667861261041253,-0.026214137246142855,0.022280564992911422
2017-03-31,7084.326342807108,699.9860178109635,712.396667803252,-0.0017577118705958128,-0.019327979022250474,0.015812555281854657
2017-04-01,7084.324603825327,699.9611019233027,712.4181057273519,-0.0017389817803632468,-0.02491588766076802,0.02143792409992784
2017-04-02,7084.3222034132605,699.9332700658864,712.4411367606348,-0.002400412066890567,-0.027831857416344974,0.0230310332829049
2017-04-03,7084.320298552254,699.9124996470442,712.4580974574644,-0.001904861006551073,-0.020770418842175786,0.016960696829642075
2017-04-04,7084.318397942148,699.8914188196634,712.4753770646323,-0.001900610105622036,-0.021080827380842493,0.01727960716789312
2017-04-05,7084.316211768798,699.8756713010987,712.4867522364965,-0.0021861733503101277,-0.015747518564694474,0.011375171864187905
2017-04-06,7084.314454887754,699.858606352887,712.5003034226211,-0.0017568810435477644,-0.017064948211668707,0.013551186124573178
2017-04-07,7084.3129569504545,699.8471957055524,712.5087181953553,-0.0014979372999732732,-0.011410647334628266,0.008414772734226972
2017-04-08,7084.311665503937,699.8419798815709,712.511351126302,-0.001291446517825534,-0.005215823981529866,0.0026329309466746054
2017-04-09,7084.309990475418,699.8344349780208,712.5155459728147,-0.0016750285185480607,-0.007544903550069648,0.004194846512746153
2017-04-10,7084.30823729283,699.8306722352994,712.5158023503604,-0.0017531825878904783,-0.0037627427213919873,0.0002563775457247175
2017-04-11,7084.306674691242,699.8236231476967,712.5197262347868,-0.0015626015883754008,-0.007049087602695181,0.003923884426399127
2017-04-12,7084.304998070759,699.82546850515,712.5145276363671,-0.001676620482612634,0.0018453574532486527,-0.005198598419724476
2017-04-13,7084.303302146192,699.8305451179356,712.506059174449,-0.00169592456677492,0.005076612785614998,-0.008468461918141656
2017-04-14,7084.301791177128,699.828198436703,712.505383917552,-0.0015109690648387186,-0.002346681232552328,-0.0006752568970114226
2017-04-15,7084.300182368611,699.8352547222095,712.4951100150112,-0.001608808516721183,0.007056285506450877,-0.010273902540802737
2017-04-16,7084.2988684976,699.8412807294494,712.4864562657508,-0.001313871011006995,0.0060260072399387354,-0.00865374926036111
2017-04-17,7084.297269665534,699.8538663894717,712.4706729415963,-0.0015988320656106225,0.012585660022295997,-0.015783324154540423
2017-04-18,7084.295430206359,699.8624876732063,712.4583727395112,-0.0018394591752439737,0.008621283734555618,-0.012300202085043566
2017-04-19,7084.2936600114945,699.8830627533149,712.4342572696744,-0.0017701948645481025,0.020575080108642396,-0.024115469836829106
2017-04-20,7084.29145338357,699.9044792870246,712.4084274801146,-0.0022066279243517783,0.021416533709725627,-0.025829789559793426
2017-04-21,7084.288865320513,699.9220863050834,712.385644335941,-0.0025880630573738017,0.017607018058811263,-0.022783144173558867
2017-04-22,7084.286436049888,699.9411985778916,712.3616735218836,-0.0024292706248161267,0.01911227280811545,-0.023970814057406642
2017-04-23,7084.283191897393,699.9558644208987,712.3405193738871,-0.0032441524945170386,0.014665843007151125,-0.021154147996526262
2017-04-24,7084.2805741757675,699.9835896742848,712.3075586772505,-0.0026177216259384295,0.027725253386051918,-0.032960696636564535
2017-04-25,7084.278421935734,700.0058260256803,712.2810178457864,-0.0021522400338653824,0.022236351395577003,-0.026540831464103576
2017-04-26,7084.276636829761,700.0341414587517,712.2491322007695,-0.0017851059728855034,0.028315433071384177,-0.03188564501692781
2017-04-27,7084.27506405454,700.0626411742414,712.2174869348385,-0.0015727752206657897,0.028499715489715527,-0.031645265931047106
2017-04-28,7084.273618037713,700.0922696182199,712.1849664572045,-0.001446016826776031,0.0296284439784813,-0.03252047763396604
2017-04-29,7084.271626945615,700.1256140286107,712.1476398626173,-0.0019910920982511016,0.033344410390782286,-0.0373265945871708
2017-04-30,7084.269608141044,700.1545228133652,712.114693468723,-0.002018804570980137,0.028908784754548833,-0.03294639389434906
2017-05-01,7084.267749053542,700.1848145115123,712.0806835955696,-0.0018590875024528941,0.030291698147038915,-0.03400987315342263
2017-05-02,7084.265877155285,700.2294012625016,712.0323530480681,-0.00187189825646783,0.04458675098931053,-0.04833054750145038
2017-05-03,7084.264413534028,700.2696390056708,711.9891880623842,-0.0014636212572440854,0.04023774316920026,-0.0431649856839158
2017-05-04,7084.2629940362485,700.3169570845374,711.9390309879577,-0.0014194977793522412,0.04731807886662409,-0.05015707442646544
2017-05-05,7084.261753876431,700.3524966620208,711.9010110908413,-0.00124015981782577,0.03553957748340508,-0.038019897116441825
2017-05-06,7084.260672418994,700.3984495519746,711.8528952860117,-0.0010814574370670016,0.04595288995380997,-0.04811580482953559
2017-05-07,7084.259447236266,700.4415249143813,711.8073695581512,-0.0012251827274667448,0.04307536240662557,-0.04552572786053588
2017-05-08,7084.258237211781,700.4827191137127,711.7637553098499,-0.0012100244848625152,0.04119419933147128,-0.04361424830131
2017-05-09,7084.256947850991,700.5371112794215,711.7067844225613,-0.0012893607899968629,0.054392165708804896,-0.05697088728857125
2017-05-10,7084.255806825754,700.5841790597916,711.6574345917163,-0.0011410252373025287,0.04706778037007098,-0.049349830845017095
2017-05-11,7084.254511765808,700.6282077185251,711.6108158130902,-0.0012950599457326462,0.044028658733509474,-0.046618778626111634
2017-05-12,7084.253383922323,700.6794850576473,711.5572827869986,-0.0011278434849373298,0.05127733912217991,-0.05353302609159982
2017-05-13,7084.2522585430315,700.72505372229,711.5094633637739,-0.0011253792918068939,0.04556866464270115,-0.04781942322472332
2017-05-14,7084.251120839519,700.7760434277743,711.4561982512625,-0.001137703512540611,0.05098970548431225,-0.05326511251132615
2017-05-15,7084.250145014816,700.824781216511,711.4055088131194,-0.0009758247033460066,0.04873778873673018,-0.05068943814319482
2017-05-16,7084.248919887485,700.8716681142382,711.3561716607311,-0.0012251273310539545,0.0468868977271768,-0.04933715238826153
2017-05-17,7084.247700654056,700.916239227836,711.3091620802755,-0.0012192334288556594,0.04457111359772625,-0.04700958045555126
2017-05-18,7084.24638666148,700.9631536081554,711.2596197148032,-0.0013139925758878235,0.04691438031943562,-0.04954236547234814
2017-05-19,7084.244970121954,701.0055836017636,711.2143566421446,-0.0014165395259624347,0.04242999360826616,-0.04526307265859941
2017-05-20,7084.243287906091,701.0433616713652,711.1732141408157,-0.0016822158631839557,0.03777806960158614,-0.041142501328863545
2017-05-21,7084.241549804338,701.0929942320486,711.1201053766275,-0.0017381017523803166,0.049632560683335214,-0.053108764188209534
2017-05-22,7084.240092583054,701.1386039673563,711.0715811987527,-0.001457221283999388,0.045609735307721166,-0.04852417787481045
2017-05-23,7084.238592830385,701.1761618062641,711.031023854506,-0.001499752669587906,0.0375578389077873,-0.04055734424673574
2017-05-24,7084.237346150386,701.2165950813451,710.9880972194251,-0.0012466799989852007,0.04043327508099992,-0.042926635080903
2017-05-25,7084.235990606721,701.254352348878,710.9476288645648,-0.0013555436644310248,0.03775726753292474,-0.040468354860308864
2017-05-26,7084.234644976493,701.2893870827812,710.9099028702044,-0.0013456302285703714,0.035034733903216875,-0.03772599436035762
2017-05-27,7084.233394231987,701.3220569728379,710.8747314911368,-0.0012507445053415722,0.032669890056695294,-0.03517137906760581
2017-05-28,7084.232101796532,701.3564047773182,710.8377988157454,-0.0012924354550705175,0.03434780448026231,-0.03693267539142653
2017-05-29,7084.2300460167535,701.3852670753796,710.8048249581265,-0.0020557797788569587,0.028862298061426372,-0.032973857618912916
2017-05-30,7084.227887127979,701.4166556196626,710.7691186362941,-0.002158888774829393,0.031388544283004194,-0.03570632183232192
2017-05-31,7084.226531680576,701.4425033366261,710.7405600245261,-0.0013554474026022945,0.025847716963539824,-0.028558611768062292
2017-06-01,7084.224991987066,701.469609467012,710.7103745071191,-0.0015396935104945442,0.027106130385845972,-0.030185517406948748
2017-06-02,7084.223515827153,701.5000017487898,710.6770299055161,-0.0014761599122721236,0.030392281777835706,-0.033344601603062074
2017-06-03,7084.222141670285,701.5225871413325,710.6516961992372,-0.0013741568682235084,0.022585392542623595,-0.025333706278843238
2017-06-04,7084.220882295899,701.5382275506106,710.6335370411878,-0.0012593743858815287,0.01564040927814858,-0.01815915804945689
2017-06-05,7084.2198162340865,701.5470200236081,710.6226124445636,-0.0010660618127076305,0.008792472997470213,-0.01092459662413603
2017-06-06,7084.218589345328,701.5591240626952,710.60805462796,-0.0012268887585378252,0.012104039087148522,-0.014557816603655738
2017-06-07,7084.2173228170805,701.5665911936625,710.5980544404985,-0.001266528247469978,0.007467130967256708,-0.010000187461514543
2017-06-08,7084.216117956957,701.5681400657517,710.5940958481606,-0.0012048601238348056,0.0015488720891880803,-0.003958592337880873
2017-06-09,7084.214966307435,701.5676909065104,710.5922417083589,-0.001151649521489162,-0.00044915924127053586,-0.0018541398017077881
2017-06-10,7084.213954166114,701.5677396860651,710.5901686461619,-0.0010121413215529174,4.877955473148177e-05,-0.002073062196927822
2017-06-11,7084.213004886773,701.5508335852103,710.6051761883349,-0.0009492793406025157,-0.01690610085483968,0.015007542172952526
2017-06-12,7084.211836942988,701.5440599810922,710.6096139048839,-0.0011679437848215457,-0.00677360411805239,0.004437716548977733
2017-06-13,7084.210869317837,701.5347682457387,710.6169703899354,-0.0009676251511336886,-0.00929173535348582,0.007356485051559503
2017-06-14,7084.209787374184,701.5134444009668,710.6361303474007,-0.0010819436529345694,-0.021323844771927725,0.019159957465262778
2017-06-15,7084.208189811704,701.4131572694627,710.7332223539449,-0.0015975624801285448,-0.10028713150416024,0.09709200654424421
2017-06-16,7084.207530194506,701.4772578688057,710.6678025202065,-0.0006596171979253995,0.0641005993430781,-0.06541983373847415
2017-06-17,7084.205470805954,701.4593169049465,710.6816247069618,-0.002059388551970187,-0.01794096385924604,0.013822186755305665
2017-06-18,7084.204032445445,701.4326349486876,710.7054299422018,-0.001438360509382619,-0.02668195625892622,0.023805235240047296
2017-06-19,7084.202922469393,701.4031007298731,710.7327442089135,-0.00110997605133889,-0.02953421881443319,0.02731426671164172
2017-06-20,7084.201900378448,701.3766702104166,710.7571305464791,-0.0010220909452982596,-0.026430519456539514,0.024386337565601934
2017-06-21,7084.201001767838,701.3434636160787,710.7885399195964,-0.0008986106104202918,-0.033206594337912065,0.031409373117298856
2017-06-22,7084.199882252609,701.3041577734781,710.82560673174,-0.0011195152283107745,-0.039305842600583674,0.037066812143621064
2017-06-23,7084.198668984077,701.2586410672361,710.8686969009176,-0.0012132685324104386,-0.04551670624198323,0.0430901691776171
2017-06-24,7084.197609862281,701.2175187318325,710.9077009927285,-0.0010591217960609356,-0.04112233540365651,0.039004091810852515
2017-06-25,7084.1964298773255,701.1678540093009,710.9550057453499,-0.0011799849553426611,-0.04966472253158827,0.04730475262147138
2017-06-26,7084.195198709577,701.1253788507269,710.9950185684274,-0.0012311677483012318,-0.042475158574006855,0.04001282307751808
2017-06-27,7084.194086461591,701.0836816048801,711.0344913183,-0.0011122479863843182,-0.0416972458467626,0.03947274987251603
2017-06-28,7084.193001577685,701.045608822384,711.0703943329845,-0.0010848839056052384,-0.038072782496101354,0.03590301468454982
2017-06-29,7084.191757416496,701.0029643093709,711.1105505236222,-0.001244161188878934,-0.04264451301310146,0.040156190637731015
2017-06-30,7084.190953517771,700.9569103100011,711.1549967255413,-0.0008038987252803054,-0.046053999369746634,0.04444620191907234
2017-07-01,7084.190118129906,700.906548010448,711.2036882493638,-0.0008353878647540114,-0.0503622995531714,0.048691523822526506
2017-07-02,7084.1889927481425,700.8557814652743,711.2522040310098,-0.0011253817638134933,-0.05076654517370116,0.04851578164596049
2017-07-03,7084.187822283932,700.8090474624953,711.2965971053685,-0.0011704642101904028,-0.04673400277897599,0.04439307435870887
2017-07-04,7084.186925476413,700.754869964354,711.3489809884712,-0.0008968075189841329,-0.054177498141257274,0.052383883102720574
2017-07-05,7084.185828173,700.7086154296941,711.3930409163053,-0.0010973034131893655,-0.04625453465996543,0.044059927834041446
2017-07-06,7084.1847692061065,700.6566733620557,711.4428650501577,-0.0010589668936518137,-0.05194206763837883,0.049824133852439445
2017-07-07,7084.183869868785,700.6067333644401,711.4910063731286,-0.0008993373212433653,-0.049939997615638276,0.04814132297087781
2017-07-08,7084.182865845726,700.5554206806148,711.5403110108368,-0.0010040230590675492,-0.051312683825244676,0.049304637708246446
2017-07-09,7084.181813057057,700.505881439233,711.5877446748818,-0.0010527886688578292,-0.0495392413818081,0.04743366404500193
2017-07-10,7084.180878539172,700.4546930798186,711.6370639985252,-0.000934517885070818,-0.05118835941436828,0.04931932364331715
2017-07-11,7084.179966419198,700.413197892723,711.676734945673,-0.0009121199746005004,-0.04149518709562017,0.039670947147897095
2017-07-12,7084.179034570437,700.3663092234541,711.7217599174186,-0.0009318487609561998,-0.04688866926892388,0.04502497174553355
2017-07-13,7084.178114767334,700.3194842501287,711.7667452845377,-0.0009198031029882259,-0.04682497332544244,0.04498536711912493
2017-07-14,7084.176889177273,700.274258339009,711.809520015536,-0.0012255900610398385,-0.04522591111970087,0.04277473099830331
2017-07-15,7084.175594659912,700.2307361779561,711.8504531418679,-0.0012945173602929572,-0.04352216105280604,0.040933126331879066
2017-07-16,7084.173994170126,700.1847830238869,711.893205316365,-0.001600489786142134,-0.04595315406925238,0.042752174497081796
2017-07-17,7084.172003921807,700.1435670353767,711.9304408082372,-0.0019902483190890052,-0.041215988510202806,0.03723549187225217
2017-07-18,7084.170602181346,700.1023695391417,711.9688348235508,-0.0014017404610058293,-0.04119749623498592,0.038394015313542695
2017-07-19,7084.169896481108,700.0622362868261,712.0075566753874,-0.000705700238540885,-0.04013325231562703,0.038721851836612586
2017-07-20,7084.168911695656,700.0258309839562,712.041992407355,-0.0009847854516920052,-0.03640530286986632,0.034435731967619176
2017-07-21,7084.1681714163005,699.9868144390017,712.0795283936003,-0.0007402793553410447,-0.03901654495450657,0.03753598624530241
2017-07-22,7084.166967307404,699.9539937542287,712.1099408605791,-0.001204108896672551,-0.032820684773014364,0.030412466978759767
2017-07-23,7084.165820182024,699.9270969295568,712.1345434344912,-0.0011471253801573766,-0.026896824671894137,0.024602573912147818
2017-07-24,7084.1647622583805,699.895171560125,712.1643529566364,-0.0010579236432022299,-0.03192536943174673,0.029809522145228584
2017-07-25,7084.163836899963,699.8644482003209,712.1932255996047,-0.0009253584175894503,-0.030723359804142092,0.02887264296828107
2017-07-26,7084.162750706786,699.8356745013391,712.2198269122339,-0.001086193176888628,-0.028773698981808593,0.026601312629168206
2017-07-27,7084.161706825254,699.8100328653413,712.2433807851685,-0.0010438815315865213,-0.025641635997772028,0.023553872934598985
2017-07-28,7084.160868079722,699.7878225493132,712.2639136101292,-0.0008387455327465432,-0.02221031602812218,0.020532824960696416
2017-07-29,7084.159855149373,699.7701477678999,712.279562530844,-0.001012930349133967,-0.017674781413347773,0.015648920714852466
2017-07-30,7084.15898401661,699.750842119587,712.297125913632,-0.0008711327627679566,-0.019305648312865742,0.01756338278801195
2017-07-31,7084.158063916271,699.733985592277,712.3121422402653,-0.0009201003385896911,-0.016856527309982994,0.015016326633258359
2017-08-01,7084.1571185929115,699.7185963669525,712.3256408188697,-0.0009453233597014332,-0.015389225324497602,0.013498578604412614
2017-08-02,7084.156142863099,699.7040505259012,712.3382352002976,-0.0009757298121257918,-0.014545841051358366,0.01259438142790259
2017-08-03,7084.155072057388,699.6944055603782,712.345738554397,-0.0010708057116062264,-0.009644965522966231,0.007503354099412718
2017-08-04,7084.153929732066,699.6850394207208,712.3528200434109,-0.0011423253217799356,-0.00936613965734523,0.007081489013899045
2017-08-05,7084.152397499425,699.6814560386442,712.3533389602056,-0.0015322326407840592,-0.0035833820766129065,0.0005189167947037276
2017-08-06,7084.151334728011,699.6785477846819,712.3541216713397,-0.0010627714145812206,-0.0029082539623459525,0.000782711134093006
2017-08-07,7084.1505895209075,699.6838873426643,712.3472916991504,-0.0007452071031366359,0.005339557982438237,-0.0068299721892799425
2017-08-08,7084.149672383946,699.6782594418808,712.351085326012,-0.0009171369611067348,-0.005627900783565565,0.003793626861579469
2017-08-09,7084.148796082545,699.6847047439704,712.3428874211211,-0.0008763014011492487,0.0064453020896735325,-0.008197904890948848
2017-08-10,7084.1479979727155,699.6912002832732,712.3347956621562,-0.0007981098297022982,0.006495539302818543,-0.008091758964837936
2017-08-11,7084.147012318649,699.6960643117742,712.3279603255236,-0.0009856540664259228,0.004864028500946915,-0.0068353366326618925
2017-08-12,7084.145840814587,699.6979220028877,712.3237596262854,-0.0011715040618582861,0.0018576911135141927,-0.00420069923814026
2017-08-13,7084.144633804112,699.7187199488382,712.3005476593856,-0.0012070104749000166,0.020797945950448593,-0.02321196689979388
2017-08-14,7084.143549477377,699.731438923931,712.285660030822,-0.0010843267355085118,0.012718975092866458,-0.014887628563656108
2017-08-15,7084.142515360852,699.7517379236264,712.2632927980767,-0.0010341165252611972,0.02029899969534199,-0.02236723274529595
2017-08-16,7084.141475785364,699.7716833721425,712.241268198584,-0.0010395754879937158,0.019945448516182296,-0.02202459949273816
2017-08-17,7084.140511633417,699.7863613783758,712.2246618884589,-0.0009641519463912118,0.01467800623322546,-0.01660631012509839
2017-08-18,7084.139394066521,699.8147692741242,712.1940188589182,-0.0011175668960277108,0.02840789574838709,-0.030643029540669886
2017-08-19,7084.1383664515215,699.8356029138214,712.1711299892216,-0.0010276149996570894,0.020833639697229955,-0.022888869696544134
2017-08-20,7084.137035916457,699.8628383840078,712.1412334489046,-0.001330535064880678,0.02723547018638328,-0.029896540317054132
2017-08-21,7084.135510115442,699.8949048184767,712.106115412407,-0.001525801014395256,0.032066434468902116,-0.03511803649757894
2017-08-22,7084.134230319572,699.9264744935925,712.0719861455505,-0.0012797958697774448,0.03156967511586117,-0.03412926685655293
2017-08-23,7084.132853240066,699.960158344288,712.0355481358429,-0.0013770795067102881,0.03368385069541091,-0.03643800970758093
2017-08-24,7084.131267077622,699.9939156148629,711.9986185403812,-0.001586162443345529,0.03375727057493805,-0.036929595461629106
2017-08-25,7084.129973602914,700.0289115090567,711.9610356967704,-0.001293474708290887,0.03499589419379845,-0.03758284361083497
2017-08-26,7084.129058784458,700.0649701246722,711.9231474442432,-0.0009148184562945971,0.036058615615502276,-0.037888252527181976
2017-08-27,7084.127888246473,700.1029173164468,711.8828591764998,-0.0011705379847626318,0.037947191774605926,-0.04028826774344907
2017-08-28,7084.126504949173,700.1382317841699,711.8447781141753,-0.001383297299980768,0.035314467723083,-0.03808106232452246
2017-08-29,7084.125009148557,700.1805056626259,711.7995126344865,-0.0014958006158849457,0.0422738784560579,-0.04526547968873729
2017-08-30,7084.123545613401,700.2155085294114,711.7615826973891,-0.0014635351562901633,0.03500286678547582,-0.03792993709737402
2017-08-31,7084.121497630516,700.2553060515262,711.7176892095061,-0.0020479828845054726,0.039797522114781714,-0.04389348788299685
2017-09-01,7084.11992808869,700.2933817441311,711.6764744332488,-0.0015695418260293081,0.038075692604934375,-0.04121477625733405
2017-09-02,7084.1184621957555,700.3391568739515,711.6277675175598,-0.001465892934902513,0.045775129820412985,-0.048706915688967456
2017-09-03,7084.116983641161,700.3859435503658,711.5780237319564,-0.0014785545945414924,0.046786676414285466,-0.04974378560348214
2017-09-04,7084.11551390119,700.4312714198751,711.5297563825046,-0.0014697399710712489,0.04532786950926493,-0.04826734945174849
2017-09-05,7084.113950453688,700.477610198296,711.4802907090784,-0.0015634475021215621,0.0463387784209317,-0.04946567342619801
2017-09-06,7084.111535625251,700.5176674401182,711.4354038103846,-0.00241482843648555,0.04005724182218273,-0.04488689869378959
2017-09-07,7084.109650979138,700.5584821830809,711.3908197751952,-0.00188464611346717,0.04081474296265242,-0.04458403518947307
2017-09-08,7084.106589037167,700.5958789885352,711.3472990857991,-0.0030619419703725725,0.03739680545436386,-0.0435206893960185
2017-09-09,7084.103272971877,700.6409330740582,711.2956128696965,-0.0033160652901642607,0.04505408552302015,-0.05168621610266655
2017-09-10,7084.10030364031,700.6826273896526,711.2479798909669,-0.0029693315673284815,0.041694315594327236,-0.04763297872955263
2017-09-11,7084.099027317455,700.7288682755553,711.1991863593531,-0.0012763228551193606,0.046240885902761875,-0.048793531613796404
2017-09-12,7084.097004148412,700.7815778100916,711.1424304867322,-0.002023169042331574,0.05270953453623406,-0.05675587262089721
2017-09-13,7084.09474865798,700.8173221692363,711.1021751467223,-0.00225549043261708,0.035744359144700866,-0.040255340009935026
2017-09-14,7084.093303176552,700.8624397386069,711.0541666144969,-0.0014454814281634754,0.04511756937063183,-0.04800853222536716
2017-09-15,7084.0914152203,700.8958824928593,711.0169479477419,-0.001887956251266587,0.03344275425240539,-0.037218666755052254
2017-09-16,7084.089980937443,700.9382320071929,710.971729867693,-0.001434282857189828,0.04234951433363676,-0.045218080048812226
2017-09-17,7084.088389029186,700.9784847464686,710.9282933119028,-0.001591908257069008,0.04025273927561557,-0.04343655579020833
2017-09-18,7084.086957316876,701.0111927513171,710.8927218824336,-0.001431712310477451,0.032708004848586825,-0.035571429469200666
2017-09-19,7084.085387242519,701.0463897352768,710.8543847497601,-0.001570074357005069,0.03519698395962223,-0.03833713267351868
2017-09-20,7084.0838815529205,701.0810635406523,710.8166995651873,-0.0015056895981615526,0.034673805375518896,-0.03768518457286518
2017-09-21,7084.082556524858,701.1117706214874,710.7833424282265,-0.0013250280626380118,0.030707080835099987,-0.03335713696071707
2017-09-22,7084.081396902559,701.1433701258086,710.7494236793104,-0.0011596222984735505,0.03159950432120695,-0.03391874891610769
2017-09-23,7084.0799732309015,701.1716928090219,710.7182536527807,-0.0014236716579034692,0.02832268321333231,-0.031170026529707684
2017-09-24,7084.078598472565,701.1979505405479,710.6892464045818,-0.0013747583361691795,0.02625773152601596,-0.029007248198922753
2017-09-25,7084.076853637792,701.224567882535,710.6591393930471,-0.0017448347734898562,0.02661734198704835,-0.030107011534710182
2017-09-26,7084.075211189396,701.2494921556012,710.6309302231923,-0.0016424483956143376,0.024924273066176283,-0.02820916985479016
2017-09-27,7084.0731608129245,701.2607633194996,710.6155583063493,-0.0020503764717432205,0.01127116389841376,-0.01537191684303707
2017-09-28,7084.070102356754,701.2719625513936,710.5982421621145,-0.003058456170037971,0.011199231894011064,-0.017316144234769126
2017-09-29,7084.0675868561175,701.2845610021268,710.5806127101087,-0.0025155006369459443,0.012598450733207756,-0.01762945200584909
2017-09-30,7084.065375305905,701.3000891338211,710.5606614779884,-0.0022115502124506747,0.01552813169428191,-0.01995123212020644
2017-10-01,7084.063004118215,701.3098075663605,710.5462006700695,-0.002371187690187071,0.009718432539443711,-0.014460807918908358
2017-10-02,7084.060977853656,701.3142207887134,710.5377349185999,-0.0020262645584807615,0.004413222352923185,-0.008465751469657334
2017-10-03,7084.059198196076,701.3212476413064,710.5271487508456,-0.0017796575803004089,0.007026852592957766,-0.010586167754240705
2017-10-04,7084.056908221039,701.3254478928503,710.518368549227,-0.0022899750374563155,0.0042002515439207855,-0.008780201618606043
2017-10-05,7084.054945724473,701.3258082100854,710.5140832388591,-0.0019624965652838,0.00036031723504947877,-0.0042853103678908155
2017-10-06,7084.053085228997,701.3106161798322,710.5255542781595,-0.0018604954766487936,-0.015192030253160738,0.011471039300317898
2017-10-07,7084.051049626012,701.299620571505,710.5324786805197,-0.002035602984506113,-0.010995608327220907,0.006924402360255044
2017-10-08,7084.049078990796,701.286334207388,710.541823774204,-0.001970635215911898,-0.013286364116993354,0.009345093684260064
2017-10-09,7084.047287666339,701.2751696799386,710.5494056527385,-0.0017913244573719567,-0.011164527449409434,0.007581878534551834
2017-10-10,7084.045578855203,701.256836377448,710.5643213329558,-0.0017088111362681957,-0.018333302490532333,0.01491568021731382
2017-10-11,7084.043835451875,701.2393026271171,710.5783682766317,-0.001743403327964188,-0.017533750330926523,0.014046943675907642
2017-10-12,7084.04180958545,701.2194701044999,710.5941490663993,-0.0020258664244465763,-0.01983252261720736,0.0157807897675184
2017-10-13,7084.040007349417,701.1928131413044,710.6172015575299,-0.0018022360336544807,-0.026656963195478056,0.023052491130670205
2017-10-14,7084.038375468567,701.1674259572701,710.639324979864,-0.0016318808493451797,-0.02538718403434359,0.022123422334061615
2017-10-15,7084.036924228471,701.1369123616199,710.6669360953235,-0.0014512400957755744,-0.030513595650177194,0.02761111545953554
2017-10-16,7084.035294601195,701.105301491851,710.69528771054,-0.0016296272760882857,-0.031610869768883276,0.02835161521647933
2017-10-17,7084.033324819581,701.0717809207889,710.7248687183727,-0.0019697816142070224,-0.03352057106212669,0.029581007832689465
2017-10-18,7084.031885551748,701.0417761705255,710.7519949329705,-0.0014392678331205389,-0.030004750263401547,0.02712621459784259
2017-10-19,7084.030148224015,701.0055951773836,710.7847012706458,-0.0017373277332808357,-0.03618099314189749,0.03270633767522213
2017-10-20,7084.028366394499,700.9666544555606,710.8200783334369,-0.0017818295154938824,-0.03894072182299624,0.03537706279109898
2017-10-21,7084.026937535734,700.9314133724973,710.8524616989704,-0.0014288587653936702,-0.03524108306328344,0.03238336553351928
2017-10-22,7084.025278222801,700.8878307278256,710.8927257177752,-0.0016593129330431111,-0.043582644671687376,0.040264018804805346
2017-10-23,7084.023641788035,700.8450358872359,710.9322476888339,-0.0016364347657145117,-0.04279484058974958,0.03952197105866162
2017-10-24,7084.021621591062,700.8045018436143,710.968741338509,-0.002020196972807753,-0.040534043621619276,0.036493649675094275
2017-10-25,7084.019218574599,700.7589825237151,711.0094546254836,-0.0024030164631767548,-0.04551931989919922,0.0407132869746647
2017-10-26,7084.016853815337,700.7159815128755,711.0477261177961,-0.002364759262491134,-0.04300101083958907,0.03827149231244675
2017-10-27,7084.015044833366,700.6676206703216,711.0924689964096,-0.0018089819704982801,-0.04836084255384776,0.04474287861353332
2017-10-28,7084.013020522616,700.6250284304605,711.131012614772,-0.0020243107501300983,-0.04259223986116467,0.038543618362382404
2017-10-29,7084.011376837923,700.5827055852685,711.1700480905779,-0.0016436846926808357,-0.04232284519196128,0.039035475805917486
2017-10-30,7084.009430221869,700.5333256714658,711.2155347722706,-0.001946616054738115,-0.049379913802681585,0.04548668169275061
2017-10-31,7084.007729456585,700.4893834806643,711.256075432506,-0.0017007652832035092,-0.04394219080154471,0.04054066023536507
2017-11-01,7084.006210039156,700.4400793997569,711.3023406785551,-0.00151941742933559,-0.04930408090740457,0.04626524604907445
2017-11-02,7084.0046524527825,700.3933302622397,711.3459746433257,-0.0015575863735648454,-0.04674913751716758,0.043633964770606326
2017-11-03,7084.003000366634,700.3533659707949,711.3826347624729,-0.0016520861481694737,-0.039964291444789524,0.03666011914720002
2017-11-04,7084.001137579192,700.3078263018236,711.4244488565603,-0.0018627874424055335,-0.04553966897128703,0.041814094087385456
2017-11-05,7083.999010703588,700.2656711962053,711.4623502109717,-0.002126875603607914,-0.0421551056183489,0.03790135441147413
2017-11-06,7083.997452660379,700.2247582730186,711.5001470477397,-0.0015580432091155672,-0.040912923186738226,0.03779683676793866
2017-11-07,7083.9952968460875,700.1785227624031,711.5420709297716,-0.0021558142916546785,-0.046235510615474595,0.041923882031937865
2017-11-08,7083.993087031465,700.1323628609865,711.583811201941,-0.0022098146228017868,-0.04615990141655857,0.04174027216936338
2017-11-09,7083.990812409716,700.0804369536685,711.6311878657638,-0.0022746217482563225,-0.05192590731803648,0.04737666382277439
2017-11-10,7083.989380392311,700.0429792297281,711.6657815548949,-0.0014320174050226342,-0.03745772394040614,0.03459368913115668
2017-11-11,7083.9882877191885,700.0047519897728,711.7018234486023,-0.0010926731229119468,-0.038227239955290315,0.03604189370742006
2017-11-12,7083.986853491744,699.9649615924238,711.7387453910642,-0.0014342274444061331,-0.039790397348951956,0.03692194246184499
2017-11-13,7083.9851070702625,699.9304924796676,711.7697216608572,-0.001746421481584548,-0.03446911275625553,0.030976269792972744
2017-11-14,7083.983576538669,699.900847830956,711.7963052463818,-0.0015305315937439445,-0.02964464871160999,0.026583585524690534
2017-11-15,7083.981812464831,699.8692889836764,711.8243359459855,-0.0017640738378759124,-0.03155884727959801,0.028030699603618814
2017-11-16,7083.979652324545,699.8445775647058,711.8447270843842,-0.002160140285923262,-0.0247114189705826,0.020391138398736075
2017-11-17,7083.978342024875,699.8170164028295,711.8696676469194,-0.0013102996699672076,-0.027561161876292317,0.024940562535221034
2017-11-18,7083.9762784121185,699.784559969556,711.8979968546809,-0.002063612756501243,-0.032456433273523544,0.028329207761430553
2017-11-19,7083.97526288323,699.760897337202,711.9196284292584,-0.0010155288882742752,-0.023662632353989466,0.021631574577554602
2017-11-20,7083.97366174795,699.7276283088485,711.9496951870525,-0.001601135279997834,-0.03326902835351575,0.030066757794088517
2017-11-21,7083.971404219433,699.7061653710264,711.9666430678392,-0.0022575285174752935,-0.02146293782209341,0.016947880786688074
2017-11-22,7083.969661113175,699.684469755326,711.9848524710224,-0.0017431062578907586,-0.021695615700423332,0.018209403183163886
2017-11-23,7083.967750869164,699.6760744968832,711.9894272414441,-0.0019102440110145835,-0.008395258442760678,0.0045747704217546925
2017-11-24,7083.966011315116,699.6630031415958,711.9990194886348,-0.0017395540480720229,-0.013071355287365805,0.009592247190653325
2017-11-25,7083.964227876194,699.6496541753188,712.0088015770688,-0.0017834389218478464,-0.013348966277021646,0.009782088434008074
2017-11-26,7083.962266284443,699.6317360974314,712.022796471455,-0.0019615917508417624,-0.017918077887429718,0.01399489438620094
2017-11-27,7083.960566636437,699.6222741179079,712.0288591549651,-0.001699648006251664,-0.00946197952350758,0.006062683510094757
2017-11-28,7083.9589898847125,699.6076793417276,712.0403004276968,-0.0015767517243148177,-0.014594776180274494,0.011441272731758545
2017-11-29,7083.957404351383,699.5941222507845,712.0506864519797,-0.001585533329489408,-0.013557090943095318,0.010386024282865947
2017-11-30,7083.956125699108,699.5892718482729,712.0529795499435,-0.0012786522747774143,-0.004850402511578977,0.002293097963843138
2017-12-01,7083.954305597411,699.5827614034517,712.0558497913696,-0.0018201016973762307,-0.006510444821174133,0.002870241426080611
2017-12-02,7083.952965414761,699.58266886871,712.0532619608119,-0.001340182649983035,-9.253474172510323e-05,-0.0025878305576725324
2017-12-03,7083.951599392331,699.579464461195,712.0537343234676,-0.0013660224294653744,-0.0032044075149997298,0.0004723626556142335
2017-12-04,7083.950432950263,699.5945098633475,712.0363560371778,-0.0011664420680972398,0.015045402152509268,-0.01737828628972693
2017-12-05,7083.949222332764,699.5995537057463,712.0288909597828,-0.0012106174990549334,0.0050438423987770875,-0.007465077395067965
2017-12-06,7083.947629177146,699.6056466835198,712.0196116707722,-0.0015931556181385531,0.006092977773505481,-0.009279289010578395
2017-12-07,7083.946439325687,699.6172037057439,712.0056749456285,-0.0011898514594577136,0.01155702222411037,-0.013936725143707918
2017-12-08,7083.9449979365545,699.6265157394668,711.9934801336416,-0.0014413891321964911,0.009312033722835622,-0.012194811986887544
2017-12-09,7083.9439033920335,699.6393367735403,711.9784700105264,-0.0010945445210381877,0.012821034073567716,-0.015010123115189344
2017-12-10,7083.942435864341,699.651378916716,711.9634928119651,-0.0014675276925117942,0.012042143175676756,-0.014977198561268779
2017-12-11,7083.940985519818,699.6673585393191,711.9446125003174,-0.0014503445227092016,0.015979622603140342,-0.018880311647762937
2017-12-12,7083.939331027676,699.6821286496781,711.9265334056743,-0.0016544921418244485,0.014770110358995225,-0.01807909464309887
2017-12-13,7083.937801675907,699.7042894594977,711.9013138923162,-0.001529351769022469,0.02216080981952473,-0.025219513358024415
2017-12-14,7083.936238387146,699.7264419139282,711.876034860362,-0.0015632887616447988,0.02215245443051117,-0.025279031954255515
2017-12-15,7083.93510507872,699.7487553006612,711.8514548567787,-0.001133308425778523,0.022313386733003426,-0.024580003583309917
2017-12-16,7083.9339629729575,699.7748458982987,711.8230800476161,-0.00114210576248297,0.026090597637562496,-0.028374809162528436
2017-12-17,7083.932759277962,699.7997516287729,711.7957669271495,-0.001203694995638216,0.024905730474188204,-0.027313120466601504
2017-12-18,7083.931077352775,699.8283916758647,711.7637630296857,-0.0016819251868582796,0.02864004709181245,-0.032003897463823705
2017-12-19,7083.929608119094,699.8588488298057,711.7303674083838,-0.0014692336808366235,0.030457153940915305,-0.03339562130190643
2017-12-20,7083.928519049302,699.8908908473699,711.6961472512336,-0.0010890697922150139,0.032042017564208436,-0.03422015715023008
2017-12-21,7083.927129076949,699.9230018120656,711.6612563418313,-0.0013899723526265007,0.032110964695789335,-0.03489090940229289
2017-12-22,7083.925671240068,699.9538007893993,711.6275416907368,-0.0014578368809452513,0.030798977333688526,-0.03371465109444216
2017-12-23,7083.924244218157,699.986278030348,711.5922104059667,-0.001427021911695192,0.03247724094865134,-0.03533128477010905
2017-12-24,7083.922752660884,700.0232968101864,711.552208511581,-0.0014915572728568804,0.03701877983837676,-0.04000189438579582
2017-12-25,7083.921119688857,700.0612257170006,711.5110136607138,-0.0016329720265275682,0.03792890681427252,-0.041194850867100286
2017-12-26,7083.919797571477,700.0995118415253,711.4700833014285,-0.0013221173803685815,0.0382861245246886,-0.04093035928531208
2017-12-27,7083.918678159544,700.1365567010396,711.4307996180471,-0.0011194119333595154,0.0370448595142534,-0.03928368338142718
2017-12-28,7083.917408425114,700.1765235312153,711.3882933190124,-0.0012697344291154877,0.03996683017567193,-0.042506299034698714
2017-12-29,7083.916182340271,700.2177819546033,711.3445827259378,-0.0012260848434380023,0.04125842338805796,-0.04371059307459291
2017-12-30,7083.9148122100005,700.2580643143441,711.3015601056571,-0.0013701302705158014,0.04028235974078598,-0.04302262028068071
2017-12-31,7083.91338523358,700.3025857123378,711.2541847548229,-0.0014269764205891988,0.044521397993662504,-0.04737535083427247
2018-01-01,7083.911919225644,700.3438116413325,711.2100268099547,-0.0014660079359600786,0.04122592899477695,-0.044157944868175036
2018-01-02,7083.9106346848575,700.3856948540483,711.1655745156655,-0.001284540786400612,0.04188321271578843,-0.04445229428915809
2018-01-03,7083.909611360214,700.4251946650134,711.1240280554127,-0.0010233246439383947,0.03949981096502597,-0.041546460252789075
2018-01-04,7083.908878181085,700.4632251172113,711.0845312449593,-0.0007331791284741485,0.03803045219797241,-0.03949681045344278
2018-01-05,7083.908035727852,700.5084401697161,711.0376312859867,-0.0008424532334174728,0.04521505250477276,-0.046899958972630884
2018-01-06,7083.907100404593,700.5534619887902,710.9907388203961,-0.0009353232590001426,0.045021819074122504,-0.046892465590531174
2018-01-07,7083.905939371419,700.5992818268361,710.9425969160011,-0.0011610331739575486,0.04581983804587253,-0.04814190439503818
2018-01-08,7083.90490186911,700.6366073031829,710.9031964350381,-0.001037502308463445,0.037325476346836695,-0.03940048096296778
2018-01-09,7083.9034888515625,700.6730260590186,710.8639516441056,-0.001413017547747586,0.036418755835711636,-0.03924479093257105
2018-01-10,7083.902426490294,700.7122095538161,710.8226434267707,-0.001062361268850509,0.0391834947974985,-0.041308217334858455
2018-01-11,7083.901290769989,700.751477085159,710.7811044548193,-0.001135720304773713,0.0392675313428299,-0.04153897195135414
2018-01-12,7083.900218610587,700.7876518776279,710.7427853435461,-0.0010721594017013558,0.036174792468955275,-0.03831911127326748
2018-01-13,7083.899204317718,700.8229790728889,710.7054295625456,-0.001014292869513156,0.03532719526094752,-0.03735578100042858
2018-01-14,7083.898255186255,700.8525421186921,710.6739682538177,-0.0009491314631304704,0.029563045803229215,-0.03146130872789854
2018-01-15,7083.897189010905,700.8916392196126,710.6327388021958,-0.0010661753494787263,0.039097100920457706,-0.04122945162191627
2018-01-16,7083.8962471257855,700.9234380386389,710.599056212932,-0.0009418851195732714,0.03179881902633497,-0.03368258926377621
2018-01-17,7083.895235710997,700.9586536121191,710.5618178098754,-0.0010114147880813107,0.03521557348017268,-0.03723840305667636
2018-01-18,7083.894093534087,700.9821069243877,710.5360801437864,-0.0011421769104345003,0.0234533122686571,-0.025737666088957667
2018-01-19,7083.893055544512,701.0023150358962,710.5137960531277,-0.0010379895747973933,0.02020811150850932,-0.02228409065867254
2018-01-20,7083.892006693226,701.0218846957837,710.4921286906673,-0.0010488512862139032,0.019569659887451962,-0.021667362460448203
2018-01-21,7083.890797876975,701.0412544645606,710.4703412893882,-0.001208816251164535,0.019369768776869023,-0.021787401279084406
2018-01-22,7083.889807327547,701.0578705716789,710.451744083414,-0.0009905494280246785,0.016616107118352375,-0.018597205974174358
2018-01-23,7083.888915721467,701.0688593898831,710.4389720530515,-0.0008916060796764214,0.010988818204168638,-0.012772030362498299
2018-01-24,7083.887979923241,701.081766765285,710.4241930811962,-0.0009357982262372389,0.012907375401937315,-0.014778971855321288
2018-01-25,7083.887042031668,701.0915527467146,710.4125313166202,-0.0009378915729030268,0.009785981429558888,-0.011661764576047062
2018-01-26,7083.885866204296,701.1013336023751,710.4003988062168,-0.0011758273722080048,0.009780855660551424,-0.012132510403375818
2018-01-27,7083.884605482038,701.1112723023074,710.3879386617672,-0.001260722257939051,0.009938699932263262,-0.012460144449619293
2018-01-28,7083.883446493496,701.1136821166315,710.3832108703606,-0.001158988541646977,0.00240981432409626,-0.004727791406594406
2018-01-29,7083.882221944347,701.1158739697114,710.3785699189832,-0.0012245491489011329,0.002191853079921202,-0.004640951377382407
2018-01-30,7083.881220666655,701.1155124681749,710.3769288651343,-0.0010012776920120814,-0.00036150153653125017,-0.0016410538488571547
2018-01-31,7083.880356238623,701.1042796222666,710.386432854979,-0.0008644280324006104,-0.011232845908239142,0.009503989844688476
2018-02-01,7083.87974802773,701.0952209394201,710.394275116039,-0.0006082108930058894,-0.00905868284655753,0.007842261059977318
2018-02-02,7083.87889236734,701.0857596220176,710.4020251126622,-0.0008556603897886816,-0.009461317402497116,0.007749996623147126
2018-02-03,7083.878118917503,701.0700322309758,710.416205604029,-0.0007734498367426568,-0.01572739104176435,0.014180491366801107
2018-02-04,7083.87705995153,701.0502468949913,710.433873008069,-0.0010589659732431755,-0.019785335984465746,0.017667404040025758
2018-02-05,7083.875988166287,701.0341912931012,710.447785039473,-0.001071785242857004,-0.016055601890116122,0.013912031404061054
2018-02-06,7083.874772380364,701.0157183451134,710.4638264156157,-0.001215785922795476,-0.018472947987788757,0.016041376142652553
2018-02-07,7083.873704634183,700.9927415033311,710.484667765035,-0.001067746181433904,-0.022976841782337942,0.020841349419356447
2018-02-08,7083.872702783653,700.9708115436416,710.5045940236627,-0.0010018505299740355,-0.021929959689487077,0.01992625862760633
2018-02-09,7083.871638708756,700.9420343818007,710.5312430357118,-0.0010640748969308333,-0.02877716184093515,0.026649012049119847
2018-02-10,7083.870895007004,700.9119781255026,710.5598118885055,-0.0007437017520715017,-0.030056256298053086,0.02856885279368271
2018-02-11,7083.870008387181,700.877996670486,710.5920201038756,-0.0008866198231771705,-0.0339814550166011,0.032208215370133075
2018-02-12,7083.868968307554,700.842021045276,710.6259155698299,-0.0010400796272733714,-0.03597562520997144,0.03389546595428783
2018-02-13,7083.867993318345,700.8077717756366,710.6582148610527,-0.0009749892087711487,-0.034249269639417435,0.03229929122278463
2018-02-14,7083.866834431632,700.7730620222154,710.6906068410482,-0.001158886712801177,-0.03470975342122529,0.032391979995509246
2018-02-15,7083.865550345446,700.7359010728072,710.725199618083,-0.0012840861863878672,-0.03716094940818948,0.03459277703484531
2018-02-16,7083.86437601392,700.6978074918791,710.7609445359606,-0.0011743315253625042,-0.038093580928148185,0.035744917877536864
2018-02-17,7083.863493321384,700.6578582924337,710.7991283503352,-0.0008826925359244342,-0.039949199445345585,0.038183814374633585
2018-02-18,7083.86239520562,700.6162027829015,710.8385876283382,-0.001098115764762042,-0.04165550953223374,0.03945927800305071
2018-02-19,7083.861398819654,700.573957916045,710.8788397232626,-0.0009963859656636487,-0.04224486685654938,0.04025209492431259
2018-02-20,7083.860263411364,700.5278136532468,710.9227131694812,-0.001135408289883344,-0.046144262798179625,0.04387344621864031
2018-02-21,7083.8591855314635,700.4835209194989,710.9648501434274,-0.0010778799005493056,-0.04429273374785225,0.04213697394618521
2018-02-22,7083.858123924617,700.441903678524,711.0043441707094,-0.0010616068466333672,-0.04161724097491515,0.039494027281989474
2018-02-23,7083.856924493139,700.3946484064239,711.0492005798533,-0.001199431478198676,-0.04725527210007385,0.044856409143903875
2018-02-24,7083.855725785918,700.3527359236741,711.0887156481633,-0.001198707220282813,-0.04191248274980808,0.03951506831003826
2018-02-25,7083.8543595394585,700.3017133282272,711.1370057506905,-0.001366246459838294,-0.05102259544696608,0.048290102527175804
2018-02-26,7083.853275392103,700.2565286277278,711.1800221564764,-0.001084147355868481,-0.04518470049936241,0.04301640578592014
2018-02-27,7083.852155638783,700.2113211598373,711.222990117727,-0.0011197533194717835,-0.045207467890463704,0.04296796125061064
2018-02-28,7083.851161382399,700.155782550702,711.2765402140977,-0.0009942563838194474,-0.05553860913528297,0.05355009637071362
2018-03-01,7083.85021449958,700.1124643970915,711.3179646020671,-0.00094688281933486,-0.043318153610584886,0.041424387969414056
2018-03-02,7083.849367987315,700.0705983586098,711.3581376160222,-0.0008465122646157397,-0.0418660384816576,0.040173013955040915
2018-03-03,7083.848327266359,700.0261282716873,711.4005262610299,-0.001040720956552832,-0.04447008692250165,0.042388645007690684
2018-03-04,7083.847071996669,699.9796972149428,711.444446778395,-0.0012552696898637805,-0.046431056744495436,0.043920517365108935
2018-03-05,7083.845839629487,699.9392142737516,711.4824649852231,-0.0012323671817284776,-0.040482941191157806,0.0380182068281556
2018-03-06,7083.84460331493,699.9000838616482,711.5191227682112,-0.001236314556990692,-0.039130412103418166,0.03665778298807254
2018-03-07,7083.84351049221,699.8605855790513,711.5564354053687,-0.0010928227202384733,-0.03949828259692367,0.03731263715746991
2018-03-08,7083.842483844875,699.8156404035652,711.5993272861845,-0.0010266473354931804,-0.04494517548607746,0.04289188081577322
2018-03-09,7083.84157258068,699.7848108486454,711.6283343127153,-0.0009112641946558142,-0.030829554919819202,0.029007026530848634
2018-03-10,7083.8405735176475,699.7491421683935,711.6620048669022,-0.0009990630323954974,-0.03566868025188796,0.033670554186869595
2018-03-11,7083.839512787672,699.71496853567,711.6940570396741,-0.001060729975506547,-0.034173632723536684,0.032052172771955156
2018-03-12,7083.83830620092,699.6818468116154,711.7247655902244,-0.001206586752232397,-0.033121724054581136,0.03070855055023003
2018-03-13,7083.837058164443,699.648275896593,711.7558404322931,-0.001248036476681591,-0.033570915022437475,0.031074842068733233
2018-03-14,7083.835658687277,699.6183435703258,711.7829738042271,-0.001399477166160068,-0.029932326267157805,0.02713337193404186
2018-03-15,7083.83426279301,699.5880352140498,711.8104903719685,-0.0013958942672616104,-0.030308356276009363,0.027516567741372455
2018-03-16,7083.832923045565,699.5625485890567,711.8332975020726,-0.0013397474449448055,-0.0254866249930501,0.022807130104069984
2018-03-17,7083.831497819974,699.5369687858671,711.8560268540814,-0.0014252255905375932,-0.02557980318965747,0.022729352008809656
2018-03-18,7083.830318748846,699.5123935596149,711.8782439380765,-0.001179071127808129,-0.024575226252181892,0.022217083995087705
2018-03-19,7083.828902124173,699.487240163294,711.9005640850505,-0.0014166246737659094,-0.025153396320888533,0.022320146974038835
2018-03-20,7083.8276902654625,699.4637783938767,711.9216021370469,-0.0012118587101213052,-0.023461769417281175,0.021038051996356444
2018-03-21,7083.826293308782,699.4456831332473,711.9369034843158,-0.0013969566807645606,-0.018095260629479526,0.015301347268973586
2018-03-22,7083.824969600855,699.4342437702011,711.9456954315096,-0.0013237079265309148,-0.011439363046179096,0.008791947193799388
2018-03-23,7083.823532044468,699.4267968243637,711.9502672645722,-0.0014375563869180041,-0.00744694583738692,0.00457183306252773
2018-03-24,7083.822083310638,699.4118580493608,711.9623085719147,-0.0014487338303297292,-0.014938775002860893,0.012041307342542495
2018-03-25,7083.820549816847,699.4028098265277,711.9682898071661,-0.001533493790702778,-0.009048222833143882,0.0059812352513972655
2018-03-26,7083.819298978522,699.3956386101969,711.972959346846,-0.0012508383251770283,-0.007171216330789321,0.00466953967986683
2018-03-27,7083.81799401516,699.3854798184799,711.9805082118388,-0.0013049633616901701,-0.010158791717003623,0.007548864992827475
2018-03-28,7083.816904352222,699.3865162693244,711.9772924351192,-0.0010896629382841638,0.0010364508444808962,-0.003215776719571295
2018-03-29,7083.815726864665,699.3826309780549,711.9788227512735,-0.0011774875574701582,-0.0038852912695119812,0.0015303161542306043
2018-03-30,7083.814534839213,699.3824265258211,711.9766431526045,-0.0011920254519282025,-0.00020445223378828814,-0.0021795986689312485
2018-03-31,7083.813298340999,699.3832198232028,711.9733768587954,-0.001236498213984305,0.0007932973817332822,-0.003266293809133458
2018-04-01,7083.8120697686645,699.3810718419328,711.9730676953957,-0.0012285723341847188,-0.002147981270013588,-0.00030916339972009155
2018-04-02,7083.810782470478,699.3897778915906,711.9617870493653,-0.0012872981860709842,0.008706049657803305,-0.011280646030400021
2018-04-03,7083.809523759306,699.3998595570505,711.9491879615612,-0.0012587111723405542,0.010081665459892974,-0.012599087804119335
2018-04-04,7083.808286635092,699.407874344599,711.9386989255844,-0.0012371242137305671,0.008014787548518143,-0.010489035976775085
2018-04-05,7083.807134387043,699.4243515993772,711.9199171747081,-0.0011522480490384623,0.016477254778237693,-0.018781750876314618
2018-04-06,7083.806002680567,699.4391388006148,711.9028665605183,-0.001131706476371619,0.014787201237595582,-0.017050614189770386
2018-04-07,7083.804962278574,699.4587172458334,711.8812073113137,-0.0010404019931229413,0.019578445218598972,-0.02165924920461748
2018-04-08,7083.80397955418,699.4851710155618,711.8527880927983,-0.0009827243939071195,0.026453769728391308,-0.02841921851540974
2018-04-09,7083.802744291061,699.5036000681989,711.8318885139221,-0.0012352631192698027,0.018429052637088716,-0.020899578876196756
2018-04-10,7083.801313525517,699.5225170043394,711.8101100466953,-0.0014307655437733047,0.018916936140499274,-0.02177846722679533
2018-04-11,7083.799775640938,699.5348654731127,711.7946858087624,-0.0015378845791929052,0.012348468773325294,-0.015424237932847973
2018-04-12,7083.798148447088,699.5657121416314,711.7605847525455,-0.0016271938493446214,0.03084666851862039,-0.03410105621696857
2018-04-13,7083.7966519121655,699.5864124763917,711.7368913479395,-0.0014965349228077685,0.020700334760363148,-0.023693404605978685
2018-04-14,7083.795328229724,699.6203885183958,711.7002679410524,-0.0013236824415798765,0.03397604200404203,-0.036623406887088095
2018-04-15,7083.794018278397,699.6490024866472,711.6690340701452,-0.0013099513271299656,0.028613968251420374,-0.031233870907158234
2018-04-16,7083.7928517106575,699.6804758559125,711.6352275654012,-0.0011665677393466467,0.03147336926531352,-0.033806504744006816
2018-04-17,7083.791711310916,699.7116378287138,711.601784793117,-0.0011403997414163314,0.031161972801328375,-0.033442772284274724
2018-04-18,7083.790412239232,699.7495252442727,711.5612992341911,-0.0012990716841159156,0.03788741555888464,-0.04048555892586592
2018-04-19,7083.78899073273,699.7894770514196,711.5185044140408,-0.0014215065020835027,0.039951807146849205,-0.04279482015033409
2018-04-20,7083.787522745927,699.8266276705425,711.4784178213127,-0.001467986802708765,0.03715061912294004,-0.04008659272801651
2018-04-21,7083.785619283942,699.8655441370853,711.4356944307982,-0.0019034619854210177,0.03891646654278702,-0.04272339051453855
2018-04-22,7083.784006459639,699.9047294780355,711.393283441243,-0.0016128243023558753,0.03918534095021187,-0.04241098955515099
2018-04-23,7083.782821907915,699.9468461695086,711.3487976463189,-0.0011845517246911186,0.04211669147309749,-0.04448579492418503
2018-04-24,7083.781638217894,699.9919340205296,711.3013424152587,-0.001183690020297945,0.04508785102098045,-0.0474552310602121
2018-04-25,7083.7803333089205,700.0353081152693,711.2553585025713,-0.0013049089739070041,0.04337409473976095,-0.04598391268734758
2018-04-26,7083.779036816869,700.0792092903266,711.2088643434115,-0.0012964920515514677,0.04390117505727176,-0.04649415915980626
2018-04-27,7083.777638671206,700.1253575854291,711.1599197569811,-0.0013981456631881883,0.04614829510251184,-0.048944586430366144
2018-04-28,7083.776334731507,700.1693045058973,711.1133649571159,-0.0013039396990279783,0.04394692046821547,-0.04655479986524824
2018-04-29,7083.775110128258,700.2152524088668,711.0649678476498,-0.0012246032483744784,0.045947902969487586,-0.048397109466122856
2018-04-30,7083.773791031205,700.2582184507859,711.019363611626,-0.0013190970530558843,0.04296604191904407,-0.0456042360237916
2018-05-01,7083.772669992793,700.3012810910998,710.9740588944865,-0.0011210384118385264,0.04306264031390583,-0.04530471713951556
2018-05-02,7083.771362340068,700.350329801726,710.9223948784087,-0.0013076527256998816,0.049048710626266256,-0.051664016077779706
2018-05-03,7083.770427665339,700.3973660267936,710.8734893038844,-0.0009346747283416335,0.0470362250675862,-0.04890557452426947
2018-05-04,7083.769566014324,700.4437575801322,710.8253744485153,-0.0008616510158390156,0.04639155333859435,-0.04811485536913551
2018-05-05,7083.768533096935,700.4911474005686,710.7759187933011,-0.0010329173883292242,0.04738982043636497,-0.04945565521416029
2018-05-06,7083.767310854151,700.5359382260905,710.7286834822107,-0.0012222427840242744,0.04479082552188629,-0.04723531109038959
2018-05-07,7083.765891787764,700.5855042343239,710.6762793412049,-0.0014190663869158016,0.04956600823345525,-0.052404141005808924
2018-05-08,7083.7643420701115,700.6348042873776,710.6238798528448,-0.0015497176527787815,0.04930005305368468,-0.052399488360151736
2018-05-09,7083.762861398438,700.6757140579585,710.5800087389184,-0.0014806716735620284,0.04090977058092449,-0.04387111392634324
2018-05-10,7083.761416759686,700.7172455538089,710.5355879655625,-0.0014446387522184523,0.04153149585033589,-0.04442077335590966
2018-05-11,7083.759899554907,700.7523716852747,710.497427424538,-0.0015172047787928022,0.035126131465858634,-0.03816054102446742
2018-05-12,7083.758368698038,700.786367110723,710.460370285352,-0.0015308568690670654,0.03399542544821088,-0.03705713918600395
2018-05-13,7083.757036292545,700.824000978521,710.420071606569,-0.001332405492576072,0.03763386779803568,-0.04029867878307414
2018-05-14,7083.755679373239,700.8595323322392,710.3818264142386,-0.0013569193060902762,0.03553135371817007,-0.03824519233035062
2018-05-15,7083.754334131214,700.8923406934553,710.3463275689717,-0.0013452420253088349,0.03280836121609809,-0.035498845266943135
2018-05-16,7083.752951035414,700.9159075080089,710.3199945628196,-0.0013830957996106008,0.02356681455364651,-0.026333006152071903
2018-05-17,7083.751607989253,700.9441681871544,710.2890477913506,-0.0013430461613097577,0.02826067914554642,-0.030946771468961742
2018-05-18,7083.750117557071,700.9681486217938,710.262086492347,-0.0014904321824360522,0.02398043463938393,-0.0269612990036876
2018-05-19,7083.748724878266,700.9912914987162,710.2361582578152,-0.001392678804222669,0.023142876922406685,-0.025928234531761518
2018-05-20,7083.747648764384,701.0164274453562,710.2088700834126,-0.0010761138819361804,0.025135946639920803,-0.02728817440254261
2018-05-21,7083.74652070731,701.0349311288063,710.1881102858138,-0.001128057074311073,0.018503683450148856,-0.02075979759888469
2018-05-22,7083.745550780924,701.0514221575363,710.1696794043095,-0.0009699263864604291,0.016491028730001744,-0.018430881504286845
2018-05-23,7083.744468179383,701.057938174904,710.1609981838604,-0.0010826015404745704,0.006516017367744098,-0.0086812204490343
2018-05-24,7083.74330832455,701.0683372382439,710.148279410855,-0.0011598548335314263,0.010399063339832537,-0.01271877300541746
2018-05-25,7083.742173497783,701.073911909468,710.1404350860971,-0.001134826766246988,0.005574671224167105,-0.007844324757911636
2018-05-26,7083.740905859291,701.0756837486737,710.1361279699072,-0.001267638492208789,0.0017718392056167431,-0.0043071161899206345
2018-05-27,7083.7395817889765,701.0755521493195,710.1336114286343,-0.0013240703146948363,-0.00013159935417661472,-0.002516541272939321
2018-05-28,7083.738406805771,701.077031098922,710.1297825126193,-0.0011749832056011655,0.0014789496025287008,-0.003828916014981587
2018-05-29,7083.737224261623,701.0708610060398,710.1335875172061,-0.0011825441479231813,-0.00617009288225745,0.0038050045868658344
2018-05-30,7083.7361266979915,701.0669373382552,710.1353160577261,-0.0010975636314469739,-0.003923667784533791,0.0017285405199345405
2018-05-31,7083.735221425925,701.0562430223725,710.1441998294769,-0.0009052720661202329,-0.010694315882687988,0.008883771750788583
2018-06-01,7083.7341516829,701.0391184200554,710.1591849457458,-0.0010697430252548656,-0.017124602317153403,0.014985116268917409
2018-06-02,7083.732750204243,701.0163133152803,710.1791870932052,-0.0014014786574989557,-0.022805104775102336,0.020002147459422304
2018-06-03,7083.7316422238755,700.9940203345861,710.1992641131649,-0.0011079803671236732,-0.022292980694146536,0.020077019959671816
2018-06-04,7083.730407637719,700.9713277459946,710.219487529443,-0.0012345861568974215,-0.02269258859155343,0.02022341627809965
2018-06-05,7083.729080661626,700.9478410718904,710.2403202513599,-0.0013269760929688346,-0.023486674104219674,0.020832721916917762
2018-06-06,7083.7277146118095,700.9230316202742,710.2623976033436,-0.0013660498161698342,-0.024809451616192746,0.02207735198373939
2018-06-07,7083.7264793525255,700.8939992154623,710.2889594895867,-0.0012352592839306453,-0.029032404811914603,0.02656188624303013
2018-06-08,7083.725169911753,700.8623167553377,710.3180230681681,-0.0013094407722746837,-0.03168246012455711,0.029063578581485672
2018-06-09,7083.724142646387,700.8293906618753,710.3488946308978,-0.0010272653662468656,-0.03292609346237896,0.030871562729657853
2018-06-10,7083.723109142645,700.7934445147131,710.3827737705753,-0.0010335037422919413,-0.03594614716223532,0.03387913967753775
2018-06-11,7083.722159026848,700.7575857395198,710.4167323141763,-0.0009501157965132734,-0.035858775193332804,0.03395854360098838
2018-06-12,7083.7211285060785,700.710821381551,710.4614356306057,-0.0010305207697456353,-0.046764357968754666,0.04470331642937708
2018-06-13,7083.719981780926,700.665522246371,710.5044413154798,-0.001146725152466388,-0.04529913518001649,0.043005684874060535
2018-06-14,7083.718934130749,700.6233440227652,710.5445242387333,-0.001047650176587922,-0.042178223605787935,0.040082923253521585
2018-06-15,7083.7179502125055,700.5723277381184,710.5935726868936,-0.0009839182439463912,-0.05101628464683472,0.04904844816030618
2018-06-16,7083.71690578659,700.5246013833405,710.6392101898401,-0.0010444259150972357,-0.0477263547778648,0.04563750294653346
2018-06-17,7083.715997132933,700.4817617188902,710.6802325469755,-0.0009086536574614001,-0.04283966445029819,0.04102235713537539
2018-06-18,7083.715236426306,700.4354737777836,710.7249990748284,-0.0007607066272612428,-0.046287941106584185,0.04476652785285751
2018-06-19,7083.714381220861,700.3889548804096,710.7698075613101,-0.0008552054450774449,-0.04651889737397141,0.04480848648177016
2018-06-20,7083.713399656132,700.3405716561682,710.8162276560956,-0.0009815647281357087,-0.04838322424143371,0.04642009478550335
2018-06-21,7083.712415490808,700.2948783115817,710.8599526700331,-0.0009841653245530324,-0.04569334458653884,0.04372501393743278
2018-06-22,7083.711187724063,700.2457330864053,710.9066423617212,-0.00122776674470515,-0.04914522517640307,0.04668969168812964
2018-06-23,7083.709809779455,700.1938796019928,710.9557399569175,-0.0013779446080661728,-0.05185348441250426,0.049097595196258226
2018-06-24,7083.708198762757,700.1393846382864,711.007012887226,-0.0016110166980070062,-0.05449496370636098,0.051272930308527975
2018-06-25,7083.70675730803,700.092195632826,711.0513189832336,-0.0014414547267733724,-0.04718900546038185,0.04430609600763091
2018-06-26,7083.705401545104,700.0464365492094,711.094366540997,-0.001355762926323223,-0.0457590836166446,0.04304755776342972
2018-06-27,7083.704146435435,699.9963887609291,711.1419041099409,-0.001255109668818477,-0.050047788280267014,0.047537568943880615
2018-06-28,7083.703079907543,699.9501319629766,711.186027852108,-0.001066527892362501,-0.046256797952537454,0.04412374216713033
2018-06-29,7083.702286740695,699.9007532835595,711.2338201978295,-0.0007931668478704523,-0.04937867941703189,0.04779234572140467
2018-06-30,7083.701249018859,699.8550192896785,711.2774787480398,-0.001037721835928096,-0.04573399388107191,0.04365855021035259
2018-07-01,7083.700198703844,699.808151551644,711.3222458560433,-0.0010503150151635054,-0.046867738034507056,0.044767108003497924
2018-07-02,7083.699209371443,699.7673530199273,711.3610657229591,-0.0009893324004224269,-0.04079853171663217,0.038819866915787316
2018-07-03,7083.698337584002,699.7250085675357,711.4016666004682,-0.0008717874416106497,-0.04234445239160323,0.04060087750906405
2018-07-04,7083.697535427619,699.6850282924892,711.4400425627472,-0.0008021563826332567,-0.039980275046559655,0.038375962279019404
2018-07-05,7083.6968580011735,699.6362710270672,711.4874449752781,-0.0006774264456907986,-0.0487572654219548,0.04740241253091426
2018-07-06,7083.696145010619,699.5998742865239,711.5224157347143,-0.0007129905543479254,-0.03639674054329589,0.034970759436191656
2018-07-07,7083.695556350126,699.5712819129099,711.5498307873403,-0.0005886604931220063,-0.028592373614060307,0.027415052625997305
2018-07-08,7083.694816445915,699.5400663340495,711.5795665577804,-0.0007399042106044362,-0.031215578860383175,0.029735770440083797
2018-07-09,7083.693791346592,699.4990798201903,711.6185028729923,-0.001025099323669565,-0.04098651385913854,0.0389363152119131
2018-07-10,7083.692696189851,699.4698307422057,711.6455616374956,-0.0010951567410302232,-0.029249077984673022,0.027058764503294697
2018-07-11,7083.691616988629,699.4421916805674,711.67104229669,-0.001079201221727999,-0.02763906163829688,0.025480659194386135
2018-07-12,7083.690508939686,699.4153988773339,711.6956190020383,-0.0011080489430241869,-0.026792803233433915,0.024576705348295036
2018-07-13,7083.689512368987,699.3893657487462,711.7196589892278,-0.000996570698589494,-0.026033128587755527,0.024039987189553358
2018-07-14,7083.688415934288,699.3631934083784,711.7436384601972,-0.0010964346993205254,-0.026172340367793367,0.02397947096937969
2018-07-15,7083.687469220543,699.3335550096681,711.771383431416,-0.0009467137451792951,-0.029638398710289948,0.02774497121879449
2018-07-16,7083.686593710456,699.3118428610137,711.7913445598973,-0.0008755100870985189,-0.02171214865438742,0.01996112848132725
2018-07-17,7083.685791347639,699.2907169958453,711.8108656994312,-0.000802362817012181,-0.021125865168414748,0.01952113953393564
2018-07-18,7083.684958310592,699.2737194461823,711.8261971750017,-0.0008330370465046144,-0.01699754966296041,0.015331475570405928
2018-07-19,7083.683833683357,699.2613815373318,711.8362858293815,-0.0011246272351854714,-0.012337908850554413,0.01008865437984241
2018-07-20,7083.683082335258,699.2362723015713,711.8598923689458,-0.000751348098674498,-0.025109235760510273,0.023606539564298146
2018-07-21,7083.681688240505,699.2393780652951,711.8539984157145,-0.0013940947537776083,0.003105763723851851,-0.005893953231293381
2018-07-22,7083.680588615169,699.2347293098213,711.8564479205156,-0.0010996253358825925,-0.004648755473795063,0.0024495048011203835
2018-07-23,7083.679690021456,699.2223754094953,711.8670046334169,-0.0008985937129182275,-0.012353900326047551,0.010556712901234278
2018-07-24,7083.678767524326,699.2140204396304,711.8735146090205,-0.0009224971299772733,-0.008354969864853956,0.006509975603648854
2018-07-25,7083.6780645956405,699.2160077874796,711.8701214038014,-0.0007029286853139638,0.0019873478491945207,-0.0033932052191403272
2018-07-26,7083.677565190732,699.2185463117979,711.8665840696659,-0.0004994049086235464,0.0025385243183109196,-0.0035373341354443255
2018-07-27,7083.676860379088,699.2325594333529,711.8511613248231,-0.0007048116440273589,0.014013121554967256,-0.0154227448427946
2018-07-28,7083.676061617329,699.2337206394322,711.8484025952259,-0.0007987617591425078,0.0011612060793595447,-0.002758729597189813
2018-07-29,7083.675727429984,699.2386711539982,711.8427837059692,-0.00033418734437873354,0.004950514565962294,-0.005618889256766124
2018-07-30,7083.6743689507275,699.248758621109,711.8299792803455,-0.001358479256850842,0.010087467110793114,-0.01280442562369899
2018-07-31,7083.673314850421,699.2629233195379,711.8137063813044,-0.0010541003066464327,0.014164698428885458,-0.016272899041041455
2018-08-01,7083.672394241957,699.273125693135,711.8016627907781,-0.0009206084641846246,0.010202373597053338,-0.012043590526332082
2018-08-02,7083.671493200862,699.2881547950105,711.7848316067132,-0.0009010410949485959,0.015029101875597917,-0.016831184064926674
2018-08-03,7083.670595369557,699.3102164990158,711.7609742400995,-0.0008978313044281094,0.022061704005295724,-0.023857366613697195
2018-08-04,7083.669928095368,699.3248727871243,711.744983403612,-0.0006672741892543854,0.014656288108426452,-0.015990836487503657
2018-08-05,7083.669050318774,699.3500895372408,711.718011100307,-0.0008777765942795668,0.025216750116555886,-0.026972303305001333
2018-08-06,7083.668177003368,699.3855892287888,711.6807647779463,-0.000873315405442554,0.03549969154801147,-0.03724632236071557
2018-08-07,7083.667357173951,699.4152178126941,711.6494965352081,-0.0008198294171961606,0.02962858390526435,-0.03126824273817874
2018-08-08,7083.666412757119,699.4381029189077,711.6247225953307,-0.0009444168317713775,0.022885106213607287,-0.024773939877377416
2018-08-09,7083.665478445956,699.4650395575883,711.5959173343228,-0.0009343111632915679,0.026936638680581382,-0.02880526100784664
2018-08-10,7083.664599976028,699.4948877574823,711.564312194572,-0.0008784699284660746,0.029848199893990568,-0.03160513975080903
2018-08-11,7083.663754977235,699.5301526723534,711.5273572821167,-0.0008449987926724134,0.035264914871163455,-0.036954912455371414
2018-08-12,7083.66286638989,699.565251012421,711.4904817673579,-0.000888587344888947,0.03509834006752044,-0.03687551475877626
2018-08-13,7083.662091741963,699.5998628208363,711.4543206630899,-0.0007746479268462281,0.03461180841532041,-0.036161104267989685
2018-08-14,7083.661405656865,699.6345091803213,711.4183021334071,-0.0006860850980956457,0.03464635948500927,-0.03601852968279218
2018-08-15,7083.660729984521,699.6683584226447,711.383101546397,-0.0006756723441867507,0.03384924232341291,-0.03520058701008111
2018-08-16,7083.659777824418,699.7097773948743,711.3397782539591,-0.0009521601032247418,0.04141897222962143,-0.043323292437889904
2018-08-17,7083.658695115171,699.753147972393,711.2942422579496,-0.0010827092464751331,0.04337057751865814,-0.04553599600956204
2018-08-18,7083.65747019003,699.7979710738687,711.2469693061915,-0.0012249251412868034,0.04482310147568569,-0.04727295175803192
2018-08-19,7083.656375452422,699.8369223236915,711.2058285811526,-0.0010947376076728688,0.03895124982284415,-0.04114072503898569
2018-08-20,7083.65532206727,699.8825678793752,711.158076255165,-0.00105338515186304,0.04564555568367723,-0.047752325987517
2018-08-21,7083.654292813756,699.9241401973172,711.114445430195,-0.0010292535143889836,0.04157231794204108,-0.04363082497002324
2018-08-22,7083.6535425480915,699.9703146383838,711.0667704577982,-0.0007502656644646777,0.04617444106656876,-0.04767497239686236
2018-08-23,7083.652775958827,700.0154558737773,711.0200960438768,-0.0007665892644581618,0.045141235393543866,-0.04667441392132332
2018-08-24,7083.6519469020495,700.0619181886906,710.9719756154077,-0.000829056777547521,0.04646231491324215,-0.048120428469133
2018-08-25,7083.65091020267,700.1042030581191,710.9276173472193,-0.0010366993792558787,0.042284869428499405,-0.044358268188375405
2018-08-26,7083.649835794369,700.1541310245763,710.875540564161,-0.0010744083010649774,0.0499279664571759,-0.05207678305828267
2018-08-27,7083.647735326989,700.1979523637482,710.8275182902291,-0.0021004673799325246,0.04382133917192732,-0.04802227393190606
2018-08-28,7083.646707760171,700.2408635567028,710.7825519636389,-0.0010275668182657682,0.04291119295464796,-0.04496632659027
2018-08-29,7083.645253469194,700.2865384485625,710.7339684898266,-0.001454290976653283,0.04567489185967588,-0.048583473812300326
2018-08-30,7083.644530660443,700.3321840111863,710.6868773097001,-0.0007228087515613879,0.045645562623803926,-0.047091180126471954
2018-08-31,7083.643643681538,700.375543471981,710.6417438910952,-0.0008869789044183563,0.04335946079470432,-0.04513341860490527
2018-09-01,7083.6425092605205,700.4101750591599,710.6048434618808,-0.0011344210179231595,0.03463158717886472,-0.03690042921436998
2018-09-02,7083.641501063879,700.453645997981,710.5593561297771,-0.0010081966411235044,0.04347093882108766,-0.045487332103675726
2018-09-03,7083.640572729987,700.4961686149956,710.5149768449799,-0.0009283338922614348,0.042522617014583375,-0.044379284797287255
2018-09-04,7083.639413695103,700.5352868841707,710.4735405060344,-0.001159034884040011,0.039118269175105524,-0.04143633894545928
2018-09-05,7083.638245542592,700.5726820803127,710.433809004871,-0.0011681525111271185,0.03739519614202891,-0.03973150116337365
2018-09-06,7083.637135105065,700.6100516272576,710.3942185828712,-0.0011104375271315803,0.03736954694488759,-0.03959042199983287
2018-09-07,7083.636156910417,700.6414040054451,710.3609098153892,-0.0009781946473594871,0.03135237818753467,-0.03330876748202627
2018-09-08,7083.635254754587,700.6714680515032,710.3290414576703,-0.0009021558307722444,0.030064046058100757,-0.03186835771884944
2018-09-09,7083.634563599639,700.7028056522186,710.2963215470564,-0.0006911549480719259,0.031337600715346525,-0.0327199106138778
2018-09-10,7083.633731352782,700.7343281983801,710.2631345071824,-0.000832246856589336,0.03152254616156824,-0.033187039874064794
2018-09-11,7083.632799528762,700.7636345709141,710.2319644866094,-0.0009318240199718275,0.029306372533937974,-0.031170020572972135
2018-09-12,7083.631446597808,700.7877275138779,710.2051656817382,-0.0013529309544537682,0.02409294296387543,-0.02679880487119135
2018-09-13,7083.630306562802,700.8101284189271,710.1804847066753,-0.0011400350058465847,0.022400905049153153,-0.024680975062892685
2018-09-14,7083.628965667871,700.8286205253648,710.159310810377,-0.0013408949307631701,0.01849210643774768,-0.021173896298364525
2018-09-15,7083.627902072245,700.850263189211,710.1355409552784,-0.0010635956259648083,0.02164266384613711,-0.023769855098521475
2018-09-16,7083.62670022673,700.8660891314291,710.1173113220301,-0.0012018455154247931,0.015825942218157252,-0.018229633248324717
2018-09-17,7083.625659927831,700.8803171507407,710.1010027049215,-0.0010402988982605166,0.01422801931153117,-0.016308617108620638
2018-09-18,7083.624747089393,700.8938913534813,710.0856028253047,-0.0009128384381256183,0.01357420274064225,-0.015399879616779799
2018-09-19,7083.623743554634,700.9026379403251,710.0748491689417,-0.0010035347595476196,0.00874658684381302,-0.010753656363021946
2018-09-20,7083.62278353204,700.9064133657383,710.0691536983402,-0.0009600225939720985,0.003775425413209632,-0.00569547060149489
2018-09-21,7083.621690970478,700.9045782555509,710.0688036854045,-0.0010925615615633433,-0.0018351101874714004,-0.00035001293565528613
2018-09-22,7083.6205542164125,700.9025361704814,710.0685722623437,-0.0011367540655555786,-0.002042085069433597,-0.00023142306088175246
2018-09-23,7083.619246720726,700.8921164982485,710.0763769432034,-0.0013074956868877052,-0.010419672232956145,0.007804680859749169
2018-09-24,7083.617695664381,700.8852481726643,710.0801431560972,-0.001551056344396784,-0.006868325584150625,0.0037662128937654415
2018-09-25,7083.616898951391,700.868355646521,710.0954422562604,-0.0007967129904500325,-0.01689252614335146,0.015299100163247203
2018-09-26,7083.616086625021,700.8573896061447,710.1047836438971,-0.0008123263696688809,-0.010966040376274577,0.009341387636709442
2018-09-27,7083.615126573117,700.8491241742237,710.1111289720088,-0.0009600519042578526,-0.008265431921017807,0.006345328111706294
2018-09-28,7083.614278680189,700.8357125430638,710.1228448173132,-0.0008478929275952396,-0.013411631159897297,0.011715845304365757
2018-09-29,7083.613149309563,700.8146161456568,710.1416824734689,-0.0011293706265860237,-0.021096397406950018,0.018837656155710647
2018-09-30,7083.611982262333,700.7915354252812,710.1624290993855,-0.001167047229500895,-0.02308072037567399,0.020746625916558514
2018-10-01,7083.610808324711,700.767709645147,710.1839070042735,-0.0011739376222976716,-0.02382578013418879,0.02147790488800183
2018-10-02,7083.609504559683,700.7406338312272,710.2083752881393,-0.0013037650278420188,-0.027075813919736902,0.024468283865871854
2018-10-03,7083.608138706009,700.7099715907236,710.2363058212949,-0.0013658536736329552,-0.030662240503602334,0.027930533155540616
2018-10-04,7083.60691309227,700.6810681626122,710.2627580219252,-0.0012256137397343991,-0.028903428111448193,0.026452200630274092
2018-10-05,7083.605905928517,700.6458645888317,710.295947268202,-0.0010071637525470578,-0.035203573780449915,0.03318924627683373
2018-10-06,7083.605005577098,700.6121546591651,710.3278564950315,-0.0009003514187497785,-0.033709929666656535,0.03190922682949804
2018-10-07,7083.603905670574,700.5733971753305,710.3644141658169,-0.0010999065243595396,-0.038757483834615414,0.03655767078544159
2018-10-08,7083.602718688538,700.5335023056145,710.4019350714611,-0.0011869820364154293,-0.0398948697159085,0.03752090564421451
2018-10-09,7083.601449371682,700.4930491109765,710.4398496323886,-0.0012693168555415468,-0.04045319463807573,0.03791456092744738
2018-10-10,7083.6000090522475,700.4492888782922,710.4807292262024,-0.0014403194345504744,-0.043760232684235234,0.04087959381377004
2018-10-11,7083.598608498031,700.4078949947157,710.5193220013462,-0.0014005542161612539,-0.04139388357657481,0.03859277514379755
2018-10-12,7083.59719269718,700.3662921898048,710.5580932045552,-0.001415800851646054,-0.04160280491089452,0.03877120320908034
2018-10-13,7083.5958967909555,700.3237596523345,710.5980339295763,-0.001295906224186183,-0.0425325374702652,0.03994072502109702
2018-10-14,7083.594383289805,700.2775561159756,710.6412104636322,-0.0015135011508391472,-0.04620353635891661,0.04317653405587407
2018-10-15,7083.593079809025,700.2323514349941,710.683808183055,-0.0013034807798248949,-0.045204680981441925,0.04259771942281532
2018-10-16,7083.591951454799,700.1821650791805,710.7317378304158,-0.0011283542262390256,-0.050186355813593764,0.04792964736077465
2018-10-17,7083.590802613579,700.1417249861629,710.7698802409943,-0.001148841219219321,-0.040440093017650725,0.03814241057852996
2018-10-18,7083.589421366378,700.09913518609,710.8097075466659,-0.0013812472016070387,-0.04258980007284663,0.03982730567156523
2018-10-19,7083.588050160593,700.0531307627258,710.852969558462,-0.001371205784380436,-0.046004423364252034,0.043262011796059596
2018-10-20,7083.586649925979,700.0124436966234,710.8908561553337,-0.0014002346142660826,-0.0406870661023504,0.03788659687177187
2018-10-21,7083.585499329077,699.9685650080886,710.9324336500649,-0.0011505969023346552,-0.04387868853484633,0.041577494731200204
2018-10-22,7083.584416220349,699.9277062624349,710.9711261782622,-0.0010831087274709716,-0.04085874565373615,0.03869252819731628
2018-10-23,7083.583387045837,699.8857398930995,711.011034198574,-0.0010291745120412088,-0.04196636933534137,0.0399080203117137
2018-10-24,7083.582487502152,699.8467077942906,711.0482672100114,-0.0008995436855911976,-0.039032098808888804,0.037233011437479036
2018-10-25,7083.581513027819,699.8045824116172,711.0884436440193,-0.0009744743329065386,-0.04212538267347554,0.04017643400788984
2018-10-26,7083.580621050221,699.7658527373229,711.1253893631197,-0.0008919775973481592,-0.03872967429424534,0.03694571910034483
2018-10-27,7083.579519311238,699.7229954713549,711.1660431511214,-0.0011017389833796187,-0.04285726596799577,0.04065378800169128
2018-10-28,7083.578316462844,699.6841037734276,711.2025291522585,-0.00120284839431406,-0.03889169792728353,0.03648600113717748
2018-10-29,7083.576896527436,699.6497838039359,711.2340092509346,-0.0014199354081938509,-0.03431996949177574,0.031480098676070156
2018-10-30,7083.575668459858,699.6113122826289,711.2700246370853,-0.0012280675773581606,-0.038471521306973955,0.03601538615066602
2018-10-31,7083.5745868805325,699.5723307563993,711.3068430046659,-0.0010815793257279438,-0.03898152622957696,0.03681836758062218
2018-11-01,7083.573600534276,699.5417959500357,711.3354051185161,-0.0009863462564680958,-0.030534806363561984,0.028562113850171045
2018-11-02,7083.5727289649785,699.5084575534464,711.3670003765101,-0.00087156929748744,-0.03333839658932902,0.03159525799401308
2018-11-03,7083.571663638157,699.4812564227453,711.392070853568,-0.001065326821844792,-0.027201130701087095,0.025070477057965945
2018-11-04,7083.57078998943,699.4522067545203,711.4193732243402,-0.0008736487270653015,-0.02904966822507049,0.027302370772190443
2018-11-05,7083.569735609988,699.4220908140187,711.4473804059586,-0.0010543794414843433,-0.030115940501559635,0.028007181618363575
2018-11-06,7083.5681596385675,699.3827660516519,711.4835532254833,-0.0015759714206069475,-0.03932476236684579,0.0361728195247224
2018-11-07,7083.5668526573645,699.3535226771588,711.5101826375708,-0.0013069812030153116,-0.029243374493034935,0.02662941208745906
2018-11-08,7083.56553046021,699.3299634578954,711.5310974625241,-0.0013221971548773581,-0.023559219263461273,0.020914824953365496
2018-11-09,7083.564266475835,699.3055251674665,711.5530077842039,-0.0012639843744182144,-0.024438290428861364,0.021910321679797562
2018-11-10,7083.562975291115,699.2921733704007,711.5637772118309,-0.0012911847197756288,-0.01335179706575218,0.01076942762699673
2018-11-11,7083.561816087105,699.2777487842475,711.5758833899636,-0.001159204010036774,-0.014424586153268137,0.012106178132626155
2018-11-12,7083.560595731148,699.2686749035881,711.5825165587066,-0.0012203559572299127,-0.009073880659343558,0.0066331687430647435
2018-11-13,7083.559420342324,699.2594003954517,711.589440289197,-0.0011753888238672516,-0.009274508136400073,0.006923730490370872
2018-11-14,7083.558213416557,699.2500388283934,711.5963880047202,-0.0012069257672919775,-0.009361567058363107,0.006947715523210718
2018-11-15,7083.556881179749,699.2431387301029,711.6006236293949,-0.0013322368076842395,-0.0069000982904299235,0.004235624674720384
2018-11-16,7083.555601041528,699.235548166228,711.605653916827,-0.0012801382217730861,-0.007590563874941836,0.005030287432077785
2018-11-17,7083.554286447191,699.2296025119692,711.6089703824118,-0.0013145943366907886,-0.005945654258766808,0.0033164655848167968
2018-11-18,7083.553176686314,699.2250261439375,711.6113272286907,-0.0011097608767158817,-0.004576368031735001,0.0023568462788716715
2018-11-19,7083.552087561372,699.2171312237249,711.6170438990185,-0.00108912494215474,-0.007894920212606849,0.005716670327842621
2018-11-20,7083.551125981198,699.2121594349355,711.6200925274604,-0.0009615801736799767,-0.004971788789362108,0.003048628441888468
2018-11-21,7083.550166567414,699.2145383461603,711.6157947886657,-0.0009594137845851947,0.002378911224809599,-0.004297738794775796
2018-11-22,7083.549178227335,699.2251206634132,711.6032357912549,-0.0009883400789476582,0.010582317252897155,-0.012558997410792472
2018-11-23,7083.5480948119975,699.2309603615275,711.5952292624672,-0.001083415337234328,0.005839698114300518,-0.008006528787632305
2018-11-24,7083.546911928439,699.2333553659402,711.5904684909367,-0.0011828835586129571,0.002395004412619528,-0.004760771530527563
2018-11-25,7083.545643571858,699.2427122235088,711.578574920206,-0.0012683565810220898,0.009356857568604937,-0.011893570730649117
2018-11-26,7083.54444162345,699.2548916244743,711.5639916224255,-0.0012019484074698994,0.01217940096557868,-0.014583297780518478
2018-11-27,7083.5433932684155,699.2650317806566,711.5517547561748,-0.001048355034981796,0.01014015618227404,-0.012236866250759704
2018-11-28,7083.54234342988,699.2799440480707,711.5347428116896,-0.0010498385354367201,0.014912267414047164,-0.01701194448514798
2018-11-29,7083.541467072951,699.3006860246528,711.5122481212483,-0.0008763569294387707,0.02074197658214416,-0.022494690441362764
2018-11-30,7083.540547560482,699.3208030926983,711.490292028265,-0.0009195124684993061,0.020117068045465203,-0.021956092983259623
2018-12-01,7083.5396414273555,699.3417121467494,711.4675707079593,-0.0009061331265911576,0.020909054051116982,-0.02272132030566354
2018-12-02,7083.5385113493085,699.3631083845387,711.443914314078,-0.0011300780470264726,0.021396237789303996,-0.023656393881310578
2018-12-03,7083.537488469502,699.3869264013713,711.4180505376321,-0.0010228798064417788,0.023818016832592548,-0.025863776445930853
2018-12-04,7083.536378631641,699.4138664401288,711.3888908231528,-0.0011098378608949133,0.02694003875751605,-0.029159714479305876
2018-12-05,7083.535261210394,699.4426364494626,711.3578859713261,-0.0011174212468176847,0.028770009333811686,-0.031004851826651247
2018-12-06,7083.53402593235,699.4690893032758,711.328962561425,-0.0012352780440778588,0.026452853813225374,-0.028923409901153718
2018-12-07,7083.532867597873,699.499385168436,711.2963500273086,-0.0011583344776227023,0.0302958651601557,-0.032612534116424285
2018-12-08,7083.531970769053,699.5304166176711,711.2635249204341,-0.0008968288193500484,0.03103144923511536,-0.03282510687449758
2018-12-09,7083.530845215576,699.5653294052796,711.2263610258716,-0.0011255534773226827,0.034912787608504914,-0.03716389456246816
2018-12-10,7083.529885140213,699.5989083251206,711.1908619553041,-0.0009600753628546954,0.033578919841033894,-0.03549907056753909
2018-12-11,7083.528563121557,699.6325764856155,711.1545497574999,-0.0013220186556281988,0.03366816049481258,-0.036312197804136304
2018-12-12,7083.527319979022,699.6685095075308,711.1161304505117,-0.0012431425357135595,0.035933021915298013,-0.03841930698820306
2018-12-13,7083.526079729609,699.703963283128,711.0781961760895,-0.0012402494130583364,0.03545377559726148,-0.03793427442224129
2018-12-14,7083.524843618318,699.7455515299185,711.0341357067176,-0.0012361112903818139,0.04158824679052486,-0.044060469371856925
2018-12-15,7083.523752917879,699.7831732049211,710.9943326308371,-0.001090700438908243,0.03762167500258329,-0.03980307588051346
2018-12-16,7083.522686971372,699.8244936323532,710.9508803103907,-0.0010659465069693397,0.041320427432083306,-0.043452320446363046
2018-12-17,7083.521857904221,699.8581851155861,710.9155306928541,-0.0008290671512440895,0.033691483232928476,-0.03534961753666721
2018-12-18,7083.520932892397,699.9100322738558,710.8618335109371,-0.0009250118246200145,0.05184715826965203,-0.05369718191695938
2018-12-19,7083.520073424476,699.9435867364588,710.8265601124941,-0.0008594679202360567,0.033554462602978674,-0.03527339844299604
2018-12-20,7083.51897370998,699.9763973969979,710.7915500229625,-0.0010997144963766914,0.032810660539098535,-0.035010089531624544
2018-12-21,7083.517813858734,700.0035263232764,710.7621013941911,-0.0011598512455748278,0.027128926278578547,-0.029448628771433505
2018-12-22,7083.516720422503,700.0437619883907,710.719678856614,-0.0010934362317129853,0.04023566511420995,-0.04242253757706749
2018-12-23,7083.515643994127,700.0912740047729,710.6700139834796,-0.0010764283761091065,0.04751201638225666,-0.04966487313436119
2018-12-24,7083.514622023618,700.1374023949854,710.6218416522507,-0.0010219705081908614,0.046128390212516024,-0.04817233122889775
2018-12-25,7083.513733811875,700.1927159785795,710.5647516451679,-0.0008882117435859982,0.05531358359405658,-0.05709000708282019
2018-12-26,7083.512883700409,700.2383959292112,710.5173714716057,-0.0008501114662067266,0.04567995063166563,-0.0473801735622601
2018-12-27,7083.511997171706,700.2737820742442,710.4802122691674,-0.0008865287027219892,0.03538614503304416,-0.03715920243826076
2018-12-28,7083.51109546499,700.3089354173876,710.4432555125911,-0.000901706715922046,0.035153343143406346,-0.03695675657627362
2018-12-29,7083.5100008647,700.3358347340559,710.4141669953422,-0.0010946002903438057,0.026899316668277606,-0.029088517248965218
2018-12-30,7083.508640069725,700.3707083035745,710.3765718358748,-0.0013607949749712134,0.034873569518595104,-0.03759515946740066
2018-12-31,7083.507397828917,700.4048270143224,710.339968643511,-0.001242240807187045,0.034118710747975456,-0.03660319236371379
2019-01-01,7083.506200501542,700.439338429393,710.3030625736894,-0.0011973273758485448,0.03451141507059674,-0.03690606982161171
2019-01-02,7083.505206742812,700.4671056114585,710.273307874166,-0.0009937587292370154,0.027767182065417728,-0.02975469952343701
2019-01-03,7083.50433396336,700.4986076257796,710.2400603009412,-0.0008727794520382304,0.03150201432117683,-0.03324757322479854
2019-01-04,7083.503626034837,700.5243831627004,710.2128689069727,-0.0007079285232975963,0.025775536920718878,-0.02719139396845094
2019-01-05,7083.502695604268,700.5489334787891,710.186457729747,-0.000930430568587326,0.024550316088721047,-0.026411177225782012
2019-01-06,7083.501773053042,700.5701809964928,710.1633651095913,-0.0009225512267221347,0.02124751770372768,-0.02309262015569402
2019-01-07,7083.5008479185535,700.5924752555968,710.1392205815096,-0.0009251344881704426,0.022294259104000957,-0.024144528081706085
2019-01-08,7083.499888432825,700.6082893553337,710.1214875103162,-0.000959485728344589,0.015814099736871867,-0.01773307119333367
2019-01-09,7083.4987969587,700.6372437366942,710.0903501807046,-0.0010914741251326632,0.028954381360563275,-0.03113732961162441
2019-01-10,7083.497601751512,700.6702440653711,710.0549594376523,-0.001195207188175118,0.03300032867684877,-0.03539074305228951
2019-01-11,7083.496685219711,700.6872787121737,710.0360917272491,-0.0009165318006125744,0.017034646802585485,-0.0188677104032422
2019-01-12,7083.495806409422,700.7030903012316,710.0185225176116,-0.0008788102895778138,0.015811589057875608,-0.017569209637485983
2019-01-13,7083.494944982528,700.7067971531694,710.0130928118875,-0.0008614268936071312,0.0037068519378635756,-0.0054297057240546565
2019-01-14,7083.494308504162,700.7066681034546,710.0119489048705,-0.0006364783657772932,-0.00012904971481475513,-0.0011439070170808918
2019-01-15,7083.493576657947,700.7058950461923,710.0112582697036,-0.0007318462148759863,-0.0007730572623358967,-0.0006906351668476418
2019-01-16,7083.4926641846905,700.707787028397,710.0075413409841,-0.0009124732569034677,0.0018919822047109847,-0.0037169287195411016
2019-01-17,7083.491637064889,700.7022300256762,710.0110441041004,-0.0010271198016198468,-0.005557002720820492,0.003502763116330243
2019-01-18,7083.490680044191,700.6995558004072,710.0118042879755,-0.0009570206975695328,-0.002674225268947339,0.0007601838750588286
2019-01-19,7083.4896987040165,700.6978704026309,710.0115270054022,-0.0009813401748033357,-0.0016853977763275907,-0.0002772825732790807
2019-01-20,7083.488863336254,700.6858653262042,710.0218613463037,-0.0008353677621926181,-0.012005076426703454,0.01033434090152241
2019-01-21,7083.488086221759,700.6738266859747,710.0323457575408,-0.000777114495576825,-0.01203864022943435,0.010484411237143831
2019-01-22,7083.487642299788,700.6602027792815,710.0450818202934,-0.0004439219710548059,-0.013623906693283061,0.012736062752537691
2019-01-23,7083.486928056883,700.640780150875,710.0630759628908,-0.0007142429049054044,-0.019422628406459808,0.017994142597444807
2019-01-24,7083.486128790495,700.619117885256,710.0831396957333,-0.000799266387730313,-0.021662265619056598,0.020063732842459103
2019-01-25,7083.485252415787,700.6013490109978,710.0991558205752,-0.000876374708241201,-0.017768874258194955,0.016016124841939927
2019-01-26,7083.484022291091,700.5768231568632,710.1212214253163,-0.0012301246961214929,-0.024525854134594738,0.022065604741101197
2019-01-27,7083.482947019821,700.5512455018628,710.1446485377785,-0.0010752712696557865,-0.025577655000347477,0.023427112462172772
2019-01-28,7083.481899082049,700.5241906572148,710.1696075068822,-0.0010479377724550432,-0.027054844647977916,0.02495896910374995
2019-01-29,7083.480867615939,700.495654084581,710.1960811472977,-0.0010314661094525945,-0.028536572633811375,0.02647364041547462
2019-01-30,7083.47990166901,700.4648969918721,710.2249063461469,-0.0009659469287726097,-0.030757092708881828,0.02882519884917656
2019-01-31,7083.4791320135255,700.4372813070339,710.250982720016,-0.0007696554848735104,-0.027615684838224297,0.026076373869159397
2019-02-01,7083.4781036318755,700.4002507489535,710.2859565147961,-0.0010283816500304965,-0.03703055808045974,0.03497379478005769
2019-02-02,7083.47718049337,700.3636789158626,710.3206820708762,-0.0009231385056409636,-0.03657183309087486,0.03472555608004768
2019-02-03,7083.47624940361,700.3257408937733,710.3567579134456,-0.0009310897594332346,-0.037938022089292645,0.036075842569402994
2019-02-04,7083.474956821682,700.2879139787267,710.3919996646371,-0.0012925819282827433,-0.03782691504659397,0.03524175119150641
2019-02-05,7083.474040297785,700.2480362091073,710.4300443864616,-0.000916523897103616,-0.039877769619351966,0.0380447218245763
2019-02-06,7083.473017254785,700.2107244624398,710.4653100471309,-0.001023042999804602,-0.03731174666756942,0.035265660669210774
2019-02-07,7083.471932903313,700.1697662054144,710.5040996012125,-0.0010843514719454106,-0.040958257025408784,0.03878955408163165
2019-02-08,7083.471000962824,700.1267974756145,710.5452044500338,-0.0009319404889538419,-0.0429687297998953,0.041104848821305495
2019-02-09,7083.470218096947,700.0849633861784,710.5854728077157,-0.0007828658772268682,-0.04183408943606537,0.04026835768195269
2019-02-10,7083.469517242702,700.0363862282028,710.6326482572019,-0.0007008542452240363,-0.04857715797561468,0.04717544948618979
2019-02-11,7083.468815192337,699.9930934575366,710.6745369271389,-0.0007020503644525888,-0.04329277066619852,0.04188866993695228
2019-02-12,7083.468007210576,699.9501659236638,710.7158484974863,-0.0008079817616817309,-0.04292753387278481,0.04131157034737498
2019-02-13,7083.46703756272,699.9078080563237,710.7562670691149,-0.0009696478555270005,-0.04235786734011526,0.040418571628606514
2019-02-14,7083.465806394013,699.8681545019276,710.793458286098,-0.0012311687069086474,-0.0396535543960681,0.0371912169831603
2019-02-15,7083.464684832212,699.8209045329126,710.8384651315102,-0.0011215618014830397,-0.04724996901506984,0.045006845412217444
2019-02-16,7083.4635832714985,699.7771367779939,710.880029765002,-0.0011015607133231242,-0.043767754918690116,0.04156463349170281
2019-02-17,7083.462580132818,699.7321881857706,710.9229720798659,-0.0010031386800619657,-0.04494859222324976,0.04294231486392164
2019-02-18,7083.461899204652,699.6890290426946,710.9647693666079,-0.0006809281667301548,-0.04315914307596813,0.041797286742053075
2019-02-19,7083.461019578165,699.6407140054461,711.0113251508843,-0.0008796264864940895,-0.04831503724858521,0.04655578427639284
2019-02-20,7083.4604021743935,699.5940936965246,711.0567106522618,-0.0006174037716846215,-0.04662030892143321,0.04538550137749553
2019-02-21,7083.45947461817,699.5663906330904,711.0825586032494,-0.0009275562233597157,-0.027703063434273645,0.025847950987554213
2019-02-22,7083.458479974953,699.5256923518881,711.1212675980167,-0.000994643217381963,-0.040698281202253384,0.03870899476737577
2019-02-23,7083.457442697595,699.4916570887091,711.1532283064813,-0.0010372773576818872,-0.03403526317902106,0.03196070846456678
2019-02-24,7083.456429644146,699.4543186137444,711.188540674546,-0.001013053449241852,-0.03733847496471299,0.03531236806463767
2019-02-25,7083.455533719222,699.4199561824983,711.2211112559452,-0.0008959249234976596,-0.03436243124610883,0.032570581399227194
2019-02-26,7083.454570223387,699.3884195626516,711.2507208841226,-0.0009634958350943634,-0.031536619846633585,0.02960962817746804
2019-02-27,7083.453724793011,699.3594068662536,711.2780427197685,-0.0008454303761027404,-0.02901269639801285,0.02732183564580737
2019-02-28,7083.45272885427,699.3247187908835,711.3107389176553,-0.0009959387407434406,-0.03468807537012708,0.03269619788682121
2019-03-01,7083.451941051149,699.3001999208727,711.3336821814256,-0.0007878031210566405,-0.024518870010751925,0.022943263770343947
2019-03-02,7083.45102768035,699.2644669981394,711.3675883625607,-0.0009133707990258699,-0.035732922733359374,0.03390618113508026
2019-03-03,7083.450059585147,699.2327671217774,711.3973520485154,-0.0009680952034614165,-0.03169987636192673,0.029763685954662833
2019-03-04,7083.448781430595,699.2085692760513,711.4189935851389,-0.0012781545519828796,-0.02419784572612116,0.02164153662351964
2019-03-05,7083.447575491831,699.1893052793056,711.4358457043581,-0.0012059387636327301,-0.019263996745735312,0.01685211921926566
2019-03-06,7083.446424276308,699.1670162032691,711.4558323493453,-0.0011512155233504018,-0.02228907603648622,0.01998664498717062
2019-03-07,7083.445463289796,699.1405347630365,711.4803918165533,-0.0009609865119273309,-0.026481440232601017,0.024559467207950547
2019-03-08,7083.444538966207,699.1189803887048,711.5000975437088,-0.0009243235890608048,-0.02155437433168572,0.01970572715549679
2019-03-09,7083.443709381861,699.1027685526112,711.5146502111088,-0.0008295843463201891,-0.016211836093589227,0.014552667400039354
2019-03-10,7083.442834425829,699.098886814817,711.5167820368398,-0.0008749560320211458,-0.003881737794245055,0.002131825730998571
2019-03-11,7083.441825192179,699.0896883022075,711.5239620821498,-0.00100923364971095,-0.009198512609486897,0.007180045309951311
2019-03-12,7083.44093888726,699.0826647167786,711.5292130577423,-0.0008863049188221339,-0.007023585428896695,0.005250975592502982
2019-03-13,7083.43947286399,699.0750203083393,711.5339254196405,-0.0014660232700407505,-0.007644408439318795,0.0047123618982141124
2019-03-14,7083.438490871021,699.071061628707,711.5359201133344,-0.0009819929691730067,-0.0039586796323192175,0.001994693693973204
2019-03-15,7083.437481745134,699.0646719308907,711.5402915593775,-0.001009125886412221,-0.006389697816302942,0.004371446043023752
2019-03-16,7083.436450298086,699.0600786725839,711.542821923588,-0.0010314470482626348,-0.004593258306726966,0.002530364210542757
2019-03-17,7083.435547066292,699.0581493803749,711.5429447522085,-0.0009032317939272616,-0.0019292922090698994,0.00012282862053325516
2019-03-18,7083.4344991933185,699.0562579349821,711.5427404516555,-0.001047872973686026,-0.0018914453927436625,-0.00020430055303677364
2019-03-19,7083.433442970262,699.0606225032022,711.536263437322,-0.0010562230563664343,0.004364568220125875,-0.006477014333540865
2019-03-20,7083.43236398269,699.0657040194588,711.5290239459206,-0.0010789875723276054,0.005081516256609575,-0.007239491401378473
2019-03-21,7083.431185545622,699.0728792128442,711.5194918783991,-0.0011784370681198197,0.007175193385364764,-0.009532067521490717
2019-03-22,7083.429900924925,699.0836267286052,711.5061751212437,-0.0012846206964240992,0.01074751576095423,-0.013316757155394043
2019-03-23,7083.428644780252,699.0958555906694,711.4914339698349,-0.0012561446728796,0.012228862064262103,-0.014741151408770747
2019-03-24,7083.427872247471,699.1097575692961,711.4759869256451,-0.000772532781411428,0.013901978626677192,-0.015447044189841108
2019-03-25,7083.426913027401,699.1282473415234,711.455578713277,-0.0009592200703991693,0.018489772227326284,-0.020408212368124623
2019-03-26,7083.425976089279,699.1447867240784,711.4371654544796,-0.0009369381214128225,0.016539382554924487,-0.01841325879740907
2019-03-27,7083.425188064753,699.1673224498517,711.413053679653,-0.0007880245266278507,0.022535725773309423,-0.024111774826565124
2019-03-28,7083.424363869785,699.1923201449359,711.3864075946344,-0.0008241949672083138,0.024997695084266525,-0.026646085018569465
2019-03-29,7083.423294996009,699.213614355308,711.3629756367086,-0.0010688737766031409,0.021294210372047928,-0.023431957925822644
2019-03-30,7083.422121026205,699.2397018850584,711.3345401673491,-0.0011739698038581992,0.02608752975038442,-0.02843546935946506
2019-03-31,7083.420937103865,699.2657322420757,711.3061419656533,-0.0011839223398055765,0.026030357017361894,-0.028398201695836178
2019-04-01,7083.419773222564,699.291479300015,711.2780671451113,-0.0011638813011813909,0.025747057939270235,-0.028074820541974077
2019-04-02,7083.418737876203,699.3194396291641,711.2480361232407,-0.001035346361277334,0.027960329149095742,-0.030031021870627228
2019-04-03,7083.417867540387,699.3499202087287,711.215814872045,-0.000870335815307044,0.030480579564596155,-0.03222125119566499
2019-04-04,7083.416866658227,699.3854323104609,711.1783010059916,-0.001000882160042238,0.03551210173225172,-0.037513866053473066
2019-04-05,7083.415867873953,699.4213971791186,711.1403385687867,-0.0009987842740883934,0.03596486865762927,-0.03796243720489656
2019-04-06,7083.414761135119,699.4568587963265,711.1026634739112,-0.001106738834096177,0.035461617207943164,-0.037675094875453397
2019-04-07,7083.413550957587,699.4945528747468,711.0625490404262,-0.0012101775319024455,0.03769407842025885,-0.04011443348497323
2019-04-08,7083.412236156678,699.5329652003679,711.0215071129876,-0.0013148009093129076,0.03841232562115238,-0.041041927438641324
2019-04-09,7083.410681121221,699.5721675488319,710.9791946936115,-0.0015550354564766167,0.039202348463959424,-0.04231241937611685
2019-04-10,7083.409070477227,699.6111953362159,710.936945618238,-0.0016106439943541773,0.03902778738404322,-0.0422490753734337
2019-04-11,7083.407707159546,699.6504481695906,710.8949661494999,-0.0013633176813527825,0.039252833374689544,-0.04197946873819092
2019-04-12,7083.406188858376,699.6940962995327,710.8482814172179,-0.001518301170108316,0.04364812994208478,-0.04668473228196035
2019-04-13,7083.405031505085,699.7353588748208,710.8047041353495,-0.0011573532901820727,0.04126257528810129,-0.04357728186835175
2019-04-14,7083.403947125293,699.7832183503339,710.7546759002506,-0.001084379792700929,0.04785947551306435,-0.05002823509892096
2019-04-15,7083.4026908981505,699.8266516520918,710.7087301442085,-0.001256227142221178,0.04343330175788651,-0.04594575604210149
2019-04-16,7083.401444459802,699.8699242756247,710.6629646439796,-0.001246438348061929,0.04327262353297101,-0.045765500228867495
2019-04-17,7083.400141700291,699.9117031113042,710.6185802892783,-0.0013027595114181167,0.04177883567945173,-0.04438435470137847
2019-04-18,7083.398736927366,699.9566023479176,710.5708715068145,-0.001404772924615827,0.04489923661344619,-0.047708782463814714
2019-04-19,7083.397568282289,700.0010014400042,710.5241351245735,-0.001168645077086694,0.04439909208656445,-0.04673638224096521
2019-04-20,7083.396516534383,700.0436610459514,710.4793720228142,-0.0010517479058762547,0.04265960594716489,-0.04476310175925846
2019-04-21,7083.395389838517,700.0902196740215,710.4305600030119,-0.0011266958663327387,0.046558628070101804,-0.048812019802312534
2019-04-22,7083.394493228966,700.1346476907158,710.3843387672163,-0.0008966095510913874,0.04442801669438268,-0.04622123579565596
2019-04-23,7083.393556066339,700.1819587707263,710.3351533619524,-0.0009371626265419764,0.04731108001044504,-0.04918540526387005
2019-04-24,7083.392672877661,700.2258550280367,710.2894907272866,-0.0008831886780171772,0.043896257310393594,-0.04566263466574583
2019-04-25,7083.391594951749,700.267519029208,710.2456708742893,-0.001077925912795763,0.041664001171284326,-0.0438198529973306
2019-04-26,7083.390387272995,700.3069307484462,710.2038437975434,-0.0012076787534169853,0.03941171923827369,-0.04182707674590347
2019-04-27,7083.389166678655,700.3517333224004,710.1566000349089,-0.001220594340338721,0.044802573954143554,-0.047243762634479936
2019-04-28,7083.388041087524,700.3897993252467,710.1162828497987,-0.0011255911313128308,0.03806600284633532,-0.04031718511021154
2019-04-29,7083.386858886504,700.4248545318269,710.0788632411812,-0.0011822010192190646,0.03505520658018213,-0.03741960861748339
2019-04-30,7083.385808884467,700.4573345519541,710.0442832169804,-0.0010500020371182472,0.03248002012719553,-0.03458002420086359
2019-05-01,7083.384856843411,700.4911840978241,710.0085295889977,-0.0009520410558252479,0.03384954586999811,-0.03575362798267179
2019-05-02,7083.38380297133,700.5236522276465,709.9739537150131,-0.0010538720816839486,0.03246812982240499,-0.03457587398463602
2019-05-03,7083.382784866547,700.553532708863,709.94203702423,-0.0010181047828154988,0.02988048121653719,-0.031916690783077684
2019-05-04,7083.381612600234,700.5824884750527,709.9107367254147,-0.0011722663130058208,0.02895576618971063,-0.031300298815267524
2019-05-05,7083.380211258102,700.6087456777469,709.881676838456,-0.0014013421323397779,0.026257202694182524,-0.029059886958748393
2019-05-06,7083.379066222634,700.6339118052985,709.8542206399684,-0.0011450354677435826,0.025166127551528916,-0.027456198487584516
2019-05-07,7083.37785915789,700.6561056734375,709.8296126423423,-0.0012070647435393767,0.02219386813908386,-0.024607997626048927
2019-05-08,7083.376749035071,700.6748643957342,709.8086336744077,-0.0011101228192273993,0.018758722296638553,-0.020978967934638604
2019-05-09,7083.375654024841,700.6898514474105,709.7914566022723,-0.00109501022961922,0.014987051676371266,-0.017177072135382332
2019-05-10,7083.374625447508,700.703032327263,709.7762185677517,-0.0010285773332725512,0.013180879852484395,-0.015238034520621113
2019-05-11,7083.373451462001,700.7111387019304,709.7657642220704,-0.00117398550719372,0.008106374667363525,-0.010454345681296218
2019-05-12,7083.371743893577,700.7207116969496,709.7527760902029,-0.0017075684236260713,0.00957299501919806,-0.012988131867473385
2019-05-13,7083.370446243468,700.7246856246153,709.74620686232,-0.0012976501093362458,0.003973927665697374,-0.006569227882891937
2019-05-14,7083.369081471731,700.7252399138509,709.7429230296101,-0.0013647717369167367,0.0005542892356515949,-0.0032838327099398157
2019-05-15,7083.367223723146,700.7228682724318,709.7415791738593,-0.0018577485852802056,-0.002371641419131265,-0.001343855750747025
2019-05-16,7083.365604405786,700.7158781325461,709.7453306790258,-0.001619317359654815,-0.006990139885715507,0.0037515051664058774
2019-05-17,7083.364277736913,700.7106601570897,709.747895316737,-0.0013266688729345333,-0.005217975456389468,0.002564637711202522
2019-05-18,7083.3631548624635,700.7038794335289,709.7524302913988,-0.001122874449720257,-0.006780723560837032,0.004534974661851265
2019-05-19,7083.362090357031,700.6881572685666,709.7660234454939,-0.001064505432623264,-0.01572216496231249,0.013593154095133286
2019-05-20,7083.361141801326,700.6724749613993,709.779808641252,-0.0009485557047810289,-0.015682307167253384,0.013785195758032387
2019-05-21,7083.360164703699,700.6554127606947,709.7949166467029,-0.0009770976266736398,-0.017062200704572206,0.015108005450883866
2019-05-22,7083.359189554771,700.6299013281099,709.818477781431,-0.0009751489287737058,-0.025511432584835347,0.02356113472819743
2019-05-23,7083.358172382137,700.6086744292168,709.8376703350576,-0.0010171726335101994,-0.021226898893132784,0.019192553626567133
2019-05-24,7083.357127959116,700.5817544640362,709.8625014541952,-0.0010444230210850947,-0.02691996518058204,0.024831119137616042
2019-05-25,7083.356059217669,700.5548815181571,709.8872369171801,-0.0010687414469430223,-0.02687294587906308,0.024735462984835976
2019-05-26,7083.355160083033,700.5204821667752,709.9198379992902,-0.0008991346358016017,-0.034399351381921406,0.03260108211009083
2019-05-27,7083.354282819723,700.4770952002394,709.961470439208,-0.0008772633100306848,-0.04338696653576335,0.04163243991786203
2019-05-28,7083.353424339645,700.444952466983,709.9918962123079,-0.0008584800780226942,-0.032142733256478095,0.030425773099864273
2019-05-29,7083.352550922915,700.4028507266835,710.0322511191455,-0.0008734167304282892,-0.04210174029947211,0.04035490683759235
2019-05-30,7083.3514941036365,700.3612575333244,710.071730673948,-0.0010568192783466657,-0.04159319335906275,0.03947955480248311
2019-05-31,7083.350364227721,700.3164280403743,710.1143004150673,-0.0011298759154669824,-0.044829492950157146,0.04256974111933687
2019-06-01,7083.349168601662,700.2784155419957,710.1499216613284,-0.0011956260586885037,-0.03801249837852083,0.035621246261143824
2019-06-02,7083.3478855817675,700.243147120411,710.1826240431241,-0.0012830198947995086,-0.03526842158476029,0.03270238179561602
2019-06-03,7083.346866403344,700.1947377326413,710.2289950740463,-0.0010191784231210477,-0.04840938776965231,0.04637103092227335
2019-06-04,7083.34576512415,700.1471879969395,710.2743422513598,-0.0011012791946996003,-0.04754973570186394,0.04534717731348792
2019-06-05,7083.344768027749,700.0971730763955,710.3223629791026,-0.000997096401079034,-0.0500149205439584,0.04802072774282351
2019-06-06,7083.343841612585,700.0434495997049,710.3742336254637,-0.0009264151640309137,-0.05372347669060673,0.051870646361066974
2019-06-07,7083.343073907601,699.997542849709,710.4186049654928,-0.0007677049834455829,-0.04590674999587918,0.0443713400291017
2019-06-08,7083.342210424065,699.9495857608044,710.4648350873256,-0.0008634835357952397,-0.047957088904581724,0.04623012183276387
2019-06-09,7083.341001257693,699.9007270152161,710.5112755001694,-0.001209166372063919,-0.04885874558829073,0.04644041284382183
2019-06-10,7083.339831563493,699.8534681730416,710.556194953945,-0.0011696942001435673,-0.04725884217452858,0.04491945377560569
2019-06-11,7083.338699436305,699.7997937419094,710.6076051306998,-0.001132127187702281,-0.053674431132208156,0.05141017675475723
2019-06-12,7083.33760071409,699.7512927645945,710.653908663583,-0.0010987222158291843,-0.04850097731491587,0.0463035328832575
2019-06-13,7083.336595283773,699.7048104496055,710.6983801179393,-0.0010054303165816236,-0.04648231498902078,0.04447145435631228
2019-06-14,7083.3357312056105,699.65761673952,710.743845671701,-0.0008640781625217642,-0.047193710085480234,0.04546555376168726
2019-06-15,7083.335037455765,699.6114031413375,710.7886717701921,-0.0006937498455954483,-0.046213598182475835,0.044826098491057564
2019-06-16,7083.334246046574,699.56295489462,710.8355371985264,-0.0007914091911516152,-0.04844824671749848,0.04686542833428575
2019-06-17,7083.333313711012,699.5179357774766,710.8786916445481,-0.0009323355616288609,-0.045019117143397125,0.04315444602173102
2019-06-18,7083.332347472121,699.4732494146037,710.9214455296374,-0.000966238891123794,-0.044686362872880636,0.042753885089268806
2019-06-19,7083.331405428334,699.4271106335414,710.9657002231259,-0.0009420437872904586,-0.046138781062381895,0.0442546934884831
2019-06-20,7083.330586109532,699.3842194125922,711.0069528064728,-0.0008193188014047337,-0.04289122094917275,0.041252583346931715
2019-06-21,7083.3297634660585,699.3437968141427,711.0457301179732,-0.0008226434738389798,-0.040422598449481484,0.03877731150043928
2019-06-22,7083.328947541341,699.3040443127519,711.0838507699295,-0.0008159247172443429,-0.03975250139080799,0.03812065195631931
2019-06-23,7083.328230773474,699.2631095796861,711.1233519672624,-0.000716767866833834,-0.040934733065796536,0.03950119733281099
2019-06-24,7083.32758430262,699.2243607684622,711.1608078367773,-0.00064647085400793,-0.03874881122385432,0.03745586951492896
2019-06-25,7083.326799118659,699.1885825821445,711.1950156551749,-0.000785183960942959,-0.03577818631777063,0.03420781839759002
2019-06-26,7083.325940187509,699.1560879987096,711.2257923763088,-0.0008589311501054908,-0.03249458343486822,0.030776721133975116
2019-06-27,7083.325015664569,699.1259552642684,711.2540760648699,-0.0009245229402949917,-0.030132734441167486,0.02828368856103225
2019-06-28,7083.323999147837,699.0947115968877,711.2832866987858,-0.001016516732306627,-0.031243667380749685,0.029210633915909057
2019-06-29,7083.322976747171,699.063859884809,711.3120936095318,-0.001022400665533496,-0.03085171207874282,0.028806910745970526
2019-06-30,7083.322041042687,699.0340832228951,711.3399988624784,-0.0009357044846183271,-0.029776661913842872,0.02790525294665258
2019-07-01,7083.321284334039,699.007037208216,711.3655314598607,-0.0007567086477138218,-0.027046014679058317,0.02553259738226643
2019-07-02,7083.320393521532,698.9859045732676,711.3848824697974,-0.0008908125064408523,-0.021132634948457962,0.019351009936713126
2019-07-03,7083.319775615647,698.9635701447412,711.4059810865529,-0.0006179058855195763,-0.022334428526392003,0.021098616755466537
2019-07-04,7083.319014108229,698.9427514897409,711.4252767267154,-0.0007615074182467652,-0.020818655000311992,0.019295640162567906
2019-07-05,7083.3180975997175,698.9284071048722,711.4377880945627,-0.0009165085111817461,-0.014344384868650195,0.012511367847309884
2019-07-06,7083.317167793413,698.915168422116,711.4491671647094,-0.0009298063041569549,-0.013238682756195885,0.01137907014663142
2019-07-07,7083.316220369522,698.9009812025394,711.4614595365055,-0.0009474238913753652,-0.014187219576683674,0.012292371796092993
2019-07-08,7083.315215668095,698.8863183970387,711.4741129391515,-0.0010047014266092447,-0.01466280550062038,0.012653402646037648
2019-07-09,7083.314310283586,698.8803446557923,711.478275911378,-0.0009053845096786972,-0.005973741246407371,0.004162972226481543
2019-07-10,7083.31352916747,698.8698758958546,711.4871824390847,-0.0007811161158315372,-0.010468759937680261,0.008906527706699308
2019-07-11,7083.312729611355,698.8658033756582,711.4896558470522,-0.0007995561145435204,-0.004072520196473306,0.002473407967499952
2019-07-12,7083.311956598623,698.8625425927437,711.4913706044996,-0.00077301273267949,-0.003260782914480842,0.0017147574474165594
2019-07-13,7083.311132874959,698.8587350920951,711.4935306578221,-0.0008237236634158762,-0.0038075006485769336,0.002160053322540989
2019-07-14,7083.310171869975,698.8602065550828,711.4901371848689,-0.0009610049837647239,0.0014714629876380059,-0.0033934729532347774
2019-07-15,7083.309107919255,698.8706618691456,711.477553969365,-0.0010639507199812215,0.010455314062824073,-0.012583215503923384
2019-07-16,7083.308073378283,698.878286522257,711.4678602343079,-0.0010345409727960941,0.007624653111406587,-0.009693735057112463
2019-07-17,7083.3070229495,698.8886033301875,711.4554425688113,-0.0010504287829462555,0.01031680793050782,-0.012417665496514019
2019-07-18,7083.306201651614,698.9010188662841,711.441384436943,-0.0008212978855226538,0.012415536096568758,-0.014058131868296186
2019-07-19,7083.305526344833,698.9110955391521,711.4299571505137,-0.0006753067809768254,0.010076672868081005,-0.011427286429352534
2019-07-20,7083.304976655217,698.9249120425882,711.4150412678443,-0.0005496896164913778,0.01381650343603269,-0.014915882669356506
2019-07-21,7083.304436714127,698.9399717460805,711.3989016821754,-0.0005399410893005552,0.015059703492283916,-0.01613958566895235
2019-07-22,7083.303806424065,698.9607928775608,711.3768199705712,-0.0006302900619630236,0.020821131480374788,-0.02208171160418715
2019-07-23,7083.302940428096,698.9816391896721,711.3542416665192,-0.0008659959694341524,0.020846312111302723,-0.022578304051990017
2019-07-24,7083.302057543739,699.0089748509993,711.3251402364778,-0.0008828843574519851,0.027335661327128946,-0.029101430041464482
2019-07-25,7083.301131560703,699.0345397922966,711.2977233291084,-0.0009259830358132604,0.0255649412973753,-0.02741690736934288
2019-07-26,7083.300131569088,699.0583319226581,711.2719312155177,-0.0009999916146625765,0.02379213036147121,-0.025792113590682675
2019-07-27,7083.299139104089,699.0860858099766,711.2421923981996,-0.0009924649993990897,0.027753887318453963,-0.029738817318161637
2019-07-28,7083.2983741918515,699.1168173291494,711.2099310545525,-0.000764912237173121,0.030731519172832122,-0.03226134364706468
2019-07-29,7083.29771132686,699.1452616082461,711.180161045473,-0.0006628649916819995,0.028444279096675018,-0.029770009079470583
2019-07-30,7083.2971651001335,699.1822559657627,711.1420742345043,-0.0005462267263283138,0.03699435751661895,-0.03808681096870714
2019-07-31,7083.296529365207,699.2223800904608,711.1006786399525,-0.00063573492661817,0.04012412469808169,-0.041395594551772774
2019-08-01,7083.2957652724035,699.2582445880914,711.0632859567157,-0.0007640928033652017,0.03586449763065502,-0.03739268323681699
2019-08-02,7083.2949045008545,699.3022744348432,711.0175345668669,-0.0008607715490143164,0.04402984675175503,-0.04575138984887417
2019-08-03,7083.293976965742,699.3351626349222,710.982791296562,-0.0009275351121686981,0.032888200079014496,-0.03474327030482982
2019-08-04,7083.293015039911,699.3753277725621,710.9407023072587,-0.000961925831688859,0.040165137639860404,-0.04208898930335181
2019-08-05,7083.2920856198025,699.4199193753824,710.8942518642225,-0.0009294201081502251,0.04459160282033281,-0.04645044303617851
2019-08-06,7083.29118925348,699.4647984848506,710.84758002211,-0.0008963663221948082,0.04487910946818374,-0.04667184211245967
2019-08-07,7083.2905532532695,699.5083459471662,710.8027605593722,-0.0006360002107612672,0.04354746231558693,-0.04481946273779158
2019-08-08,7083.290089889953,699.54513458494,710.7650451949663,-0.0004633633161574835,0.03678863777383867,-0.037715364405926266
2019-08-09,7083.289235504906,699.5923305908182,710.7161404189941,-0.0008543850472051417,0.047196005878163305,-0.04890477597223253
2019-08-10,7083.28820535637,699.6341426212985,710.6722680914414,-0.0010301485363015672,0.04181203048028692,-0.04387232755266268
2019-08-11,7083.287178841075,699.6774944649505,710.6268632171992,-0.001026515295052377,0.04335184365208988,-0.04540487424219464
2019-08-12,7083.286153584642,699.7226843739384,710.5796227953465,-0.0010252564325128333,0.04518990898782249,-0.04724042185273447
2019-08-13,7083.284632989923,699.821088202312,710.4781777775341,-0.0015205947192953317,0.09840382837364814,-0.10144501781235249
2019-08-14,7083.284321550756,699.8109601352235,710.4876829662882,-0.00031143916658038506,-0.010128067088544412,0.0095051887540194
2019-08-15,7083.283549525329,699.8591202178557,710.437978832803,-0.0007720254270680016,0.048160082632193735,-0.04970413348519287
2019-08-16,7083.282935488953,699.9027330954032,710.393137882502,-0.0006140363766462542,0.04361287754750265,-0.04484095030102253
2019-08-17,7083.282287161972,699.9490847915132,710.3454895324307,-0.0006483269808086334,0.046351696110036755,-0.047648350071199275
2019-08-18,7083.281489420335,699.9955592223301,710.2974196183385,-0.00079774163714319,0.04647443081694291,-0.048069914092252475
2019-08-19,7083.280731701814,700.0450312407372,710.2464321628901,-0.0007577185206173453,0.04947201840707294,-0.050987455448421315
2019-08-20,7083.280058270021,700.0805473473815,710.2095691926617,-0.0006734317930749967,0.03551610664430882,-0.03686297022841245
2019-08-21,7083.279227141318,700.1238718190592,710.1645824635754,-0.0008311287028845982,0.0433244716776926,-0.04498672908630397
2019-08-22,7083.278270677174,700.164947039273,710.1215943150756,-0.000956464144110214,0.04107522021377008,-0.04298814849971677
2019-08-23,7083.277451437456,700.2022106981062,710.0826921768061,-0.0008192397181119304,0.03726365883323979,-0.038902138269577335
2019-08-24,7083.276695180734,700.2413006787197,710.04208968275,-0.0007562567216155003,0.03908998061342572,-0.04060249405608829
2019-08-25,7083.275834475236,700.2800203866035,710.0016485638678,-0.0008607054987805896,0.0387197078838426,-0.04044111888219959
2019-08-26,7083.275049122226,700.3181963134894,709.9619019309629,-0.0007853530096326722,0.038175926885855915,-0.039746632904893886
2019-08-27,7083.274272339114,700.3524821606236,709.926062517605,-0.000776783112087287,0.03428584713424243,-0.03583941335784857
2019-08-28,7083.273502063697,700.3808716369506,709.8961324904438,-0.0007702754164711223,0.028389476326992735,-0.029930027161185535
2019-08-29,7083.272537356039,700.4103619997574,709.864712712319,-0.0009647076585679315,0.029490362806768644,-0.031419778124814
2019-08-30,7083.271537325603,700.4370398185494,709.8360348326574,-0.001000030435534427,0.026677818791995378,-0.028677879661586303
2019-08-31,7083.270526237744,700.4565736640849,709.8144788114033,-0.001011087859296822,0.019533845535534056,-0.0215560212541277
2019-09-01,7083.269334869,700.475967080902,709.7927026570958,-0.0011913687440028298,0.01939341681713813,-0.021776154307531215
2019-09-02,7083.268549214482,700.5000549086258,709.7670435203364,-0.0007856545180402463,0.02408782772374707,-0.025659136759372814
2019-09-03,7083.267694834733,700.5143023678394,709.7510873016279,-0.0008543797484890092,0.014247459213606817,-0.015956218708538472
2019-09-04,7083.266976369642,700.5278528350012,709.7360999042819,-0.0007184650912677171,0.013550467161849156,-0.014987397345976206
2019-09-05,7083.2660748867775,700.5452143906613,709.7169353828924,-0.0009014828647195827,0.01736155566004527,-0.019164521389484435
2019-09-06,7083.264964686439,700.5578348911222,709.7020944817566,-0.0011102003381893155,0.012620500460911899,-0.0148409011358126
2019-09-07,7083.263810370118,700.5615218651918,709.6960988750444,-0.0011543163209353224,0.003686974069637472,-0.005995606712190238
2019-09-08,7083.2626853735865,700.5664964437215,709.688874303451,-0.0011249965318711475,0.004974578529640894,-0.007224571593383189
2019-09-09,7083.261510329747,700.5726815047553,709.6803391547369,-0.0011750438397939433,0.006185061033875172,-0.00853514871414518
2019-09-10,7083.2604500414645,700.5717924480043,709.6791076349242,-0.001060288282133115,-0.0008890567510206893,-0.0012315198126771065
2019-09-11,7083.259612152269,700.5645059921228,709.6847183124164,-0.0008378891952816048,-0.007286455881512666,0.005610677492200011
2019-09-12,7083.258901464434,700.5504542240251,709.697348704841,-0.0007106878356353263,-0.014051768097715467,0.012630392424625825
2019-09-13,7083.258108280127,700.5358211905451,709.7103953697075,-0.0007931843065307476,-0.01463303347998135,0.013046664866465107
2019-09-14,7083.25725217028,700.5208209368025,709.7236834037562,-0.0008561098475183826,-0.01500025374264169,0.013288034048741793
2019-09-15,7083.2562973147105,700.5070536956069,709.7355409338153,-0.0009548555690344074,-0.013767241195523638,0.01185753005904644
2019-09-16,7083.255276142052,700.4907446632527,709.7498076208515,-0.0010211726585112046,-0.016309032354229203,0.014266687036183612
2019-09-17,7083.254217440394,700.4687935158981,709.7696413648895,-0.0010587016577119357,-0.02195114735457082,0.01983374403801008
2019-09-18,7083.253304719925,700.4484254948468,709.788183945002,-0.0009127204693868407,-0.020368021051353935,0.018542580112466567
2019-09-19,7083.25233279109,700.422281014319,709.812384567862,-0.000971928834587743,-0.026144480527818814,0.02420062286000757
2019-09-20,7083.251523967632,700.3965660641888,709.836481871075,-0.0008088234581009601,-0.025714950130122816,0.0240973032130114
2019-09-21,7083.25085544228,700.3633745121854,709.8683363723752,-0.000668525352011784,-0.03319155200347268,0.03185450130024492
2019-09-22,7083.250020919399,700.3333867916489,709.8966550471473,-0.0008345228816324379,-0.029987720536496454,0.02831867477209471
2019-09-23,7083.249108363,700.3012558402311,709.9269608857699,-0.0009125563983616303,-0.032130951417798315,0.030305838622552983
2019-09-24,7083.2480880366165,700.2665684470883,709.9596076261429,-0.0010203263836956467,-0.03468739314280356,0.03264674037302484
2019-09-25,7083.246866875432,700.2290054713644,709.9947282794989,-0.0012211611847305903,-0.03756297572385847,0.03512065335598891
2019-09-26,7083.245730682065,700.1910005747933,710.0304607893365,-0.001136193366619409,-0.038004896571123936,0.035732509837657744
2019-09-27,7083.244648983778,700.1524616590698,710.0668363084844,-0.0010816982876349357,-0.03853891572350676,0.03637551914789583
2019-09-28,7083.243509196996,700.111642945956,710.1053754480344,-0.0011397867820051033,-0.040818713113822014,0.038539139549925494
2019-09-29,7083.242670055964,700.0702869014941,710.1450532104332,-0.0008391410319745773,-0.041356044461849706,0.039677762398810046
2019-09-30,7083.241918496802,700.0292852044536,710.1845517891503,-0.0007515591614719597,-0.04100169704054224,0.03949857871714357
2019-10-01,7083.240944135929,699.9835032689571,710.2283850029,-0.0009743608734424924,-0.045781935496506776,0.04383321374973548
2019-10-02,7083.2398490994165,699.9437860928763,710.2659121059572,-0.0010950365121971117,-0.039717176080785066,0.03752710305718665
2019-10-03,7083.238631620018,699.904300713572,710.3029625264641,-0.0012174793982921983,-0.03948537930432394,0.03705042050683005
2019-10-04,7083.237312715666,699.8573292594998,710.3472961718313,-0.0013189043520469568,-0.046971454072149754,0.04433364536726003
2019-10-05,7083.236225489712,699.8161120215708,710.3863389578531,-0.0010872259545067209,-0.041217237929004114,0.03904278602180966
2019-10-06,7083.235089469733,699.7734565039631,710.4267224355017,-0.0011360199787304737,-0.042655517607727234,0.040383477648560984
2019-10-07,7083.234085633511,699.7312519731793,710.4669192938425,-0.001003836221570964,-0.04220453078380615,0.04019685834077791
2019-10-08,7083.233034667596,699.6876034899597,710.5084658452322,-0.0010509659150557127,-0.0436484832196129,0.04154655138972885
2019-10-09,7083.232027624438,699.6406506197832,710.5534046290941,-0.0010070431580970762,-0.046952870176482975,0.04493878386188044
2019-10-10,7083.230927216041,699.5964402269371,710.5954142051447,-0.0011004083971783984,-0.04421039284602557,0.04200957605064559
2019-10-11,7083.229786304665,699.5555291061736,710.6340435031572,-0.0011409113758418243,-0.0409111207635533,0.038629298012438085
2019-10-12,7083.228531135654,699.5180499020344,710.669012369272,-0.0012551690115287784,-0.037479204139231115,0.034968866114809316
2019-10-13,7083.22726531601,699.4731857827119,710.7113448493072,-0.001265819643776922,-0.04486411932248302,0.04233248003527024
2019-10-14,7083.226154268548,699.4294565468371,710.7528519902598,-0.0011110474615634303,-0.043729235874820915,0.04150714095260355
2019-10-15,7083.225084522643,699.3870927546136,710.793076290671,-0.0010697459056245862,-0.042363792223454766,0.04022430041118241
2019-10-16,7083.224140260277,699.3444863760642,710.8337941444898,-0.0009442623659197125,-0.042606378549407964,0.040717853818819094
2019-10-17,7083.223240705141,699.3031798241976,710.8733015860836,-0.0008995551361294929,-0.04130655186656895,0.03950744159374153
2019-10-18,7083.222372340191,699.2760727566811,710.8986719237007,-0.000868364949383249,-0.02710706751656744,0.02537033761711882
2019-10-19,7083.221403378754,699.2468522762682,710.925954481239,-0.0009689614371382049,-0.029220480412845973,0.02728255753834219
2019-10-20,7083.220195329008,699.2154153812364,710.9549752767795,-0.0012080497463102802,-0.03143689503178848,0.029020795540418476
2019-10-21,7083.219011694358,699.1838857355714,710.9841376531452,-0.0011836346493510064,-0.03152964566504579,0.029162376365775344
2019-10-22,7083.217874670156,699.1519240998518,711.0138252404582,-0.0011370242027624045,-0.03196163571954003,0.029687587312992036
2019-10-23,7083.216538489436,699.1267381271404,711.0363388517301,-0.0013361807195906295,-0.025185972711483373,0.022513611271847367
2019-10-24,7083.215258116823,699.0934149346633,711.0671012989822,-0.0012803726131096482,-0.03332319247704163,0.03076244725207289
2019-10-25,7083.213897381948,699.0678217597318,711.0899730041646,-0.0013607348746518255,-0.02559317493148683,0.02287170518241055
2019-10-26,7083.212887910102,699.0382110615917,711.1175647586107,-0.0010094718463733443,-0.029610698140118075,0.02759175444612083
2019-10-27,7083.211779226306,699.0176198941382,711.135938558474,-0.001108683795791876,-0.0205911674535173,0.01837379986329779
2019-10-28,7083.210631304904,698.9934136449247,711.1578489648841,-0.0011479214017526829,-0.024206249213534647,0.02191040641014297
2019-10-29,7083.209380747534,698.9811972946585,711.1675642004093,-0.0012505573704402195,-0.01221635026615786,0.009715235525163735
2019-10-30,7083.20808055593,698.9714846045862,711.174676507273,-0.0013001916040593642,-0.009712690072319674,0.007112306863746198
2019-10-31,7083.2063741529655,698.954403042416,711.1883452635147,-0.0017064029643734102,-0.017081562170233155,0.013668756241713709
2019-11-01,7083.20500476463,698.9413422622708,711.1986672669889,-0.0013693883356609149,-0.013060780145110584,0.010322003474129815
2019-11-02,7083.203717784839,698.9256910280559,711.211744541621,-0.0012869797910752823,-0.015651234214942633,0.013077274632109948
2019-11-03,7083.202433180612,698.9129549044146,711.2219114568086,-0.0012846042263845447,-0.012736123641275299,0.010166915187596715
2019-11-04,7083.201487392252,698.9055187385172,711.2274560459853,-0.0009457883606955875,-0.007436165897388491,0.0055445891766794375
2019-11-05,7083.200346030192,698.9003585255033,711.2303335348811,-0.0011413620595703833,-0.005160213013937209,0.0028774888958196243
2019-11-06,7083.1992206114755,698.8934259869948,711.2350152359562,-0.0011254187165832263,-0.006932538508522157,0.0046817010751283306
2019-11-07,7083.1980451483905,698.8989977771469,711.227092519634,-0.001175463085019146,0.0055717901520893065,-0.007922716322241286
2019-11-08,7083.196793592777,698.901858303016,711.2217288825369,-0.0012515556136349915,0.002860525869095909,-0.005363637097048013
2019-11-09,7083.195531938017,698.9019683088076,711.2190955672247,-0.0012616547601282946,0.00011000579161191126,-0.002633315312209561
2019-11-10,7083.1943155612435,698.9047163112044,711.2139148112822,-0.0012163767732999986,0.0027480023968564637,-0.005180755942546966
2019-11-11,7083.193177810425,698.9103256809165,711.2060299399334,-0.0011377508180885343,0.005609369712033185,-0.007884871348778688
2019-11-12,7083.19210684596,698.9196557822908,711.1945579096293,-0.0010709644657254103,0.009330101374303013,-0.01147203030404853
2019-11-13,7083.19121206648,698.9309610481055,711.181463084854,-0.0008947794794949004,0.011305265814712584,-0.013094824775294
2019-11-14,7083.190113753929,698.9444845325194,711.1657429753382,-0.00109831255122117,0.013523484413894948,-0.01572010951588254
2019-11-15,7083.188977017637,698.9552663889513,711.1526876463225,-0.0011367362922101165,0.010781856431890446,-0.013055329015628558
2019-11-16,7083.187763061822,698.9723129884752,711.1332131351676,-0.001213955814819201,0.017046599523951045,-0.01947451115495369
2019-11-17,7083.186480621052,698.9877801885411,711.1151810535631,-0.0012824407695006812,0.0154672000659275,-0.018032081604474115
2019-11-18,7083.185270733459,699.0074074495064,711.0931340174124,-0.0012098875931769726,0.01962726096530787,-0.02204703615075232
2019-11-19,7083.184049203658,699.0261806936431,711.0719177136727,-0.0012215298011142295,0.01877324413669612,-0.0212163037396067
2019-11-20,7083.182806288854,699.0473886388313,711.0482239388763,-0.0012429148036972038,0.021207945188166377,-0.02369377479647028
2019-11-21,7083.181768111065,699.0718358072036,711.0217004149268,-0.001038177789268957,0.02444716837226224,-0.026523523949435912
2019-11-22,7083.180863918233,699.0962308081906,710.9954970282737,-0.0009041928324222681,0.024395000987055937,-0.02620338665315103
2019-11-23,7083.17976271524,699.1232911487182,710.9662342817612,-0.0011012029926860123,0.027060340527555127,-0.029262746512472404
2019-11-24,7083.1784112754185,699.1511465763374,710.9356759745001,-0.0013514398215193069,0.027855427619215334,-0.03055830726111708
2019-11-25,7083.176921735791,699.1782180323536,710.9056254392298,-0.0014895396270730998,0.027071456016187767,-0.030050535270333967
2019-11-26,7083.175396879001,699.2038904243504,710.8769033336499,-0.001524856790638296,0.025672391996863553,-0.028722105579845447
2019-11-27,7083.174005786488,699.2369885207225,710.8410230522516,-0.0013910925126765505,0.03309809637210037,-0.03588028139836297
2019-11-28,7083.172892573271,699.2674108744453,710.8083742720968,-0.0011132132167404052,0.030422353722769913,-0.032648780154772794
2019-11-29,7083.171690695132,699.303005402913,710.7703759873506,-0.0012018781389997457,0.035594528467640885,-0.03799828474620881
2019-11-30,7083.170728667362,699.3401406810378,710.7313166536851,-0.0009620277705835178,0.03713527812487882,-0.039059333665477425
2019-12-01,7083.169905149529,699.3820974117344,710.6877128873234,-0.0008235178329414339,0.04195673069659733,-0.04360376636168439
2019-12-02,7083.168960536302,699.4131143909841,710.65480668162,-0.0009446132271477836,0.03101697924967084,-0.03290620570339797
2019-12-03,7083.167831097222,699.4498204502928,710.6158417441496,-0.0011294390797047527,0.03670605930869897,-0.03896493747038221
2019-12-04,7083.166772177093,699.4879045206021,710.5756398335824,-0.001058920129253238,0.038084070309309936,-0.04020191056724798
2019-12-05,7083.165641336429,699.522316507971,710.5389661648867,-0.0011308406637908774,0.03441198736891238,-0.036673668695698325
2019-12-06,7083.1644707766545,699.5628261163313,710.496115436977,-0.001170559774436697,0.04050960836025297,-0.0428507279096948
2019-12-07,7083.163408469653,699.6050063955955,710.4518105437105,-0.0010623070011206437,0.042180279264243836,-0.044304893266485124
2019-12-08,7083.162426813163,699.6522404033901,710.4026132229345,-0.0009816564906941494,0.047234007794600075,-0.049197320775988373
2019-12-09,7083.1614486240305,699.6899704234481,710.3629268246129,-0.0009781891321836156,0.03773002005800663,-0.039686398321578054
2019-12-10,7083.160516529112,699.7285059874325,710.3225270707921,-0.0009320949184257188,0.038535563984396504,-0.040399753820793194
2019-12-11,7083.159579488116,699.7656540109681,710.2835049652629,-0.0009370409961775295,0.03714802353556479,-0.03902210552928409
2019-12-12,7083.158492151462,699.8050882646386,710.2418960382855,-0.0010873366536543472,0.03943425367049258,-0.04160892697734653
2019-12-13,7083.157397333898,699.839691188367,710.2051034794304,-0.0010948175640805857,0.03460292372847107,-0.03679255885515431
2019-12-14,7083.156271232899,699.8838399428515,710.1587025229454,-0.001126100999499613,0.044148754484467645,-0.0464009564849448
2019-12-15,7083.155190343933,699.921833291744,710.1185473961214,-0.0010808889655891107,0.037993348892428,-0.04015512682406097
2019-12-16,7083.154247832581,699.9535490337843,710.0849466313772,-0.0009425113521501771,0.03171574204031913,-0.033600764744164735
2019-12-17,7083.153373367952,699.9946753803869,710.0420713555161,-0.0008744646293052938,0.04112634660259573,-0.04287527586109263
2019-12-18,7083.152633867808,700.0278420880865,710.0074256475294,-0.0007395001439363114,0.033166707699592735,-0.03464570798666955
2019-12-19,7083.151601564067,700.0619887723963,709.9712143557384,-0.0010323037404305069,0.03414668430980328,-0.03621129179100535
2019-12-20,7083.150610451648,700.0920807709156,709.9391401323801,-0.0009911124188874965,0.030091998519310437,-0.032074223358335985
2019-12-21,7083.149638049099,700.1251734953503,709.904102602847,-0.000972402549450635,0.03309272443470945,-0.03503752953304229
2019-12-22,7083.148484627894,700.1473933634496,709.8795758923376,-0.0011534212053447845,0.02221986809934151,-0.024526710509462646
2019-12-23,7083.14729724265,700.1798864537263,709.8447080315731,-0.001187385243611061,0.03249309027671643,-0.034867860764506986
2019-12-24,7083.146025363235,700.2122051164445,709.8098456100251,-0.001271879415071453,0.03231866271812578,-0.034862421547927624
2019-12-25,7083.145012965141,700.2350840271939,709.7849419030878,-0.0010123980937351007,0.022878910749454917,-0.024903706937379866
2019-12-26,7083.144123818828,700.2587090419893,709.7595385956673,-0.000889146313056699,0.023625014795356947,-0.025403307420447163
2019-12-27,7083.143307169463,700.2770177566239,709.739596582301,-0.0008166493653334328,0.01830871463459971,-0.019942013366289757
2019-12-28,7083.14263223427,700.296683787322,709.7185806812183,-0.0006749351923645008,0.019666030698090253,-0.021015901082705568
2019-12-29,7083.14174051041,700.3086407251524,709.7048402956686,-0.0008917238601497957,0.011956937830404968,-0.013740385549681378
2019-12-30,7083.140703724645,700.3219498610121,709.6894575882785,-0.0010367857648816425,0.013309135859685739,-0.015382707390131145
2019-12-31,7083.139721717606,700.3348699109048,709.6745735243072,-0.0009820070390560431,0.012920049892727548,-0.014884063971294381
2020-01-01,7083.138817986256,700.3465315042628,709.6611044682494,-0.000903731350263115,0.011661593357985112,-0.01346905605782922
2020-01-02,7083.137900842385,700.3564520352908,709.6493496494785,-0.0009171438714474789,0.009920531028001278,-0.011754818770896236
2020-01-03,7083.137077715629,700.3625101353105,709.6416452959469,-0.0008231267556766397,0.006058100019686208,-0.0077043535316079215
2020-01-04,7083.136264724457,700.3635181010382,709.6390113478758,-0.0008129911720970995,0.0010079657276946818,-0.002633948071093073
2020-01-05,7083.135387252181,700.3599567105438,709.6408177938174,-0.0008774722755333642,-0.0035613904943829766,0.0018064459416109457
2020-01-06,7083.1344783149225,700.3583632906464,709.6405933391981,-0.0009089372588277911,-0.0015934198974036917,-0.00022445461934239574
2020-01-07,7083.133422869975,700.351887344572,709.6449583953773,-0.0010554449472692795,-0.006475946074374406,0.0043650561792674125
2020-01-08,7083.1323678282815,700.3417961045919,709.652939551972,-0.001055041693689418,-0.010091239980056343,0.00798115659472387
2020-01-09,7083.131290802191,700.3299955910727,709.6625860133087,-0.0010770260905701434,-0.011800513519233391,0.009646461336615175
2020-01-10,7083.130044328523,700.3135136691234,709.6765749879218,-0.0012464736682886723,-0.016481921949321077,0.013988974613084793
2020-01-11,7083.128984183562,700.2955731831269,709.6923951839968,-0.0010601449603200308,-0.017940485996518873,0.015820196075083004
2020-01-12,7083.12804694453,700.2751827199768,709.710911169083,-0.0009372390322823776,-0.020390463150079086,0.01851598508619645
2020-01-13,7083.127174068387,700.2572425239042,709.7271056128698,-0.00087287614314846,-0.01794019607257269,0.016194443786730517
2020-01-14,7083.1263554371135,700.2314333680706,709.7512775061549,-0.0008186312734324019,-0.025809155833599107,0.024171893285142687
2020-01-15,7083.125475500653,700.207343426077,709.773607575228,-0.0008799364604783477,-0.024089941993565844,0.022330069073063896
2020-01-16,7083.124709219712,700.1782725906332,709.8011458487892,-0.0007662809412067872,-0.029070835443803844,0.027538273561276583
2020-01-17,7083.123770743828,700.1525806595209,709.8249608281326,-0.0009384758841406438,-0.02569193111230561,0.023814979343342202
2020-01-18,7083.122793993769,700.1230928312035,709.8524951563331,-0.0009767500587258837,-0.029487828317428466,0.027534328200545133
2020-01-19,7083.121895746966,700.0907312632171,709.8830602307148,-0.0008982468025351409,-0.03236156798641332,0.0305650743816841
2020-01-20,7083.120857978755,700.0607179837041,709.9109979738058,-0.0010377682110629394,-0.030013279513013913,0.02793774309100172
2020-01-21,7083.119923387486,700.0302139701674,709.9396328048036,-0.00093459126946982,-0.03050401353664256,0.028634830997816607
2020-01-22,7083.119039601065,699.995084817511,709.9729943846191,-0.0008837864206725499,-0.03512915265639549,0.03336157981550514
2020-01-23,7083.118458331474,699.9495542588644,710.0173624040835,-0.0005812695908389287,-0.04553055864664657,0.04436801946440028
2020-01-24,7083.117835167096,699.9103193322863,710.0553510019059,-0.0006231643783394247,-0.039234926578046725,0.03798859782239106
2020-01-25,7083.117000225197,699.8683362979691,710.095664152425,-0.0008349418985744705,-0.04198303431724071,0.040313150519068586
2020-01-26,7083.116264731646,699.8274405604749,710.1350889028156,-0.0007354935514740646,-0.040895737494224704,0.039424750390594454
2020-01-27,7083.115312780211,699.7887417031975,710.171883857223,-0.0009519514351268299,-0.03869885727738165,0.03679495440735536
2020-01-28,7083.1141763989945,699.7339729944633,710.2243798035252,-0.0011363812163835973,-0.05476870873417283,0.052495946302201446
2020-01-29,7083.113161651564,699.7050603478297,710.2512629552965,-0.0010147474304176285,-0.028912646633671102,0.026883151771357916
2020-01-30,7083.1123559209755,699.6728151762823,710.2818966656696,-0.0008057305885813548,-0.032245171547401696,0.030633710373081158
2020-01-31,7083.11151862038,699.6384621830267,710.3145750577329,-0.000837300595776469,-0.03435299325553842,0.03267839206330336
2020-02-01,7083.1106435922375,699.5965970193109,710.3546901651637,-0.0008750281422180706,-0.04186516371578364,0.04011510743077906
2020-02-02,7083.109703858158,699.5510950453404,710.398312670977,-0.0009397340791110764,-0.045501973970544896,0.043622505813345924
2020-02-03,7083.108773725487,699.5002711049647,710.4472763460079,-0.0009301326717832126,-0.05082394037572158,0.048963675030904596
2020-02-04,7083.107532865561,699.4560292706665,710.489036460455,-0.0012408599259288167,-0.04424183429819095,0.041760114447129126
2020-02-05,7083.106283252658,699.4078362200637,710.5347302852516,-0.0012496129029386793,-0.048193050602776566,0.04569382479655815
2020-02-06,7083.105089491869,699.3674558798265,710.5727231039111,-0.0011937607887375634,-0.04038034023722048,0.03799281865951798
2020-02-07,7083.103973916178,699.3250068233903,710.612941008964,-0.0011155756910739,-0.042449056436225874,0.04021790505282752
2020-02-08,7083.102963005557,699.296275620232,710.6396503908813,-0.0010109106206073193,-0.028731203158258722,0.026709381917385144
2020-02-09,7083.102164753325,699.258927801302,710.6754017053486,-0.0007982522320162388,-0.03734781893001582,0.0357513144672339
2020-02-10,7083.101398895791,699.2169457924451,710.7158519991353,-0.0007658575341338292,-0.04198200885684855,0.040450293786761904
2020-02-11,7083.100391408687,699.1799966210359,710.7507861963379,-0.0010074871042888844,-0.03694917140921916,0.03493419720257407
2020-02-12,7083.099329832227,699.1428991487068,710.7857605157469,-0.0010615764595058863,-0.03709747232915106,0.03497431940900242
2020-02-13,7083.098337208764,699.1047791187798,710.8218952987474,-0.0009926234633894637,-0.038120029926972165,0.0361347830005343
2020-02-14,7083.0972999871365,699.085727321188,710.8388726530845,-0.0010372216274845414,-0.01905179759182829,0.01697735433708658
2020-02-15,7083.096359898301,699.0615073724472,710.8612124241547,-0.0009400888357049553,-0.02421994874077882,0.022339771070164716
2020-02-16,7083.095518373217,699.0298146111638,710.8912221352684,-0.0008415250840698718,-0.03169276128335241,0.03000971111373474
2020-02-17,7083.094622015732,698.9982683172223,710.9209757142418,-0.000896357484634791,-0.03154629394157382,0.02975357897332742
2020-02-18,7083.094040709755,698.9669410357658,710.9511403837453,-0.0005813059769934625,-0.03132728145646979,0.030164669503506047
2020-02-19,7083.092919702791,698.9364441905572,710.9793952150243,-0.0011210069642402232,-0.030496845208631385,0.02825483127901407
2020-02-20,7083.0916536339855,698.9081740349474,711.0051332330235,-0.001266068805307441,-0.02827015560978907,0.02573801799917419
2020-02-21,7083.090502870602,698.8923017338902,711.018704007313,-0.0011507633835208253,-0.015872301057129334,0.01357077428951925
2020-02-22,7083.08920369384,698.8751705840419,711.0332368036369,-0.0012991767616767902,-0.017131149848296445,0.014532796323919683
2020-02-23,7083.087989520972,698.8568276021889,711.0491514397546,-0.0012141728684582631,-0.01834298185303851,0.0159146361177136
2020-02-24,7083.086899622265,698.836175438868,711.0676238056623,-0.0010898987065957044,-0.02065216332084674,0.01847236590765533
2020-02-25,7083.085909761015,698.8190137402175,711.0828057818106,-0.0009898612506731297,-0.017161698650511426,0.015181976148369358
2020-02-26,7083.085048691706,698.8066738890244,711.0934234943877,-0.0008610693084847298,-0.012339851193132745,0.01061771257707278
2020-02-27,7083.084357995445,698.7957403539626,711.1029756369273,-0.0006906962607899914,-0.010933535061781186,0.009552142539632769
2020-02-28,7083.0834247762805,698.7892361030008,711.1076134495604,-0.0009332191648354637,-0.006504250961825164,0.0046378126330637315
2020-02-29,7083.082412562486,698.7839560772526,711.1108690477193,-0.0010122137946382281,-0.005280025748220396,0.0032555981589439398
2020-03-01,7083.081229152956,698.778950610043,711.1135076958686,-0.0011834095294034341,-0.005005467209571179,0.0026386481492863822
2020-03-02,7083.080150510011,698.7729544668563,711.1173465531659,-0.001078642945685715,-0.005996143186735026,0.003838857297296272
2020-03-03,7083.078980717244,698.7699428525408,711.1180185819468,-0.001169792766631872,-0.0030116143154828023,0.0006720287808548164
2020-03-04,7083.077939822174,698.7686641882244,711.1172154561237,-0.0010408950702185393,-0.001278664316373579,-0.0008031258230403182
2020-03-05,7083.076999882229,698.7710089900354,711.1129907744216,-0.0009399399450558121,0.002344801810977515,-0.004224681702112321
2020-03-06,7083.076026320387,698.7736922518318,711.1083603889423,-0.0009735618414197234,0.0026832617963918892,-0.004630385479345023
2020-03-07,7083.0749521069665,698.783063727165,711.0968404867689,-0.0010742134209067444,0.009371475333182389,-0.011519902173404262
2020-03-08,7083.073844176325,698.7927753360419,711.0849130166072,-0.0011079306414103485,0.009711608876955324,-0.011927470161708698
2020-03-09,7083.0728332652225,698.8006464904581,711.0750200399873,-0.0010109111026395112,0.007871154416193349,-0.009892976619880756
2020-03-10,7083.071813898782,698.8133740215756,711.0602537759885,-0.001019366440232261,0.01272753111743441,-0.014766263998808427
2020-03-11,7083.070792442475,698.8253599939596,711.0462248909901,-0.00102145630717132,0.011985972384081833,-0.014028884998424473
2020-03-12,7083.069857793291,698.8402675976328,711.0294479889488,-0.0009346491842734395,0.014907603673123049,-0.01677690204121518
2020-03-13,7083.0689231441065,698.8551752013059,711.0126710869077,-0.0009346491842734395,0.014907603673123049,-0.016776902041101494
2020-03-14,7083.068025681823,698.8718758796049,710.9941754840416,-0.000897462283319328,0.016700678299002902,-0.018495602866096306
2020-03-15,7083.067033189025,698.8932459439403,710.9708204341085,-0.0009924927981046494,0.02137006433542865,-0.02335504993311588
2020-03-16,7083.066015620706,698.9145633302688,710.9474679111415,-0.0010175683191846474,0.021317386328519206,-0.023352522967002187
2020-03-17,7083.064987581773,698.9436421724015,710.9163329911437,-0.0010280389333274798,0.02907884213266243,-0.03113491999783946
2020-03-18,7083.063857195288,698.9678225650753,710.8898918255007,-0.0011303864848741796,0.024180392673770257,-0.026441165642950182
2020-03-19,7083.062694142707,698.9978578767722,710.8575304086407,-0.0011630525805230718,0.03003531169690632,-0.032361416859998826
2020-03-20,7083.061768590651,699.0234629993411,710.8300741819604,-0.0009255520562874153,0.025605122568890692,-0.027456226680328655
2020-03-21,7083.060678824308,699.0541218307144,710.7972358179004,-0.001089766343284282,0.03065883137333003,-0.03283836406001228
2020-03-22,7083.059559195739,699.0857101854173,710.7634082060598,-0.0011196285686310148,0.03158835470287613,-0.03382761184059291
2020-03-23,7083.058428392272,699.1181245797765,710.7287322047665,-0.0011308034672765643,0.032414394359193466,-0.03467600129329185
2020-03-24,7083.0573230368655,699.1505139729118,710.6941321008189,-0.0011053554062527837,0.03238939313530409,-0.034600103947582284
2020-03-25,7083.056187949745,699.1846135617982,710.6577623376924,-0.001135087120019307,0.03409958888641995,-0.03636976312657225
2020-03-26,7083.055134920485,699.2208167861515,710.6194530548182,-0.0010530292602197733,0.036203224353357655,-0.03830928287413826
2020-03-27,7083.054237421469,699.2567293981316,710.5817454448063,-0.0008974990159913432,0.035912611980052134,-0.03770761001192113
2020-03-28,7083.053266086333,699.2964586445742,710.5400735280914,-0.0009713351364553091,0.039729246442561816,-0.041671916714904
2020-03-29,7083.052213488699,699.3377417823812,710.4966851950154,-0.0010525976340431953,0.04128313780699955,-0.04338833307599543
2020-03-30,7083.051102432625,699.3780766499125,710.4541282153374,-0.0011110560735687613,0.0403348675313282,-0.042556979678010975
2020-03-31,7083.05003981368,699.4206460600369,710.4094335673237,-0.001062618945070426,0.04256941012442894,-0.0446946480136603
2020-04-01,7083.048885001401,699.4644401554762,710.363329847325,-0.0011548122793101356,0.043794095439238845,-0.04610371999876861
2020-04-02,7083.047812152607,699.508042783667,710.3175815215461,-0.0010728487941378262,0.04360262819079708,-0.045748325778845356
2020-04-03,7083.046450751846,699.5494227310926,710.2734787725996,-0.0013614007602882339,0.04137994742563933,-0.04410274894655686
2020-04-04,7083.045364586905,699.5916562915147,710.2290728822952,-0.0010861649416256114,0.0422335604221189,-0.04440589030434694
2020-04-05,7083.04419227083,699.6331061592393,710.1852783824191,-0.0011723160750989337,0.04144986772462289,-0.04379449987607131
2020-04-06,7083.042934363924,699.679893256148,710.1359754716989,-0.0012579069052662817,0.04678709690870164,-0.04930291072025739
2020-04-07,7083.041767861297,699.7165714028787,710.096964319715,-0.001166502627711452,0.03667814673065095,-0.039011151983913805
2020-04-08,7083.040740918863,699.764585155313,710.0468966824116,-0.0010269424337820965,0.048013752434258095,-0.0500676373034139
2020-04-09,7083.039698864304,699.8083522335409,710.0010454950676,-0.0010420545586384833,0.04376707822791559,-0.045851187343942
2020-04-10,7083.038609642881,699.8507953372367,709.9564239485251,-0.0010892214231716935,0.04244310369585946,-0.04462154654254391
2020-04-11,7083.037648605954,699.8944212802561,709.9108759316517,-0.0009610369270376395,0.04362594301937861,-0.0455480168733402
2020-04-12,7083.036446165242,699.932964841972,709.8699274885108,-0.0012024407124044956,0.038543561715869146,-0.04094844314090551
2020-04-13,7083.035330636951,699.9767676085464,709.8238936653535,-0.0011155282909385278,0.043802766574458474,-0.04603382315735871
2020-04-14,7083.034206118389,700.0132526352655,709.7851596015124,-0.001124518561482546,0.03648502671910592,-0.03873406384104783
2020-04-15,7083.033007226726,700.0496001499266,709.7464143035248,-0.0011988916630798485,0.0363475146610881,-0.038745297987588856
2020-04-16,7083.031857031997,700.0900598768694,709.7036541871241,-0.0011501947292344994,0.040459726942799534,-0.0427601164007001
2020-04-17,7083.030782799916,700.1260866163954,709.6654789834356,-0.0010742320810095407,0.036026739525937046,-0.03817520368852456
2020-04-18,7083.029641470552,700.1610086577857,709.6282742833163,-0.0011413293641453492,0.03492204139035948,-0.0372047001193323
2020-04-19,7083.0283827736475,700.1971353173439,709.5896302299502,-0.0012586969041876728,0.03612665955813554,-0.03864405336605614
2020-04-20,7083.027228480986,700.2264684618573,709.5579885001144,-0.0011542926613401505,0.029333144513429943,-0.03164172983576918
2020-04-21,7083.025796345752,700.2559109710046,709.5256817204978,-0.0014321352346087224,0.029442509147315832,-0.03230677961664696
2020-04-22,7083.0247812747475,700.2762888051151,709.5032737443811,-0.0010150710040761624,0.020377834110490767,-0.022407976116710415
2020-04-23,7083.0235766599835,700.3029523960221,709.4742009239436,-0.00120461476399214,0.026663590906991885,-0.029072820437477276
2020-04-24,7083.022485208233,700.3278321808264,709.4471382356379,-0.0010914517506535049,0.0248797848042841,-0.027062688305704796
2020-04-25,7083.021453833027,700.3482326882789,709.4246749777759,-0.0010313752054571523,0.020400507452563943,-0.02246325786200032
2020-04-26,7083.020302017818,700.362748965787,709.4078550698476,-0.0011518152095959522,0.014516277508050734,-0.01681990792826582
2020-04-27,7083.018935804068,700.366491981664,709.4013796264712,-0.0013662137498613447,0.00374301587703485,-0.006475443376416479
2020-04-28,7083.017839757961,700.3779621930614,709.3877173228608,-0.0010960461067952565,0.011470211397409003,-0.013662303610431081
2020-04-29,7083.016664618245,700.3804730545407,709.3828561819485,-0.0011751397159969201,0.002510861479322557,-0.004861140912339579
2020-04-30,7083.01559984936,700.3867019430742,709.3744977556454,-0.0010647688850440318,0.0062288885334282895,-0.008358426303061606
2020-05-01,7083.014341924464,700.3869374088449,709.3717464400822,-0.0012579248959809775,0.0002354657707428487,-0.002751315563159551
2020-05-02,7083.013161826739,700.385835580369,709.3704880731078,-0.0011800977254097234,-0.0011018284759529706,-0.0012583669744117287
2020-05-03,7083.012032757821,700.3826957773811,709.3713697382582,-0.0011290689180896152,-0.00313980298790284,0.0008816651503593675
2020-05-04,7083.010702528779,700.3736586532928,709.3777464042654,-0.0013302290417414042,-0.009037124088308701,0.006376666007213316
2020-05-05,7083.009592437039,700.3662838374431,709.3829010366339,-0.0011100917399744503,-0.0073748158496300675,0.0051546323685442985
2020-05-06,7083.008423739269,700.3560519492377,709.3907955293008,-0.001168697769571736,-0.010231888205453288,0.00789449266687825
2020-05-07,7083.007170749429,700.3424632934099,709.4018782054476,-0.0012529898403954576,-0.013588655827788898,0.01108267614677061
2020-05-08,7083.005893301406,700.3194921142419,709.4222944885696,-0.0012774480228472385,-0.022971179167939226,0.020416283122017376
2020-05-09,7083.0047165912665,700.2988126401489,709.4406205423838,-0.0011767101395889767,-0.020679474093071804,0.01832605381423491
2020-05-10,7083.003807850588,700.2765134786082,709.4611022225666,-0.0009087406788239605,-0.022299161540672685,0.02048168018279739
2020-05-11,7083.002760482664,700.2531071188394,709.4824138464882,-0.0010473679240021738,-0.023406359768841867,0.02131162392151964
2020-05-12,7083.001756547525,700.222284561324,709.511228533726,-0.0010039351391242235,-0.03082255751530738,0.02881468723785474
2020-05-13,7083.00076173588,700.1854909122669,709.5460325594931,-0.000994811644886795,-0.036793649057131006,0.03480402576713004
2020-05-14,7082.999841888356,700.1552231955247,709.5744605811874,-0.0009198475236189552,-0.030267716742173434,0.028428021694253403
2020-05-15,7082.998849147157,700.1218328548996,709.6058654394142,-0.0009927411992975976,-0.033390340625146564,0.03140485822677874
2020-05-16,7082.997665341341,700.0834718057905,709.6418588768921,-0.0011838058153443853,-0.03836104910908489,0.03599343747794137
2020-05-17,7082.996620974104,700.0406784275824,709.6825635206255,-0.0010443672372275614,-0.042793378208102695,0.0407046437334202
2020-05-18,7082.995529127768,700.0046540576786,709.7164041978583,-0.0010918463358393637,-0.036024369903771,0.0338406772327744
2020-05-19,7082.994363205396,699.958742149893,709.7599842608977,-0.0011659223719107104,-0.0459119077855803,0.04358006303937145
2020-05-20,7082.993213658882,699.9195807372329,709.7968465805315,-0.0011495465141706518,-0.03916141266017803,0.0368623196337694
2020-05-21,7082.992163845408,699.8808454946665,709.8334821961507,-0.0010498134743102128,-0.03873524256641758,0.036635615619275086
2020-05-22,7082.991159637605,699.8345125415881,709.8778067336207,-0.001004207802907331,-0.046332953078376704,0.044324537469947245
2020-05-23,7082.990079138171,699.7908594995739,709.9192987767663,-0.0010804994344653096,-0.04365304201417075,0.04149204314558119
2020-05-24,7082.988997554059,699.7450802434761,709.9629148646421,-0.0010815841114890645,-0.04577925609783051,0.043616087875875564
2020-05-25,7082.987821610756,699.695173406622,710.0104698148909,-0.0011759433027691557,-0.04990683685412023,0.04755495024880929
2020-05-26,7082.986793640043,699.6484255220911,710.0551617579964,-0.0010279707130393945,-0.04674788453087331,0.04469194310547664
2020-05-27,7082.985765669331,699.6016776375603,710.0998537011019,-0.0010279707121298998,-0.04674788453075962,0.04469194310547664
2020-05-28,7082.984737698619,699.5549297530296,710.1445456442074,-0.0010279707121298998,-0.04674788453075962,0.04469194310547664
2020-05-29,7082.983679145327,699.510621808382,710.1867364822717,-0.0010585532918412355,-0.04430794464758492,0.042190838064357195
2020-05-30,7082.982668436784,699.4598307305245,710.2355061430422,-0.0010107085436175112,-0.050791077857525124,0.048769660770517476
2020-05-31,7082.981398796351,699.4007712897254,710.2920263029756,-0.0012696404328380595,-0.05905944079904657,0.05652015993337045
2020-06-01,7082.980257109235,699.3506276299756,710.3398865884939,-0.001141687115705281,-0.050143659749778635,0.047860285518254386
2020-06-02,7082.979117046762,699.3028571150024,710.3853769785205,-0.0011400624725865782,-0.04777051497319462,0.045490390026657224
2020-06-03,7082.977882996734,699.2594000515463,710.4263659419204,-0.001234050028870115,-0.043457063456116884,0.04098896339985458
2020-06-04,7082.976704033619,699.2118055242219,710.4716025430153,-0.001178963114398357,-0.04759452732446334,0.04523660109487082
2020-06-05,7082.975440078695,699.1628678537877,710.5180123036021,-0.0012639549240702763,-0.048937670434156644,0.0464097605868119
2020-06-06,7082.974379873965,699.1231064536854,710.5556532942435,-0.001060204730492842,-0.03976140010229301,0.03764099064142101
2020-06-07,7082.973268184046,699.0783512041068,710.5981851639849,-0.001111689918616321,-0.04475524957865673,0.04253186974142409
2020-06-08,7082.972131077268,699.0394132553006,710.6348488992371,-0.0011371067776053678,-0.03893794880616497,0.03666373525220479
2020-06-09,7082.971170871247,699.000652064242,710.6716896782507,-0.0009602060217730468,-0.03876119105859743,0.03684077901357341
2020-06-10,7082.970242271705,698.9626737843757,710.7078107590324,-0.0009285995420214022,-0.037978279866251796,0.036121080781754245
2020-06-11,7082.969163916836,698.9180903731464,710.7502374605245,-0.0010783548686958966,-0.044583411229382364,0.04242670149210426
2020-06-12,7082.96825412767,698.8862761757596,710.7802320795779,-0.0009097891661440372,-0.0318141973867796,0.029994619053354654
2020-06-13,7082.967299421373,698.8494788385204,710.8151200042274,-0.0009547062963974895,-0.03679733723913614,0.03488792464952439
2020-06-14,7082.966333656634,698.8161016218116,710.8465656914553,-0.0009657647397034452,-0.033377216708800006,0.03144568722791519
2020-06-15,7082.9652385847385,698.7866971481586,710.8737800213182,-0.0010950718951789895,-0.029404473653016794,0.02721432986288619
2020-06-16,7082.964238510429,698.7578171489664,710.9006598718903,-0.0010000743095588405,-0.02887999919221329,0.026879850572072428
2020-06-17,7082.9633547174035,698.7299275781725,710.9267818566351,-0.0008837930254230741,-0.027889570793945495,0.02612198474480465
2020-06-18,7082.962507751451,698.7047911325836,710.9502243703183,-0.0008469659524052986,-0.025136445588827883,0.023442513683221478
2020-06-19,7082.961500876286,698.6829892531252,710.9700124994463,-0.0010068751653307118,-0.02180187945839407,0.01978812912796002
2020-06-20,7082.960576990343,698.663424387755,710.9877295929304,-0.0009238859429387958,-0.01956486537028468,0.017717093484066027
2020-06-21,7082.959662035425,698.6420508699472,711.0072732009014,-0.0009149549177891458,-0.02137351780777408,0.01954360797105892
2020-06-22,7082.958778752215,698.6201564585883,711.0274010458405,-0.0008832832099869847,-0.021894411358857724,0.020127844939111128
2020-06-23,7082.957978262286,698.6012078650974,711.0447486594735,-0.0008004899291336187,-0.018948593490904386,0.01734761363297821
2020-06-24,7082.957316479498,698.5858087979336,711.0588241610623,-0.0006617827875743387,-0.015399067163798463,0.014075501588763473
2020-06-25,7082.956553735351,698.5671090648707,711.0759984058301,-0.0007627441473232466,-0.018699733062931045,0.017174244767829805
2020-06-26,7082.955691125893,698.5547928792147,711.0865893725706,-0.0008626094577266485,-0.012316185656004563,0.010590966740551266
2020-06-27,7082.954827191084,698.545356965399,711.0942974167707,-0.0008639348088763654,-0.009435913815650565,0.007708044200057884
2020-06-28,7082.953928540112,698.5410920299821,711.0967650502414,-0.0008986509719761671,-0.004264935416927074,0.002467633470701003
2020-06-29,7082.952939832362,698.5384108293529,711.0974688353714,-0.0009887077503663022,-0.0026812006292402657,0.0007037851299855902
2020-06-30,7082.952046231145,698.5401862957203,711.093906166568,-0.0008936012172853225,0.0017754663674622861,-0.003562668803397173
2020-07-01,7082.951050643632,698.5445370999452,711.087564187319,-0.0009955875129890046,0.004350804224827698,-0.006341979248986718
2020-07-02,7082.950072225361,698.5506923653402,711.07945208538,-0.000978418271188275,0.00615526539502298,-0.008112101938991145
2020-07-03,7082.949201548552,698.5553083744871,711.0730947226174,-0.0008706768085176009,0.004616009146957367,-0.006357362762628327
2020-07-04,7082.9484904050205,698.564097128702,711.0628836813393,-0.0007111435315891868,0.008788754214833716,-0.010211041278125776
2020-07-05,7082.947632056278,698.5760935235337,711.0491705890212,-0.0008583487424402847,0.01199639483172632,-0.013713092318084819
2020-07-06,7082.946760128016,698.5903817858716,711.0331384701587,-0.000871928262313304,0.014288262337913693,-0.016032118862426614
2020-07-07,7082.945866491434,698.6016008378249,711.0201321450426,-0.0008936365820773062,0.011219051953275994,-0.01300632511618005
2020-07-08,7082.944970334666,698.6201979508639,710.9997427184682,-0.0008961567673395621,0.018597113039049873,-0.020389426574411118
2020-07-09,7082.944089906898,698.635790733811,710.9823890799847,-0.0008804277686067508,0.015592782947010164,-0.017353638483427858
2020-07-10,7082.943311210459,698.65887497685,710.9577474440673,-0.0007786964388287743,0.02308424303907941,-0.02464163591741908
2020-07-11,7082.942535871095,698.6795898111116,710.9354819310778,-0.000775339363826788,0.02071483426152554,-0.022265512989520175
2020-07-12,7082.941604616404,698.7046586704168,710.9085505623909,-0.0009312546908404329,0.02506885930529279,-0.02693136868685997
2020-07-13,7082.940910008398,698.7272317845898,710.8845882322041,-0.0006946080065972637,0.0225731141729284,-0.023962330186805048
2020-07-14,7082.940132064495,698.7546059043331,710.8556582246574,-0.0007779439029036439,0.02737411974328552,-0.028930007546705383
2020-07-15,7082.939138062949,698.7854486085562,710.8228275173403,-0.0009940015461324947,0.030842704223118744,-0.032830707317089036
2020-07-16,7082.93829123322,698.8172404277104,710.7893420387292,-0.000846829728288867,0.031791819154250334,-0.03348547861116913
2020-07-17,7082.937360246949,698.8517532225093,710.752967271387,-0.0009309862716690986,0.03451279479884306,-0.03637476734218126
2020-07-18,7082.936402777231,698.8862124181627,710.716593136298,-0.0009574697178322822,0.03445919565342592,-0.0363741350889768
2020-07-19,7082.935569755364,698.9206039193444,710.6805355913818,-0.0008330218670380418,0.03439150118174439,-0.03605754491616153
2020-07-20,7082.934692029658,698.9573737111338,710.6420103481823,-0.0008777257053225185,0.03676979178931106,-0.03852524319950135
2020-07-21,7082.933963708184,698.9992359253032,710.5986914910643,-0.0007283214745257283,0.04186221416944136,-0.04331885711803807
2020-07-22,7082.933154671656,699.0388745210051,710.5574348223055,-0.0008090365281532286,0.03963859570194472,-0.041256668758819615
2020-07-23,7082.932264237889,699.0819810422679,710.5125474335102,-0.0008904337664716877,0.04310652126275727,-0.0448873887952459
2020-07-24,7082.9315424129345,699.1252331559833,710.4678516698856,-0.0007218249547804589,0.04325211371542537,-0.044695763624645224
2020-07-25,7082.930824315053,699.1723079407974,710.4193406893072,-0.0007180978818723815,0.04707478481407179,-0.04851098057838499
2020-07-26,7082.929980154714,699.2143149508835,710.375645358545,-0.000844160338601796,0.04200701008608121,-0.04369533076226162
2020-07-27,7082.929254959206,699.2597244145643,710.3287855038487,-0.0007251955075844307,0.04540946368081222,-0.04685985469620846
2020-07-28,7082.9283840137805,699.3081932569678,710.278574770593,-0.0008709454259587801,0.04846884240350846,-0.05021073325576708
2020-07-29,7082.92738698281,699.3441151913839,710.2406587742349,-0.000997030970211199,0.03592193441613745,-0.03791599635803777
2020-07-30,7082.926565336825,699.3908919415643,710.1922387320847,-0.0008216459855248104,0.04677675018035643,-0.04842004215026918
2020-07-31,7082.925710901683,699.4453135301933,710.1361082731726,-0.0008544351421733154,0.0544215886289976,-0.05613045891209367
2020-08-01,7082.924759922864,699.4940096214971,710.08551022423,-0.0009509788187642698,0.04869609130378194,-0.050598048942561036
2020-08-02,7082.92376530379,699.5412886092487,710.0362419983302,-0.0009946190739356098,0.04727898775161066,-0.04926822589982294
2020-08-03,7082.922609471917,699.585749236728,709.9894697071056,-0.0011558318728930317,0.044460627479338655,-0.046772291224556284
2020-08-04,7082.921434188865,699.627764198908,709.9451041788205,-0.0011752830523619195,0.04201496218001921,-0.04436552828508411
2020-08-05,7082.920445360984,699.6571360672659,709.9137546547007,-0.0009888278809739859,0.029371868357884523,-0.031349524119832495
2020-08-06,7082.91985427417,699.7061043044724,709.8636042438666,-0.0005910868139835657,0.048968237206509,-0.05015041083413507
2020-08-07,7082.919014274372,699.7543154167785,709.8137131319645,-0.0008399997977903695,0.04821111230603492,-0.049891111902070406
2020-08-08,7082.917986937913,699.7994086386592,709.7665652371679,-0.001027336458719219,0.045093221880733836,-0.04714789479658066
2020-08-09,7082.9171499637705,699.8397884461109,709.7245114814292,-0.0008369741426577093,0.04037980745169989,-0.04205375573872061
2020-08-10,7082.91628301316,699.8793645973951,709.6832014289246,-0.0008669506105434266,0.03957615128422276,-0.04131005250462749
2020-08-11,7082.9152190737805,699.9199563923885,709.6404817551715,-0.001063939379491785,0.04059179499336096,-0.042719673753026655
2020-08-12,7082.914453326702,699.9592491644273,709.5996574889762,-0.000765747078730783,0.0392927720388343,-0.04082426619538637
2020-08-13,7082.913682903512,699.9998275709688,709.5575382360564,-0.000770423189351277,0.040578406541499135,-0.04211925291974694
2020-08-14,7082.912752050343,700.0297648920218,709.5257392086645,-0.0009308531689384836,0.029937321053012056,-0.031799027391912205
2020-08-15,7082.91174935844,700.0616226284578,709.4918760884217,-0.0010026919035226456,0.03185773643599532,-0.03386312024281324
2020-08-16,7082.910969881661,700.0945068977147,709.4574328656076,-0.0007794767789164325,0.032884269256896914,-0.03444322281404766
2020-08-17,7082.90980093337,700.1150572485495,709.4345446181906,-0.001168948290796834,0.02055035083481016,-0.02288824741708595
2020-08-18,7082.908859238854,700.1421244675739,709.4055940101335,-0.0009416945158591261,0.027067219024388578,-0.028950608057016325
2020-08-19,7082.908090158966,700.1624177513423,709.3837625665896,-0.0007690798884141259,0.02029328376841022,-0.021831443543987916
2020-08-20,7082.907293004624,700.183135788289,709.3614502209582,-0.0007971543418534566,0.020718036946618668,-0.022312345631348762
2020-08-21,7082.906438213251,700.2035474693038,709.3393289571974,-0.0008547913730581058,0.020411681014820715,-0.02212126376082324
2020-08-22,7082.9057764919,700.216574173446,709.3249788103533,-0.000661721351207234,0.01302670414224849,-0.014350146844094525
2020-08-23,7082.905004070513,700.2299094308996,709.3100987101261,-0.0007724213865003549,0.013335257453604754,-0.014880100227173898
2020-08-24,7082.903919157917,700.2433341224832,709.2945041933513,-0.0010849125965251005,0.013424691583622916,-0.015594516774854128
2020-08-25,7082.903268492454,700.25497665969,709.2815603252178,-0.0006506654626718955,0.01164253720673969,-0.012943868133447722
2020-08-26,7082.902407390821,700.260301886465,709.2745128951775,-0.0008611016328359256,0.00532522677497127,-0.007047430040302061
2020-08-27,7082.901497096546,700.2682886287378,709.2647055643542,-0.0009102942749450449,0.007986742272805714,-0.009807330823264238
2020-08-28,7082.900590301042,700.2684749731683,709.2627056289169,-0.0009067955043065012,0.00018634443051723792,-0.001999935437311251
2020-08-29,7082.899561471962,700.2616314506683,709.2674914932566,-0.0010288290795870125,-0.0068435224999348065,0.004785864339623913
2020-08-30,7082.898549421807,700.2572306404295,709.2698682031844,-0.001012050155623001,-0.004400810238848862,0.002376709927830234
2020-08-31,7082.897425444611,700.2457583857865,709.2790925034358,-0.001123977195675252,-0.011472254642967528,0.00922430025138965
2020-09-01,7082.896298990888,700.2337589493374,709.2888390324376,-0.0011264537233728333,-0.011999436449173118,0.009746529001859017
2020-09-02,7082.895248758102,700.2183878335999,709.3021096826035,-0.0010502327859285288,-0.015371115737480068,0.013270650165850384
2020-09-03,7082.894257505883,700.2000167304283,709.3184982813366,-0.0009912522191370954,-0.018371103171602954,0.01638859873310139
2020-09-04,7082.893410681674,700.1800453101874,709.33677605316,-0.000846824208565522,-0.01997142024083587,0.018277771823363764
2020-09-05,7082.892499275051,700.1536915411099,709.3613070089914,-0.0009114066233451013,-0.026353769077559264,0.024530955831437495
2020-09-06,7082.89152119131,700.1296491055838,709.3833932770367,-0.0009780837408470688,-0.024042435526098416,0.022086268045313773
2020-09-07,7082.890605265723,700.0985398918249,709.41267063962,-0.0009159255869235494,-0.03110921375889575,0.029277362583343347
2020-09-08,7082.889664313976,700.0692583896147,709.4400702383375,-0.0009409517469975981,-0.02928150221021042,0.02739959871746578
2020-09-09,7082.888775340126,700.0375189881253,709.4700316921263,-0.0008889738501238753,-0.03173940148940346,0.02996145378881465
2020-09-10,7082.887963922429,700.0057829355477,709.5001449093102,-0.0008114176971503184,-0.03173605257757117,0.03011321718383897
2020-09-11,7082.887060897536,699.9773259175864,709.5267958774853,-0.0009030248929775553,-0.028457017961272868,0.026650968175090384
2020-09-12,7082.8861472474755,699.9405927420055,709.5617017529448,-0.000913650060283544,-0.036733175580934585,0.03490587545957169
2020-09-13,7082.885153529542,699.8987264585214,709.6015806005616,-0.0009937179338521673,-0.041866283484068845,0.03987884761681926
2020-09-14,7082.884251843515,699.8631971528216,709.6353065342078,-0.0009016860267365701,-0.03552930569981072,0.03372593364611021
2020-09-15,7082.883309867881,699.824687957849,709.6719317779116,-0.0009419756343049812,-0.038509194972562,0.03662524370383835
2020-09-16,7082.882396252723,699.7741206465623,709.7206718588845,-0.0009136151575148688,-0.05056731128672709,0.04874008097294791
2020-09-17,7082.881466286308,699.7329498930569,709.7599826795584,-0.0009299664152422338,-0.041170753505411994,0.039310820673904345
2020-09-18,7082.880634639571,699.6940144248292,709.7972548543128,-0.0008316467365148128,-0.03893546822769167,0.037272174754320986
2020-09-19,7082.8797304004565,699.658693614882,709.8307671860297,-0.0009042391147886519,-0.0353208099471658,0.033512331716906374
2020-09-20,7082.879032278539,699.6060564601682,709.8820080969087,-0.0006981219175941078,-0.05263715471380692,0.051240910879073454
2020-09-21,7082.8781200586,699.554830618571,709.931409498629,-0.0009122199389821617,-0.05122584159721555,0.04940140172027441
2020-09-22,7082.877494396094,699.5145707917534,709.9704180004342,-0.0006256625056266785,-0.04025982681764617,0.03900850180514226
2020-09-23,7082.876408985862,699.4666761823976,710.0161417893265,-0.0010854102320081438,-0.047894609355807916,0.04572378889236006
2020-09-24,7082.875239162226,699.423214251085,710.0572640733672,-0.0011698236367010395,-0.043461931312549495,0.041122284040625345
2020-09-25,7082.874117531779,699.3793193880091,710.0989156755505,-0.0011216304465051508,-0.043894863075934154,0.0416516021833786
2020-09-26,7082.872851086349,699.3320145659989,710.1436876066988,-0.0012664454297919292,-0.04730482201023278,0.0447719311482615
2020-09-27,7082.871647717569,699.2950799008189,710.1782155343204,-0.0012033687798975734,-0.03693466517995603,0.03452792762163881
2020-09-28,7082.8701094323405,699.2506941027596,710.2195247619201,-0.0015382852288894355,-0.044385798059352055,0.04130922759964051
2020-09-29,7082.868518300605,699.207113915955,710.2599226852544,-0.0015911317359496024,-0.04358018680454734,0.040397923334353436
2020-09-30,7082.8673390616295,699.1643029012919,710.3003752219665,-0.0011792389750553411,-0.042811014663129754,0.04045253671210958
2020-10-01,7082.866061191087,699.1221233213329,710.3399990608411,-0.0012778705422533676,-0.04217957995899724,0.03962383887460419
2020-10-02,7082.864806092851,699.0816768101702,710.37793537553,-0.0012550982364700758,-0.04044651116271325,0.037936314688863604
2020-10-03,7082.863612879113,699.0465289036886,710.4106968545374,-0.0011932137376788887,-0.0351479064815976,0.03276147900737669
2020-10-04,7082.862508312724,699.0085669599905,710.4464496654559,-0.0011045663895856705,-0.037961943698064715,0.035752810918552314
2020-10-05,7082.861486872757,698.9699840974423,710.4829896480703,-0.0010214399662800133,-0.03858286254819632,0.036539982614385735
2020-10-06,7082.860316935907,698.9274062080297,710.523227663784,-0.0011699368506015162,-0.04257788941265517,0.04023801571372587
2020-10-07,7082.859189122953,698.8918800980255,710.556498147879,-0.001127812954109686,-0.035526110004184375,0.03327048409494182
2020-10-08,7082.858043196272,698.8562303387487,710.5898560537945,-0.0011459266806923551,-0.0356497592767937,0.03335790591552268
2020-10-09,7082.856976382215,698.8299862957315,710.6139664686984,-0.0010668140566849615,-0.026244043017186414,0.024110414903930177
2020-10-10,7082.8558030030545,698.7910145453037,710.6505914608033,-0.0011733791607184685,-0.0389717504277769,0.03662499210486203
2020-10-11,7082.854661388725,698.7599752639958,710.679347513454,-0.0011416143297537928,-0.031039281307926103,0.028756052650692254
2020-10-12,7082.853362585869,698.7309245338344,710.7058006379025,-0.0012988028556719655,-0.029050730161429783,0.026453124448494236
2020-10-13,7082.852272072474,698.7136261792564,710.7209179656905,-0.0010905133949563606,-0.01729835457797435,0.01511732778806163
2020-10-14,7082.851185278864,698.690433847904,710.7419367098253,-0.0010867936098293285,-0.023192331352333895,0.0210187441347216
2020-10-15,7082.850031764013,698.6697960411573,710.760267486869,-0.0011535148514667526,-0.020637806746776732,0.01833077704372954
2020-10-16,7082.848993818942,698.6488266867906,710.7791609510937,-0.0010379450704931514,-0.020969354366684456,0.018893464224674972
2020-10-17,7082.84789236892,698.6251050812131,710.8006796566257,-0.0011014500223609502,-0.023721605577520677,0.02151870553200297
2020-10-18,7082.846819499094,698.6168206110477,710.8068183871393,-0.0010728698262028047,-0.008284470165335733,0.006138730513612245
2020-10-19,7082.845576727896,698.6033984084044,710.8177550473849,-0.0012427711981217726,-0.013422202643369019,0.010936660245647545
2020-10-20,7082.844418815164,698.5924015228412,710.8264361074872,-0.0011579127312870696,-0.010996885563145042,0.008681060102276206
2020-10-21,7082.8431910903755,698.5788137631331,710.8375684176159,-0.0012277247888050624,-0.01358775970811621,0.011132310128687095
2020-10-22,7082.841886508364,698.572229063913,710.841543952814,-0.0013045820114712114,-0.0065846992200704335,0.003975535198151192
2020-10-23,7082.840607044431,698.5661125723192,710.845101516541,-0.001279463933315128,-0.0061164915938434206,0.0035575637269857907
2020-10-24,7082.8392358339925,698.5610801385877,710.8473915293961,-0.001371210438264825,-0.005032433731457786,0.002290012855041823
2020-10-25,7082.837812930034,698.5597583615997,710.8458674984674,-0.0014229039588826708,-0.001321776987992962,-0.0015240309286355114
2020-10-26,7082.836582811438,698.5562674142529,710.8468982086233,-0.0012301185952310334,-0.0034909473467905627,0.0010307101558737486
2020-10-27,7082.835188729791,698.5600485745335,710.8403288850488,-0.001394081647049461,0.003781160280595941,-0.006569323574467489
2020-10-28,7082.833844999679,698.5656395993426,710.8320504000155,-0.0013437301122394274,0.005591024809064038,-0.008278485033315519
2020-10-29,7082.832408594954,698.5731348887765,710.8216823011318,-0.001436404724699969,0.007495289433904873,-0.010368098883759558
2020-10-30,7082.830749665261,698.5794227241178,710.8120766064042,-0.0016589296938036568,0.006287835341254322,-0.00960569472761108
2020-10-31,7082.829350639977,698.5876194269141,710.8010818530396,-0.0013990252837174921,0.008196702796340105,-0.010994753364570897
2020-11-01,7082.827872031074,698.595742197183,710.7900018649652,-0.0014786089031986194,0.008122770268869317,-0.011079988074357061
2020-11-02,7082.826131685903,698.6052365781624,710.7770267936444,-0.0017403451702193706,0.009494380979390371,-0.012975071320852294
2020-11-03,7082.824657129862,698.6158429326842,710.7634713270405,-0.0014745560411029146,0.010606354521883077,-0.013555466603861532
2020-11-04,7082.823379724293,698.6317179159316,710.7450415326537,-0.001277405569453549,0.0158749832473859,-0.01842979438686143
2020-11-05,7082.822159433359,698.6489765176605,710.7253423490582,-0.0012202909338157042,0.01725860172882676,-0.019699183595434988
2020-11-06,7082.820727763788,698.6678085033193,710.7036470242567,-0.0014316695705929305,0.018831985658835038,-0.021695324801498828
2020-11-07,7082.81908138191,698.6872511570771,710.6809116067425,-0.0016463818783449824,0.019442653757778317,-0.022735417514240908
2020-11-08,7082.817696159343,698.7114270414797,710.653965277206,-0.0013852225674781948,0.02417588440266627,-0.02694632953648579
2020-11-09,7082.816200287331,698.7379436897012,710.6244568849609,-0.001495872011219035,0.026516648221445394,-0.02950839224513402
2020-11-10,7082.814704415319,698.7644603379227,710.5949484927156,-0.0014958720121285296,0.02651664822155908,-0.029508392245247705
2020-11-11,7082.813208543308,698.7909769861442,710.5654401004704,-0.001495872011219035,0.026516648221445394,-0.029508392245247705
2020-11-12,7082.811740165662,698.8173109902422,710.5361693410805,-0.0014683776462334208,0.026334004097975594,-0.029270759389874
2020-11-13,7082.810183124533,698.8416234380508,710.5087428110152,-0.0015570411287626484,0.024312447808597426,-0.027426530065326915
2020-11-14,7082.808613511139,698.8738540484237,710.4733729738539,-0.0015696133941673907,0.03223061037294883,-0.03536983716128361
2020-11-15,7082.807198236145,698.9107848170144,710.4336116552768,-0.00141527499363292,0.03693076859065059,-0.03976131857712062
2020-11-16,7082.805933900092,698.9407984321517,710.401069368032,-0.0012643360532820225,0.03001361513736356,-0.03254228724472341
2020-11-17,7082.804460552014,698.9728798981893,710.3660412058373,-0.0014733480784343556,0.03208146603753903,-0.0350281621947488
2020-11-18,7082.802819015546,699.0076528989889,710.3279851321028,-0.0016415364671047428,0.03477300079964607,-0.038056073734537677
2020-11-19,7082.801308413695,699.0472756967964,710.2853411305931,-0.0015106018518054043,0.039622797807510324,-0.0426440015096432
2020-11-20,7082.799934478631,699.0849520392986,710.2449169179636,-0.001373935063384124,0.03767634250220908,-0.040424212629545764
2020-11-21,7082.798412866233,699.116031472318,710.2107942601468,-0.0015216123983918806,0.03107943301938576,-0.034122657816737956
2020-11-22,7082.796832772791,699.1573993693492,710.166266176233,-0.0015800934415892698,0.041367897031136636,-0.04452808391386043
2020-11-23,7082.795074696327,699.1970321060688,710.1231172865834,-0.001758076464284386,0.039632736719681816,-0.04314888964961483
2020-11-24,7082.793264256172,699.2278104126638,710.0887180996807,-0.0018104401551681804,0.030778306594925198,-0.03439918690264676
2020-11-25,7082.79154712555,699.2627147441455,710.0503795069556,-0.001717130621727847,0.034904331481698136,-0.03833859272515383
2020-11-26,7082.78938234518,699.3052583265003,710.0035063638586,-0.002164780370549124,0.04254358235482414,-0.04687314309694557
2020-11-27,7082.787130522265,699.3438542543964,709.9604067901342,-0.0022518229143315693,0.038595927896153626,-0.04309957372436202
2020-11-28,7082.784998494279,699.3792893400557,709.9207076485014,-0.0021320279865904013,0.035435085659287324,-0.03969914163280919
2020-11-29,7082.7829529295495,699.4163480745639,709.8795577845359,-0.0020455647290873458,0.03705873450815034,-0.04114986396552922
2020-11-30,7082.780670534759,699.4587759043545,709.8325651651619,-0.00228239479019976,0.04242782979065396,-0.04699261937400934
2020-12-01,7082.778418810662,699.4991942328595,709.787643388464,-0.0022517240977322217,0.04041832850498395,-0.04492177669794728
2020-12-02,7082.7759184615115,699.5438262739962,709.7380106490272,-0.0025003491500683594,0.044632041136651424,-0.04963273943678814
2020-12-03,7082.774038690821,699.5813348645017,709.6967425171404,-0.0018797706907207612,0.037508590505581196,-0.041268131886795345
2020-12-04,7082.772146773367,699.6165628744005,709.6577306723335,-0.0018919174535767525,0.035228009898787604,-0.039011844806850604
2020-12-05,7082.770077481127,699.6550429774263,709.6151119848282,-0.002069292239866627,0.03848010302579041,-0.04261868750529629
2020-12-06,7082.767853252464,699.692604605367,709.5731018995612,-0.0022242286631808383,0.037561627940704057,-0.04201008526706573
2020-12-07,7082.766268932165,699.7265064371751,709.5360314271536,-0.0015843202991163707,0.03390183180806616,-0.03707047240754946
2020-12-08,7082.764604027812,699.7599575344817,709.4992505211428,-0.0016649043527650065,0.03345109730662443,-0.036780906010790204
2020-12-09,7082.762580683331,699.7867202721046,709.4684410945572,-0.002023344481131062,0.026762737622902932,-0.030809426585619804
2020-12-10,7082.76043739474,699.8144783324693,709.4363964570096,-0.0021432885914691724,0.02775806036470385,-0.032044637547642196
